i,rot,t,x,z
73,-0.9999997615814209,0.0,9741.0029296875,872.1499633789062
98,-0.9999997615814209,0.0,9741.0029296875,872.1499633789062
103,-0.9999997615814209,0.0,9741.0029296875,872.1499633789062
106,1.0000003576278687,0.0,9741.0029296875,872.1499633789062
107,1.0000003576278687,0.0,9741.0029296875,872.1499633789062
109,0.9999997615814209,0.0,9741.0029296875,872.1499633789062
110,1.0000003576278687,0.0,9741.0029296875,872.1499633789062
111,1.0000003576278687,0.0,9741.0029296875,872.1499633789062
112,1.0000003576278687,0.0,9741.0029296875,872.1499633789062
113,-1.0000003576278687,0.0,9741.0029296875,872.1499633789062
114,-1.0000003576278687,0.0,9741.0029296875,872.1499633789062
115,-0.7071068286895752,0.0,9715.0771484375,872.1499633789062
116,-3.5762795391747204e-07,0.0,9666.470703125,872.1499633789062
117,-7.152559078349441e-07,0.0,9614.1044921875,872.1499633789062
118,1.7881397695873602e-07,0.0,9624.6748046875,872.1499633789062
119,-5.96046660916727e-08,0.0,9685.4287109375,872.1499633789062
120,1.7881397695873602e-07,0.0,9747.4443359375,872.1499633789062
121,1.7881397695873602e-07,0.0,9810.4892578125,872.1499633789062
122,1.7881397695873602e-07,0.0,9870.75,872.1499633789062
123,4.203895392974451e-45,0.0,9896.552734375,872.1499633789062
124,5.96046660916727e-08,0.0,9862.1572265625,872.1499633789062
126,-1.7881397695873602e-07,0.0,9801.1416015625,872.1499633789062
127,-0.7071067094802856,0.0,9748.455078125,872.1499633789062
128,-0.7071067094802856,0.0,9704.3857421875,872.1499633789062
129,-0.7071067094802856,0.0,9661.0869140625,872.1499633789062
130,-1.0000003576278687,0.0,9622.216796875,872.1499633789062
131,-0.7071067094802856,0.0,9664.6337890625,872.1499633789062
132,1.7881397695873602e-07,0.0,9712.6484375,872.1499633789062
133,1.7881397695873602e-07,0.0,9773.6484375,872.1499633789062
134,1.7881397695873602e-07,0.0,9835.1474609375,872.1499633789062
135,1.7881397695873602e-07,0.0,9895.8349609375,872.1499633789062
136,4.203895392974451e-45,0.0,9901.7353515625,872.1499633789062
137,5.96046660916727e-08,0.0,9847.53125,872.1499633789062
138,0.7071067094802856,0.0,9795.751953125,872.1499633789062
139,0.9999997615814209,0.0,9788.6103515625,872.1499633789062
140,1.0000003576278687,0.0,9788.6103515625,872.1499633789062
144,-0.7071065902709961,0.0,9782.498046875,872.1499633789062
145,-3.5762795391747204e-07,0.0,9738.4951171875,872.1499633789062
146,-1.7881397695873602e-07,0.0,9677.5341796875,872.1499633789062
147,-1.7881397695873602e-07,0.0,9614.712890625,872.1499633789062
148,-9.536746574667632e-07,0.0,9584.1220703125,872.1499633789062
149,3.5762795391747204e-07,0.0,9613.9638671875,872.1499633789062
150,3.5762795391747204e-07,0.0,9675.6748046875,872.1499633789062
151,1.7881397695873602e-07,0.0,9736.0849609375,872.1499633789062
152,-1.0000003576278687,0.0,9779.380859375,872.1499633789062
153,-0.9999997615814209,0.0,9779.400390625,872.1499633789062
154,-1.0000003576278687,0.0,9779.400390625,872.1499633789062
155,-1.0000003576278687,0.0,9779.400390625,872.1499633789062
156,-1.0000003576278687,0.0,9779.400390625,872.1499633789062
157,-1.0000003576278687,0.0,9779.400390625,872.1499633789062
159,-1.0000003576278687,0.0,9779.400390625,872.1499633789062
162,-1.0000003576278687,0.0,9779.400390625,872.1499633789062
163,-1.0000003576278687,0.0,9779.400390625,872.1499633789062
164,-1.0000003576278687,0.0,9779.400390625,872.1499633789062
165,-0.9999997615814209,0.0,9779.400390625,872.1499633789062
166,1.0000003576278687,0.0,9779.400390625,872.1499633789062
167,0.9999997615814209,0.0,9779.400390625,872.1499633789062
170,1.0000003576278687,0.0,9779.400390625,872.1499633789062
171,1.0000003576278687,0.0,9779.400390625,872.1499633789062
173,1.0000003576278687,0.0,9779.400390625,872.1499633789062
174,1.0000003576278687,0.0,9779.400390625,872.1499633789062
175,1.0000003576278687,0.0,9779.400390625,872.1499633789062
176,0.7071065902709961,0.0,9797.86328125,872.1499633789062
177,0.7071069478988647,0.0,9840.6435546875,872.1499633789062
178,3.5762795391747204e-07,0.0,9889.2275390625,872.1499633789062
180,1.7881397695873602e-07,0.0,9950.83984375,872.1499633789062
181,1.7881397695873602e-07,0.0,10013.6279296875,872.1499633789062
182,1.7881397695873602e-07,0.0,10076.6181640625,872.1499633789062
183,1.7893111703415343e-07,0.0,10079.5625,872.1499633789062
184,-0.7071065902709961,0.0,10032.474609375,872.1499633789062
185,-0.7071068286895752,0.0,9988.1591796875,872.1499633789062
186,-0.7071068286895752,0.0,9945.1435546875,872.1499633789062
187,-0.7071068286895752,0.0,9902.55078125,872.1499633789062
188,-0.7071068286895752,0.0,9858.2578125,872.1499633789062
189,-0.7071068286895752,0.0,9815.5869140625,872.1499633789062
192,-1.0000003576278687,0.0,9793.7626953125,872.1499633789062
193,3.5762795391747204e-07,0.0,9848.0654296875,872.1499633789062
194,1.7881397695873602e-07,0.0,9908.0693359375,872.1499633789062
195,5.326319296727888e-07,0.0,9923.0634765625,872.1499633789062
196,-3.5762795391747204e-07,0.0,9875.775390625,872.1499633789062
197,-3.5762795391747204e-07,0.0,9815.7578125,872.1499633789062
198,-3.5762795391747204e-07,0.0,9755.7578125,872.1499633789062
200,0.9999997615814209,0.0,9707.9716796875,872.1499633789062
201,0.7071068286895752,0.0,9715.7314453125,872.1499633789062
202,1.7881397695873602e-07,0.0,9769.611328125,872.1499633789062
203,1.7881397695873602e-07,0.0,9832.4951171875,872.1499633789062
204,1.7881397695873602e-07,0.0,9892.54296875,872.1499633789062
205,1.7881397695873602e-07,0.0,9955.515625,872.1499633789062
206,3.5786223406830686e-07,0.0,9955.515625,872.1499633789062
207,-3.5762795391747204e-07,0.0,9892.2314453125,872.1499633789062
208,-0.7071068286895752,0.0,9840.240234375,872.1499633789062
211,-0.7071067094802856,0.0,9821.44921875,872.1499633789062
212,-0.707106351852417,0.0,9863.9033203125,872.1499633789062
213,-0.707106351852417,0.0,9906.3583984375,872.1499633789062
214,-0.16944946348667145,0.0,9937.4638671875,872.1499633789062
218,-0.7071069478988647,0.0,9918.3720703125,872.1499633789062
220,-0.7071069478988647,0.0,9872.8505859375,872.1499633789062
221,-0.6563416123390198,0.0,9840.8974609375,872.1499633789062
222,-5.96046660916727e-08,0.0,9851.03125,872.1499633789062
223,-0.9888958930969238,0.0,9857.31640625,872.1499633789062
230,-0.9967090487480164,0.0,9858.8037109375,872.1499633789062
231,0.9999997615814209,0.0,9890.5048828125,872.1499633789062
234,0.7071067094802856,0.0,9857.3271484375,872.1499633789062
235,0.7071070075035095,0.0,9813.7119140625,872.1499633789062
237,0.7071065902709961,0.0,9791.791015625,872.1499633789062
238,1.0000003576278687,0.0,9810.4580078125,872.1499633789062
239,1.0000003576278687,0.0,9810.4580078125,872.1499633789062
240,-5.96046660916727e-08,0.0,9819.2802734375,872.1499633789062
241,-0.7071067094802856,0.0,9873.775390625,872.1499633789062
242,-0.707106351852417,0.0,9917.91796875,872.1499633789062
245,-0.9999997615814209,0.0,9936.7939453125,872.1499633789062
246,-1.0000003576278687,0.0,9936.7939453125,872.1499633789062
247,-1.0000003576278687,0.0,9936.7939453125,872.1499633789062
248,-0.9999997615814209,0.0,9938.7822265625,872.1499633789062
250,-3.5762795391747204e-07,0.0,9898.3486328125,872.1499633789062
255,-9.536746574667632e-07,0.0,9853.173828125,872.1499633789062
256,-0.9999997615814209,0.0,9853.173828125,872.1499633789062
257,-0.7753989696502686,0.0,9847.9794921875,872.1499633789062
259,-5.96046660916727e-08,0.0,9872.3330078125,872.1499633789062
260,1.7881397695873602e-07,0.0,9928.833984375,872.1499633789062
261,5.326319296727888e-07,0.0,9952.9228515625,872.1499633789062
262,-1.7881397695873602e-07,0.0,9916.9912109375,872.1499633789062
263,0.9935199618339539,0.0,9880.52734375,872.1499633789062
264,-5.96046660916727e-08,0.0,9905.8779296875,872.1499633789062
265,0.39096736907958984,0.0,9935.66015625,872.1499633789062
279,1.0000003576278687,0.0,9935.66015625,872.1499633789062
280,1.0000003576278687,0.0,9935.66015625,872.1499633789062
281,1.0000003576278687,0.0,9935.66015625,872.1499633789062
282,1.0000003576278687,0.0,9935.66015625,872.1499633789062
283,1.0000003576278687,0.0,9935.66015625,872.1499633789062
284,-3.5762795391747204e-07,0.0,9932.1767578125,872.1499633789062
285,-0.7071070671081543,0.0,9875.8173828125,872.1499633789062
286,-0.7071068286895752,0.0,9833.134765625,872.1499633789062
287,-0.7071068286895752,0.0,9788.966796875,872.1499633789062
288,-0.7071068286895752,0.0,9745.8818359375,872.1499633789062
289,-1.0000003576278687,0.0,9734.3671875,872.1499633789062
290,3.5762795391747204e-07,0.0,9745.80859375,872.1499633789062
291,1.7881397695873602e-07,0.0,9808.14453125,872.1499633789062
292,1.7881397695873602e-07,0.0,9869.11328125,872.1499633789062
293,4.203895392974451e-45,0.0,9872.060546875,872.1499633789062
294,0.7071070075035095,0.0,9812.548828125,872.1499633789062
295,0.7071061134338379,0.0,9767.47265625,872.1499633789062
296,0.707106351852417,0.0,9725.025390625,872.1499633789062
297,-1.7881397695873602e-07,0.0,9675.171875,872.1499633789062
298,0.28270772099494934,0.0,9672.2578125,872.1499633789062
299,6.556512630595535e-07,0.0,9732.2060546875,872.1499633789062
300,-0.7071067094802856,0.0,9786.0322265625,872.1499633789062
301,-0.707106351852417,0.0,9828.5185546875,872.1499633789062
302,-0.9999997615814209,0.0,9844.2021484375,872.1499633789062
303,-3.5762795391747204e-07,0.0,9841.16796875,872.1499633789062
304,-3.5762795391747204e-07,0.0,9781.1015625,872.1499633789062
305,-3.5762795391747204e-07,0.0,9718.1904296875,872.1499633789062
306,-7.152559078349441e-07,0.0,9706.171875,872.1499633789062
307,1.7881397695873602e-07,0.0,9754.1845703125,872.1499633789062
308,1.0000003576278687,0.0,9803.6337890625,872.1499633789062
309,0.5962423086166382,0.0,9803.640625,872.1499633789062
337,0.9999997615814209,0.0,9803.640625,872.1499633789062
338,1.0000003576278687,0.0,9803.640625,872.1499633789062
339,1.0000003576278687,0.0,9803.640625,872.1499633789062
340,1.0000003576278687,0.0,9803.640625,872.1499633789062
341,3.5762795391747204e-07,0.0,9838.052734375,872.1499633789062
342,-1.0000003576278687,0.0,9875.830078125,872.1499633789062
343,-3.5762795391747204e-07,0.0,9837.56640625,872.1499633789062
344,-0.7655669450759888,0.0,9831.693359375,872.1499633789062
352,0.7071065902709961,0.0,9871.8046875,872.1499633789062
353,4.203895392974451e-45,0.0,9912.0361328125,872.1499633789062
354,1.0000003576278687,0.0,9912.0361328125,872.1499633789062
355,0.9999997615814209,0.0,9912.0361328125,872.1499633789062
356,0.9999997615814209,0.0,9912.0361328125,872.1499633789062
357,0.9999997615814209,0.0,9912.0361328125,872.1499633789062
358,0.7071070075035095,0.0,9902.9677734375,872.1499633789062
359,0.7071070075035095,0.0,9860.04296875,872.1499633789062
360,0.7071070075035095,0.0,9817.484375,872.1499633789062
361,-1.7881397695873602e-07,0.0,9765.134765625,872.1499633789062
362,-0.7071065902709961,0.0,9707.4638671875,872.1499633789062
364,-0.7071067094802856,0.0,9693.7314453125,872.1499633789062
365,-0.707106351852417,0.0,9737.88671875,872.1499633789062
366,-0.707106351852417,0.0,9781.0595703125,872.1499633789062
367,-0.707106351852417,0.0,9824.6376953125,872.1499633789062
368,-0.707106351852417,0.0,9867.3154296875,872.1499633789062
369,-0.707106351852417,0.0,9911.6494140625,872.1499633789062
370,-0.707106351852417,0.0,9955.9912109375,872.1499633789062
371,-0.707106351852417,0.0,9998.654296875,872.1499633789062
372,1.7881397695873602e-07,0.0,10055.076171875,872.1499633789062
373,0.7071068286895752,0.0,10110.47265625,872.1499633789062
374,1.0000003576278687,0.0,10128.220703125,872.1499633789062
375,1.0000003576278687,0.0,10128.220703125,872.1499633789062
376,0.7071067094802856,0.0,10122.5244140625,872.1499633789062
377,0.707106351852417,0.0,10078.1953125,872.1499633789062
378,-3.5762795391747204e-07,0.0,10028.77734375,872.1499633789062
379,-3.5762795391747204e-07,0.0,9966.068359375,872.1499633789062
381,-0.7071068286895752,0.0,9906.1689453125,872.1499633789062
382,-0.7071068286895752,0.0,9863.576171875,872.1499633789062
383,-0.7071068286895752,0.0,9819.990234375,872.1499633789062
384,-0.7071068286895752,0.0,9776.380859375,872.1499633789062
385,-0.7071067094802856,0.0,9757.1220703125,872.1499633789062
386,-0.707106351852417,0.0,9801.2958984375,872.1499633789062
387,-1.0000003576278687,0.0,9842.1962890625,872.1499633789062
388,-0.7071069478988647,0.0,9834.4677734375,872.1499633789062
389,-3.5762795391747204e-07,0.0,9788.4453125,872.1499633789062
390,-3.5762795391747204e-07,0.0,9725.736328125,872.1499633789062
391,-0.7071067094802856,0.0,9679.02734375,872.1499633789062
392,-0.707106351852417,0.0,9671.1904296875,872.1499633789062
393,-0.707106351852417,0.0,9715.5244140625,872.1499633789062
394,-1.0000003576278687,0.0,9754.3642578125,872.1499633789062
395,-1.0000003576278687,0.0,9754.3857421875,872.1499633789062
396,-0.7071065902709961,0.0,9740.0361328125,872.1499633789062
397,-0.7071067094802856,0.0,9696.9912109375,872.1499633789062
398,-0.9999997615814209,0.0,9668.6904296875,872.1499633789062
399,-0.707106351852417,0.0,9699.7099609375,872.1499633789062
400,-0.707106351852417,0.0,9744.0439453125,887.6687622070312
401,-1.0000003576278687,0.0,9744.9013671875,893.2731323242188
402,-1.0000003576278687,0.0,9744.9013671875,872.1499633789062
403,-0.7071068286895752,0.0,9739.205078125,872.1499633789062
404,-0.7071067094802856,0.0,9694.8759765625,872.1499633789062
405,-1.0000003576278687,0.0,9660.244140625,872.1499633789062
406,-1.0000003576278687,0.0,9660.2451171875,872.1499633789062
407,-1.0000003576278687,0.0,9660.2451171875,872.1499633789062
408,-1.0000003576278687,0.0,9660.2451171875,872.1499633789062
409,-1.0000003576278687,0.0,9660.2451171875,872.1499633789062
410,-1.0000003576278687,0.0,9660.2451171875,880.597412109375
411,-1.0000003576278687,0.0,9660.2451171875,880.597412109375
412,-0.7071070075035095,0.0,9680.7041015625,876.6155395507812
413,-0.707106351852417,0.0,9725.1005859375,872.1599731445312
414,1.7881397695873602e-07,0.0,9781.61328125,872.1599731445312
415,1.7881397695873602e-07,0.0,9842.5673828125,872.1599731445312
416,4.203895392974451e-45,0.0,9851.9267578125,872.1599731445312
417,5.96046660916727e-08,0.0,9801.1630859375,872.1599731445312
418,0.707106351852417,0.0,9740.451171875,872.1599731445312
419,0.7071070075035095,0.0,9696.095703125,872.1599731445312
420,1.0000003576278687,0.0,9671.9267578125,880.8463745117188
421,0.7071065902709961,0.0,9698.8974609375,880.8463745117188
422,0.7071065902709961,0.0,9743.2900390625,880.8463745117188
423,0.9999997615814209,0.0,9765.2607421875,872.1499633789062
424,1.0000003576278687,0.0,9765.2607421875,872.1499633789062
425,0.7071070075035095,0.0,9736.3466796875,872.1499633789062
426,1.0000003576278687,0.0,9697.5,872.1499633789062
427,1.0000003576278687,0.0,9697.486328125,872.1499633789062
428,1.0000003576278687,0.0,9697.486328125,872.1499633789062
429,1.0000003576278687,0.0,9697.486328125,872.1499633789062
430,1.0000003576278687,0.0,9697.486328125,889.4451293945312
431,1.0000003576278687,0.0,9697.486328125,893.2977905273438
432,0.7071069478988647,0.0,9717.98828125,872.1499633789062
433,-5.96046660916727e-08,0.0,9768.5087890625,872.1499633789062
434,1.7881397695873602e-07,0.0,9831.251953125,872.1499633789062
435,0.7071068286895752,0.0,9877.9375,875.4796752929688
436,1.0000003576278687,0.0,9914.6904296875,872.3516845703125
437,0.9999997615814209,0.0,9913.9521484375,872.3516845703125
438,0.9999997615814209,0.0,9911.2041015625,872.3516845703125
439,0.707106351852417,0.0,9861.9541015625,872.3516845703125
440,1.0000003576278687,0.0,9827.677734375,872.3516845703125
441,1.0000003576278687,0.0,9821.1318359375,872.3516845703125
442,1.0000003576278687,0.0,9821.1318359375,872.3516845703125
443,1.0000003576278687,0.0,9821.1318359375,872.3516845703125
444,1.0000003576278687,0.0,9821.1318359375,872.3516845703125
445,1.0000003576278687,0.0,9821.1318359375,872.3516845703125
446,-1.0000003576278687,0.0,9821.1318359375,872.3516845703125
447,-1.0000003576278687,0.0,9821.1318359375,872.3516845703125
448,-1.0000003576278687,0.0,9821.1318359375,872.3516845703125
449,-1.0000003576278687,0.0,9821.1318359375,872.3516845703125
450,-1.0000003576278687,0.0,9821.1318359375,872.3516845703125
451,-0.7071067094802856,0.0,9790.1123046875,872.3516845703125
452,-0.7071067094802856,0.0,9745.771484375,872.3516845703125
453,-0.7071067094802856,0.0,9701.42578125,872.3516845703125
454,-1.0000003576278687,0.0,9683.681640625,872.3516845703125
455,-0.707106351852417,0.0,9725.3134765625,872.3516845703125
456,-0.9999997615814209,0.0,9743.095703125,893.2767944335938
457,-0.9999997615814209,0.0,9743.095703125,890.8896484375
458,-0.7071069478988647,0.0,9733.189453125,872.1500244140625
459,-0.7071067094802856,0.0,9688.84765625,872.1500244140625
460,-1.0000003576278687,0.0,9681.66015625,872.1500244140625
461,-0.707106351852417,0.0,9721.125,872.1500244140625
462,-1.0000003576278687,0.0,9756.39453125,872.1500244140625
463,-1.0000003576278687,0.0,9756.4052734375,872.1500244140625
464,-0.707106351852417,0.0,9785.3095703125,872.1500244140625
465,1.7881397695873602e-07,0.0,9844.455078125,872.1500244140625
466,4.203895392974451e-45,0.0,9850.427734375,872.1500244140625
467,-3.5762795391747204e-07,0.0,9793.4736328125,872.1500244140625
468,-3.5762795391747204e-07,0.0,9732.931640625,872.1500244140625
469,-3.5762795391747204e-07,0.0,9670.21484375,872.1500244140625
470,-3.5762795391747204e-07,0.0,9607.310546875,872.1500244140625
471,-3.5762795391747204e-07,0.0,9544.4619140625,872.1500244140625
472,-3.5762795391747204e-07,0.0,9484.419921875,872.1500244140625
473,-3.5762795391747204e-07,0.0,9424.400390625,872.1500244140625
474,-3.5762795391747204e-07,0.0,9364.35546875,872.1500244140625
475,-3.5762795391747204e-07,0.0,9301.49609375,872.1500244140625
476,-3.5762795391747204e-07,0.0,9238.6865234375,872.1500244140625
477,-3.5762795391747204e-07,0.0,9178.3515625,872.1500244140625
478,-7.152559078349441e-07,0.0,9145.5068359375,872.1500244140625
482,3.5762795391747204e-07,0.0,9175.3701171875,872.1500244140625
483,3.5762795391747204e-07,0.0,9238.0791015625,872.1500244140625
484,-0.7500990629196167,0.0,9244.0517578125,872.1500244140625
485,1.7881397695873602e-07,0.0,9300.205078125,872.1500244140625
486,1.7881397695873602e-07,0.0,9360.29296875,872.1500244140625
487,4.203895392974451e-45,0.0,9384.18359375,872.1500244140625
488,5.96046660916727e-08,0.0,9345.365234375,872.1500244140625
489,-1.7881397695873602e-07,0.0,9282.6484375,872.1500244140625
490,-3.5762795391747204e-07,0.0,9219.939453125,872.1500244140625
491,-7.152559078349441e-07,0.0,9207.994140625,872.1500244140625
498,-7.152559078349441e-07,0.0,9207.994140625,872.1500244140625
499,0.7304524183273315,0.0,9207.994140625,872.1500244140625
500,1.0000003576278687,0.0,9207.994140625,872.1500244140625
501,1.0000003576278687,0.0,9207.994140625,872.1500244140625
502,1.0000003576278687,0.0,9207.994140625,872.1500244140625
503,1.0000003576278687,0.0,9207.994140625,872.1500244140625
504,1.7881397695873602e-07,0.0,9231.884765625,872.1500244140625
505,1.7881397695873602e-07,0.0,9294.59375,872.1500244140625
506,3.5786223406830686e-07,0.0,9312.51171875,872.1500244140625
507,-1.0000003576278687,0.0,9312.51171875,872.1500244140625
509,-0.7071067094802856,0.0,9285.7099609375,872.1500244140625
510,-0.7071067094802856,0.0,9241.3583984375,872.1500244140625
511,-0.7071067094802856,0.0,9197.0166015625,872.1500244140625
512,-0.7071067094802856,0.0,9152.6552734375,872.1500244140625
513,-0.7071067094802856,0.0,9109.9208984375,872.1500244140625
514,1.7881397695873602e-07,0.0,9064.7724609375,880.8414916992188
515,-3.5762795391747204e-07,0.0,9002.05859375,880.8414916992188
516,-1.7881397695873602e-07,0.0,8943.896484375,880.8414916992188
517,-3.5762795391747204e-07,0.0,8886.81640625,880.8414916992188
532,-3.5762795391747204e-07,0.0,8826.7626953125,880.8414916992188
533,-3.5762795391747204e-07,0.0,8766.5234375,880.8414916992188
536,-3.5762795391747204e-07,0.0,8703.814453125,880.8414916992188
537,-3.5762795391747204e-07,0.0,8643.447265625,880.8414916992188
538,0.707106351852417,0.0,8591.3818359375,872.1893920898438
540,0.707106351852417,0.0,8547.0419921875,872.1893920898438
542,0.707106351852417,0.0,8502.689453125,872.1893920898438
545,1.0000003576278687,0.0,8491.2041015625,872.1893920898438
546,1.0000003576278687,0.0,8491.2041015625,872.1893920898438
547,-3.5762795391747204e-07,0.0,8464.3310546875,872.1893920898438
548,-0.7071068286895752,0.0,8407.1796875,872.1893920898438
549,-0.7071067094802856,0.0,8363.8056640625,872.1893920898438
550,-0.7071067094802856,0.0,8319.2939453125,872.1893920898438
551,-0.7071067094802856,0.0,8274.953125,872.1893920898438
552,-1.7881397695873602e-07,0.0,8224.5341796875,872.1893920898438
553,-7.152559078349441e-07,0.0,8173.76513671875,872.1893920898438
554,-3.5762795391747204e-07,0.0,8161.8125,872.1893920898438
555,-7.152559078349441e-07,0.0,8102.0859375,872.1893920898438
556,-3.5762795391747204e-07,0.0,8099.099609375,872.1893920898438
557,-3.5762795391747204e-07,0.0,8036.38525390625,872.1893920898438
558,-3.5762795391747204e-07,0.0,7973.67236328125,872.1893920898438
559,-7.152559078349441e-07,0.0,7973.67236328125,872.1893920898438
560,-3.5762795391747204e-07,0.0,7910.95947265625,872.1893920898438
561,-3.5762795391747204e-07,0.0,7850.8935546875,872.1893920898438
562,-3.5762795391747204e-07,0.0,7789.5,872.1893920898438
563,-7.152559078349441e-07,0.0,7789.5,872.1893920898438
564,-3.5762795391747204e-07,0.0,7728.5263671875,872.1893920898438
568,-3.5762795391747204e-07,0.0,7665.5029296875,872.1893920898438
569,-3.5762795391747204e-07,0.0,7605.224609375,873.8029174804688
570,-3.5762795391747204e-07,0.0,7542.39990234375,873.8029174804688
571,-3.5762795391747204e-07,0.0,7482.09130859375,873.8029174804688
572,-0.7071069478988647,0.0,7423.11083984375,873.8029174804688
573,-0.7071067094802856,0.0,7380.12890625,873.8029174804688
574,-0.7071067094802856,0.0,7336.9130859375,873.8029174804688
575,-0.48591911792755127,0.0,7299.53076171875,873.8029174804688
576,-0.9999997615814209,0.0,7299.53076171875,873.8029174804688
577,3.5762795391747204e-07,0.0,7337.84326171875,873.8029174804688
578,1.7881397695873602e-07,0.0,7398.29736328125,873.8029174804688
579,0.7071069478988647,0.0,7451.51220703125,873.8029174804688
580,3.5762795391747204e-07,0.0,7498.82470703125,873.8029174804688
581,1.7881397695873602e-07,0.0,7559.09033203125,880.6770629882812
582,1.7881397695873602e-07,0.0,7621.80322265625,880.6770629882812
583,1.7881397695873602e-07,0.0,7684.72021484375,880.6770629882812
586,1.7881397695873602e-07,0.0,7747.5908203125,880.6770629882812
587,1.7881397695873602e-07,0.0,7808.03369140625,880.6770629882812
588,1.7881397695873602e-07,0.0,7870.74658203125,880.6770629882812
589,1.7881397695873602e-07,0.0,7930.9287109375,880.6770629882812
590,1.7881397695873602e-07,0.0,7993.203125,880.6770629882812
591,1.7881397695873602e-07,0.0,8055.92333984375,872.3389282226562
592,1.7881397695873602e-07,0.0,8118.63623046875,872.3389282226562
593,1.7881397695873602e-07,0.0,8181.34912109375,872.3389282226562
594,3.576022322704375e-07,0.0,8232.1142578125,872.3389282226562
595,-1.7881397695873602e-07,0.0,8220.1689453125,872.3389282226562
597,-1.7881397695873602e-07,0.0,8157.44970703125,872.3389282226562
598,-3.5762795391747204e-07,0.0,8094.73681640625,872.3389282226562
599,-1.7881397695873602e-07,0.0,8032.02392578125,872.3389282226562
600,-1.7881397695873602e-07,0.0,7969.09521484375,880.7476196289062
601,-9.536746574667632e-07,0.0,7944.873046875,880.7476196289062
602,1.7881397695873602e-07,0.0,7980.708984375,880.7476196289062
603,-0.9861529469490051,0.0,8019.53125,876.9636840820312
607,-3.5762795391747204e-07,0.0,7995.640625,880.7822875976562
609,-0.4031849801540375,0.0,7962.70751953125,880.7822875976562
1191,-0.4032215476036072,0.0,7935.73193359375,880.7822875976562
1194,-0.40320420265197754,0.0,7892.56787109375,880.7822875976562
1199,-0.40318816900253296,0.0,7876.37939453125,880.7822875976562
1202,-0.9321827292442322,0.0,7842.38818359375,872.3389282226562
1205,-0.9321827292442322,0.0,7818.908203125,872.3389282226562
1208,-0.9321827292442322,0.0,7795.4296875,872.3389282226562
1211,0.3619883060455322,0.0,7755.556640625,872.3389282226562
1215,0.9151171445846558,0.0,7725.56591796875,872.3389282226562
1220,0.9926356077194214,0.0,7701.64892578125,872.3389282226562
1227,0.7341220378875732,0.0,7727.22265625,872.3389282226562
1230,0.5449821352958679,0.0,7768.61962890625,880.7606201171875
1235,-0.40608343482017517,0.0,7757.84423828125,880.7606201171875
1238,-0.4041151702404022,0.0,7698.54248046875,873.06591796875
1239,0.7043602466583252,0.0,7698.54248046875,873.06591796875
1242,0.6677413582801819,0.0,7748.7490234375,880.793701171875
1243,0.6956706047058105,0.0,7792.5546875,880.793701171875
1244,0.7066283822059631,0.0,7836.27392578125,880.793701171875
1245,0.7066285014152527,0.0,7836.27392578125,880.793701171875
1246,-0.554168164730072,0.0,7828.72802734375,880.793701171875
1247,0.7043672800064087,0.0,7824.5419921875,880.793701171875
1248,0.7043672800064087,0.0,7778.47900390625,880.793701171875
1249,-0.0038668469060212374,0.0,7725.634765625,880.793701171875
1252,-0.709835946559906,0.0,7675.92919921875,880.793701171875
1253,-0.709835946559906,0.0,7630.24462890625,880.793701171875
1254,-0.7098360061645508,0.0,7592.8671875,880.793701171875
1255,-0.709835946559906,0.0,7584.5634765625,880.793701171875
1256,-0.709835946559906,0.0,7538.88134765625,873.9005737304688
1257,-0.709835946559906,0.0,7493.20068359375,873.9005737304688
1258,-0.709835946559906,0.0,7447.45654296875,873.9005737304688
1259,0.709835946559906,0.0,7410.0791015625,873.9005737304688
1260,0.9999923706054688,0.0,7431.50634765625,873.9005737304688
1261,-0.0038668469060212374,0.0,7409.35986328125,873.9005737304688
1262,-0.7098356485366821,0.0,7352.68115234375,873.9005737304688
1263,-0.709835946559906,0.0,7306.99560546875,873.9005737304688
1264,-0.709835946559906,0.0,7261.31103515625,873.9005737304688
1265,-0.709835946559906,0.0,7215.63037109375,872.1499633789062
1266,0.7043675780296326,0.0,7159.04931640625,872.1499633789062
1268,0.7043672800064087,0.0,7112.92431640625,872.1499633789062
1269,-0.0038668469060212374,0.0,7065.21337890625,873.7007446289062
1270,-0.003866594983264804,0.0,7000.3583984375,873.7007446289062
1271,-0.003866594983264804,0.0,6935.50341796875,872.1499633789062
1272,-0.003866594983264804,0.0,6870.64453125,872.1499633789062
1273,0.26726311445236206,0.0,6855.85888671875,872.1499633789062
1279,-0.9636237025260925,0.0,6843.25341796875,872.1499633789062
1281,-0.9636237025260925,0.0,6825.916015625,872.1499633789062
1283,-0.9636234045028687,0.0,6811.73779296875,872.1499633789062
1296,0.2673092186450958,0.0,6800.37451171875,872.1499633789062
1298,0.2672908902168274,0.0,6737.87646484375,872.1499633789062
1300,0.26727449893951416,0.0,6709.46826171875,872.1499633789062
1307,0.2663925588130951,0.0,6675.36572265625,872.1499633789062
1308,0.26699256896972656,0.0,6612.85791015625,872.1499633789062
1309,-0.49247246980667114,0.0,6551.10791015625,872.1499633789062
1310,-0.4924226999282837,0.0,6494.6484375,872.1499633789062
1311,-0.49240633845329285,0.0,6438.2001953125,872.1499633789062
1312,-0.49240633845329285,0.0,6381.748046875,872.1499633789062
1313,0.26727500557899475,0.0,6320.7255859375,872.1499633789062
1314,0.26727500557899475,0.0,6258.2275390625,872.1499633789062
1315,-0.4923904240131378,0.0,6201.416015625,872.1499633789062
1316,-0.4923904240131378,0.0,6144.9677734375,873.8307495117188
1318,0.26727524399757385,0.0,6086.69091796875,873.8307495117188
1320,0.26727500557899475,0.0,6024.189453125,873.8307495117188
1322,0.26727500557899475,0.0,5961.69140625,873.8307495117188
1338,-0.26727500557899475,0.0,5926.51123046875,873.8307495117188
1340,-0.26727500557899475,0.0,5989.00927734375,873.8307495117188
1342,-0.9636202454566956,0.0,6008.96435546875,873.8307495117188
1345,-0.9636200666427612,0.0,5993.20703125,873.8307495117188
1346,0.9636202454566956,0.0,5994.78369140625,873.8307495117188
1349,0.9636203050613403,0.0,6012.115234375,873.8307495117188
1352,0.26727500557899475,0.0,6004.09521484375,873.8307495117188
1354,0.26727500557899475,0.0,5941.59619140625,873.8307495117188
1356,-0.4923904240131378,0.0,5879.35107421875,873.8307495117188
1358,0.8703742027282715,0.0,5822.61474609375,873.8307495117188
1360,0.8703742027282715,0.0,5790.6611328125,872.1532592773438
1428,0.26727500557899475,0.0,5753.41455078125,872.1532592773438
1429,0.26727500557899475,0.0,5690.92333984375,872.1532592773438
1430,-0.4923904240131378,0.0,5630.25927734375,872.1532592773438
1431,-0.4923904240131378,0.0,5573.8017578125,872.1532592773438
1432,-0.4923904240131378,0.0,5517.345703125,872.1532592773438
1462,-0.9636202454566956,0.0,5474.42822265625,872.1532592773438
1487,-0.24446073174476624,0.0,5461.82275390625,872.1532592773438
1512,-0.24446073174476624,0.0,5461.82275390625,872.1532592773438
1520,-0.24446073174476624,0.0,5461.82275390625,872.1532592773438
1549,0.26727524399757385,0.0,5456.14111328125,872.1532592773438
1550,0.26727500557899475,0.0,5393.6181640625,872.1532592773438
1551,0.26727500557899475,0.0,5331.58349609375,872.1532592773438
1555,-0.4923904240131378,0.0,5273.12158203125,872.1532592773438
1559,-0.9636202454566956,0.0,5237.2470703125,872.1532592773438
1564,-0.9636202454566956,0.0,5219.91552734375,872.1532592773438
1565,-0.9636200666427612,0.0,5210.45947265625,872.1532592773438
1566,0.9636202454566956,0.0,5218.3388671875,872.1532592773438
1567,0.3393857777118683,0.0,5229.36767578125,872.1532592773438
1568,0.9406510591506958,0.0,5237.37158203125,872.1532592773438
1570,0.940650999546051,0.0,5259.38427734375,872.1532592773438
1571,0.940650999546051,0.0,5279.39404296875,872.1532592773438
1572,0.940650999546051,0.0,5281.39306640625,872.1532592773438
1574,0.940650999546051,0.0,5303.40576171875,872.1532592773438
1575,0.940650999546051,0.0,5309.40673828125,872.1532592773438
1576,0.7211568355560303,0.0,5329.50146484375,872.1532592773438
1577,0.022891884669661522,0.0,5389.65869140625,872.1532592773438
1578,-0.2133900672197342,0.0,5448.044921875,872.1532592773438
1580,-0.21246004104614258,0.0,5453.80712890625,872.1532592773438
1581,-0.21309193968772888,0.0,5517.17822265625,872.1532592773438
1582,-0.2132839411497116,0.0,5580.54638671875,872.1532592773438
1583,-0.2133437693119049,0.0,5643.90625,872.1532592773438
1584,-0.2133796215057373,0.0,5707.27001953125,872.1532592773438
1585,-0.2133796215057373,0.0,5770.6337890625,872.1532592773438
1586,-0.2133796215057373,0.0,5833.99755859375,873.9638671875
1587,-0.2133796215057373,0.0,5897.357421875,873.9638671875
1588,-0.2133796215057373,0.0,5960.72119140625,873.9638671875
1589,-0.2133796215057373,0.0,6024.0849609375,873.9638671875
1590,-0.21336355805397034,0.0,6058.64453125,873.9638671875
1591,0.976969301700592,0.0,6064.93896484375,873.9638671875
1592,0.976969301700592,0.0,6078.77734375,873.9638671875
1593,0.9769691228866577,0.0,6090.10498046875,872.1532592773438
1594,0.9981607794761658,0.0,6091.85986328125,872.1532592773438
1595,0.8721082806587219,0.0,6083.6767578125,872.1532592773438
1596,0.5515162348747253,0.0,6056.89697265625,872.1532592773438
1597,0.33936792612075806,0.0,6003.611328125,872.1532592773438
1598,-0.7230926752090454,0.0,5999.53955078125,872.1532592773438
1599,-0.8871487379074097,0.0,5963.73046875,872.1532592773438
1600,-0.9070985317230225,0.0,5953.43115234375,872.1532592773438
1601,-0.42092809081077576,0.0,5990.916015625,872.1532592773438
1602,-0.4209270775318146,0.0,6033.70458984375,873.9288330078125
1603,-0.42092815041542053,0.0,6049.74609375,873.9288330078125
1604,-0.42092815041542053,0.0,6108.5859375,873.9288330078125
1605,-0.4209270775318146,0.0,6151.37451171875,873.9288330078125
1606,0.09762301295995712,0.0,6168.98095703125,873.9288330078125
1607,0.7197597622871399,0.0,6223.693359375,872.1532592773438
1608,0.8364734649658203,0.0,6252.3447265625,872.8143310546875
1610,-0.42103147506713867,0.0,6268.39013671875,872.1532592773438
1613,-0.4209604859352112,0.0,6327.216796875,872.1532592773438
1614,-0.4209430515766144,0.0,6386.04736328125,872.1532592773438
1615,-0.4209430515766144,0.0,6444.8779296875,872.1532592773438
1616,-0.420926570892334,0.0,6502.8291015625,872.1532592773438
1617,-0.42092660069465637,0.0,6561.658203125,872.1532592773438
1618,-0.42092660069465637,0.0,6620.4912109375,872.1532592773438
1619,-0.42092660069465637,0.0,6679.3212890625,872.1532592773438
1620,-0.4209260940551758,0.0,6706.06103515625,872.1532592773438
1621,0.9070944786071777,0.0,6720.95458984375,872.1532592773438
1622,0.9070945382118225,0.0,6748.2548828125,872.1532592773438
1623,0.9070949554443359,0.0,6748.2548828125,872.1532592773438
1624,-0.42748770117759705,0.0,6806.72314453125,872.1532592773438
1625,-0.4232599139213562,0.0,6860.0986328125,872.1532592773438
1626,-0.4213719069957733,0.0,6865.44677734375,872.1532592773438
1627,-0.4210844337940216,0.0,6924.27587890625,872.1532592773438
1628,-0.4209761917591095,0.0,6983.1162109375,872.1532592773438
1629,-0.9976239800453186,0.0,7011.35498046875,872.1532592773438
1630,-0.9629255533218384,0.0,7002.12939453125,872.1532592773438
1631,-0.920045793056488,0.0,7031.42041015625,872.1499633789062
1632,-0.40588057041168213,0.0,7080.71533203125,872.1499633789062
1633,-0.4161491394042969,0.0,7141.2001953125,872.1499633789062
1634,-0.41942939162254333,0.0,7200.111328125,872.1499633789062
1635,0.3442358076572418,0.0,7259.349609375,872.1499633789062
1636,0.3438867926597595,0.0,7320.2919921875,872.1499633789062
1637,0.34377583861351013,0.0,7381.19384765625,872.1499633789062
1638,-0.42095857858657837,0.0,7441.08154296875,872.1499633789062
1639,-0.42095857858657837,0.0,7499.908203125,872.1499633789062
1640,-0.42095857858657837,0.0,7558.73876953125,872.1499633789062
1641,-0.9390647411346436,0.0,7581.77197265625,872.1499633789062
1642,-0.42095857858657837,0.0,7633.58642578125,879.336669921875
1643,-0.42095857858657837,0.0,7692.4169921875,880.6976928710938
1646,-0.42095857858657837,0.0,7751.24755859375,880.6976928710938
1647,-0.42095857858657837,0.0,7810.07421875,880.6976928710938
1648,0.3437398374080658,0.0,7871.216796875,880.6976928710938
1649,0.3437398374080658,0.0,7932.1220703125,880.6976928710938
1650,-0.42095857858657837,0.0,7991.43994140625,880.6976928710938
1651,-0.42095857858657837,0.0,8050.2705078125,880.6976928710938
1652,-0.42095857858657837,0.0,8109.10107421875,880.6976928710938
1653,-0.42095857858657837,0.0,8167.927734375,880.6976928710938
1654,-0.42095857858657837,0.0,8226.7646484375,872.1499633789062
1655,-0.42095857858657837,0.0,8285.59375,872.1499633789062
1656,-0.42095857858657837,0.0,8344.4306640625,872.1499633789062
1657,0.34373965859413147,0.0,8404.25390625,872.1499633789062
1658,0.3437398374080658,0.0,8465.166015625,872.1499633789062
1659,-0.42095857858657837,0.0,8524.869140625,872.1499633789062
1660,-0.42095857858657837,0.0,8583.7060546875,872.1499633789062
1661,-0.42095857858657837,0.0,8642.53515625,872.1499633789062
1662,-0.42095857858657837,0.0,8701.3720703125,872.1499633789062
1663,-0.42095857858657837,0.0,8760.208984375,872.1499633789062
1664,-0.42095857858657837,0.0,8819.0458984375,872.1499633789062
1665,-0.42095857858657837,0.0,8877.875,872.1499633789062
1666,-0.42095857858657837,0.0,8936.7119140625,872.1499633789062
1667,-0.42095857858657837,0.0,8995.548828125,872.1499633789062
1668,-0.9390647411346436,0.0,9048.4580078125,872.1499633789062
1669,-0.9390647411346436,0.0,9070.765625,872.1499633789062
1670,-0.9070796966552734,0.0,9066.7548828125,872.1499633789062
1671,-0.9070801138877869,0.0,9039.4521484375,872.1499633789062
1674,-0.9390647411346436,0.0,9033.923828125,876.28857421875
1675,-0.42095857858657837,0.0,9069.1259765625,876.28857421875
1676,-0.42095857858657837,0.0,9127.9638671875,873.3546142578125
1677,-0.42095857858657837,0.0,9186.802734375,873.3546142578125
1678,-0.42095857858657837,0.0,9245.6396484375,873.3546142578125
1679,-0.42095765471458435,0.0,9256.3330078125,873.3546142578125
1680,-0.9070797562599182,0.0,9233.9951171875,873.3546142578125
1681,-0.9070796966552734,0.0,9206.6845703125,873.3546142578125
1682,-0.9070804715156555,0.0,9206.6845703125,873.3546142578125
1683,-0.9070796966552734,0.0,9179.3818359375,873.3546142578125
1684,-0.9070804715156555,0.0,9157.0361328125,873.3546142578125
1685,-0.9070796966552734,0.0,9152.0712890625,873.3546142578125
1686,-0.9070796966552734,0.0,9124.7685546875,873.3546142578125
1687,-0.9070804715156555,0.0,9109.8740234375,873.3546142578125
1688,-0.42095842957496643,0.0,9136.615234375,873.3546142578125
1689,-0.42095857858657837,0.0,9195.4521484375,873.3546142578125
1690,0.34373968839645386,0.0,9255.275390625,873.3546142578125
1691,0.34373968839645386,0.0,9316.1796875,873.3546142578125
1692,0.34373968839645386,0.0,9377.091796875,873.3546142578125
1693,-0.4209585189819336,0.0,9437.1708984375,873.3546142578125
1694,-0.42095857858657837,0.0,9496.0,873.3546142578125
1695,-0.42095765471458435,0.0,9522.7470703125,873.3546142578125
1696,0.9070796966552734,0.0,9537.6416015625,873.3546142578125
1697,0.9070796966552734,0.0,9564.9521484375,873.3546142578125
1698,0.8063570857048035,0.0,9550.8037109375,873.3546142578125
1699,0.5612285733222961,0.0,9502.5029296875,873.3546142578125
1700,0.4672817289829254,0.0,9446.4912109375,873.3546142578125
1701,0.4359336793422699,0.0,9388.5009765625,873.3546142578125
1702,0.42577019333839417,0.0,9329.935546875,873.3546142578125
1703,0.42576998472213745,0.0,9329.935546875,873.3546142578125
1704,0.9069286584854126,0.0,9357.2744140625,873.3546142578125
1705,0.9070315361022949,0.0,9384.5927734375,873.3546142578125
1706,0.9070647358894348,0.0,9411.8955078125,876.6309204101562
1707,0.907072901725769,0.0,9439.2060546875,876.6309204101562
1708,0.939070463180542,0.0,9417.6767578125,872.1499633789062
1709,0.9390645623207092,0.0,9395.388671875,872.1499633789062
1710,0.9390645623207092,0.0,9373.1005859375,872.1499633789062
1711,0.9390645623207092,0.0,9350.8056640625,872.1499633789062
1712,0.9390645623207092,0.0,9328.517578125,872.1499633789062
1713,0.3437407314777374,0.0,9376.14453125,872.1499633789062
1714,0.3437407314777374,0.0,9437.056640625,872.1499633789062
1715,0.3437407314777374,0.0,9497.9609375,872.1499633789062
1716,0.3437407314777374,0.0,9558.873046875,872.1499633789062
1717,-0.42095747590065,0.0,9619.7109375,872.1499633789062
1720,-0.42095747590065,0.0,9678.5546875,872.1499633789062
1721,0.3437410891056061,0.0,9739.326171875,872.1499633789062
1722,0.3437410891056061,0.0,9800.23046875,872.1499633789062
1723,0.3437410891056061,0.0,9861.1923828125,872.1499633789062
1724,0.3437410891056061,0.0,9922.1044921875,872.1499633789062
1725,0.3437410891056061,0.0,9983.0087890625,872.1499633789062
1726,0.3437410891056061,0.0,10043.9208984375,872.1499633789062
1727,0.14089545607566833,0.0,10105.4599609375,875.488525390625
1728,-0.24733151495456696,0.0,10169.607421875,872.1499633789062
1729,-0.3665906488895416,0.0,10230.9736328125,872.1499633789062
1730,0.36148345470428467,0.0,10291.4521484375,872.1499633789062
1731,0.9096218347549438,0.0,10346.6513671875,880.01220703125
1732,0.9078985452651978,0.0,10373.7587890625,880.7496948242188
1733,0.9073426723480225,0.0,10400.9990234375,880.7496948242188
1734,0.34392836689949036,0.0,10461.587890625,880.7496948242188
1735,0.34380069375038147,0.0,10522.484375,872.14990234375
1736,0.9070897698402405,0.0,10559.697265625,872.14990234375
1737,0.9070897698402405,0.0,10586.9970703125,872.14990234375
1740,0.3437453508377075,0.0,10629.263671875,872.14990234375
1741,-0.42095300555229187,0.0,10689.3564453125,872.14990234375
1742,-0.4209531247615814,0.0,10748.193359375,872.14990234375
1743,0.34374555945396423,0.0,10808.0166015625,872.14990234375
1744,0.9070823192596436,0.0,10848.267578125,872.14990234375
1745,0.34374555945396423,0.0,10893.5869140625,872.14990234375
1746,-0.4209529757499695,0.0,10954.4365234375,872.14990234375
1747,-0.4209531247615814,0.0,11013.2734375,872.14990234375
1748,0.3437453508377075,0.0,11073.1044921875,872.14990234375
1749,0.34374555945396423,0.0,11134.0146484375,872.14990234375
1750,0.9070823192596436,0.0,11165.078125,872.14990234375
1751,0.34374555945396423,0.0,11225.9482421875,872.14990234375
1752,0.9390630125999451,0.0,11235.1357421875,872.14990234375
1754,0.9390629529953003,0.0,11212.83984375,872.14990234375
1755,0.42095300555229187,0.0,11184.263671875,872.14990234375
1756,-0.3437454104423523,0.0,11124.6328125,872.14990234375
1757,-0.34374555945396423,0.0,11063.7294921875,872.14990234375
1758,-0.34374555945396423,0.0,11002.8173828125,872.14990234375
1759,0.7942085266113281,0.0,10944.2197265625,872.14990234375
1760,0.8141001462936401,0.0,10952.689453125,872.14990234375
1761,-0.2397652119398117,0.0,11005.5576171875,872.14990234375
1762,-0.43002083897590637,0.0,11031.4453125,872.14990234375
1763,-0.9327884316444397,0.0,11044.396484375,872.14990234375
1764,-0.9370843768119812,0.0,11067.3125,872.14990234375
1765,-0.9384320974349976,0.0,11089.810546875,872.14990234375
1766,-0.9388611912727356,0.0,11112.1826171875,872.14990234375
1767,-0.9389148950576782,0.0,11118.265625,872.14990234375
1768,0.3437914252281189,0.0,11162.5625,872.14990234375
1769,0.3437564969062805,0.0,11223.474609375,872.14990234375
1770,0.3437564969062805,0.0,11284.40625,872.14990234375
1771,0.3437564969062805,0.0,11345.3193359375,895.383544921875
1772,0.34375640749931335,0.0,11395.1591796875,917.53125
1773,-0.3437564969062805,0.0,11384.0849609375,912.610107421875
1774,-0.3437564969062805,0.0,11323.1728515625,885.5438842773438
1775,0.42094239592552185,0.0,11262.533203125,872.14990234375
1776,0.42094239592552185,0.0,11203.697265625,872.14990234375
1777,0.42094239592552185,0.0,11144.8603515625,872.14990234375
1778,0.42094239592552185,0.0,11086.0234375,872.14990234375
1779,0.42094239592552185,0.0,11027.1943359375,872.14990234375
1780,-0.3437564969062805,0.0,10966.990234375,872.14990234375
1781,-0.3437564969062805,0.0,10906.0595703125,872.14990234375
1782,-0.3437564969062805,0.0,10845.1552734375,872.14990234375
1783,-0.3437564969062805,0.0,10784.23828125,872.14990234375
1784,-0.3437564969062805,0.0,10723.333984375,872.14990234375
1785,-0.3437564969062805,0.0,10662.4248046875,872.14990234375
1786,-0.3437564969062805,0.0,10601.5126953125,872.14990234375
1787,0.9390588998794556,0.0,10547.5439453125,872.14990234375
1788,0.9390588998794556,0.0,10525.2236328125,872.14990234375
1789,0.9390591979026794,0.0,10517.1181640625,872.14990234375
1790,0.7890384197235107,0.0,10534.1044921875,872.14990234375
1791,0.5221487283706665,0.0,10579.4296875,872.14990234375
1792,0.9370172619819641,0.0,10577.3720703125,872.14990234375
1793,0.4192294776439667,0.0,10517.94140625,872.14990234375
1794,0.4203942120075226,0.0,10459.0830078125,872.14990234375
1795,0.4207671582698822,0.0,10400.2431640625,872.14990234375
1796,0.420879989862442,0.0,10341.40625,872.14990234375
1799,0.4209154546260834,0.0,10282.5771484375,872.14990234375
1800,0.9390550255775452,0.0,10229.6611328125,872.14990234375
1801,0.9390550255775452,0.0,10207.345703125,873.599365234375
1802,0.4209326207637787,0.0,10182.0458984375,880.837646484375
1803,0.4209326207637787,0.0,10123.263671875,880.837646484375
1804,0.9390550255775452,0.0,10073.658203125,880.837646484375
1805,0.9390550255775452,0.0,10051.35546875,872.1499633789062
1806,0.4209320843219757,0.0,10002.865234375,872.1499633789062
1807,0.9390550255775452,0.0,9966.5390625,872.1499633789062
1808,0.9390550255775452,0.0,9944.23828125,872.1499633789062
1809,0.42093220353126526,0.0,9912.3486328125,872.1499633789062
1810,0.4209326207637787,0.0,9853.5185546875,872.1499633789062
1811,0.4209326207637787,0.0,9794.681640625,872.1499633789062
1812,0.9390550255775452,0.0,9755.0361328125,872.1499633789062
1813,0.9070919156074524,0.0,9754.5419921875,872.1499633789062
1814,0.9070919156074524,0.0,9781.83203125,883.9295654296875
1815,0.4209326207637787,0.0,9770.5478515625,893.16259765625
1816,0.4209326207637787,0.0,9711.7724609375,893.16259765625
1817,0.4209326207637787,0.0,9655.1484375,885.4681396484375
1818,0.9070919156074524,0.0,9649.8935546875,872.1499633789062
1819,0.9070919156074524,0.0,9677.18359375,872.1499633789062
1820,0.9070919156074524,0.0,9704.4814453125,872.1499633789062
1821,0.9070919156074524,0.0,9731.779296875,872.1499633789062
1822,0.9070919156074524,0.0,9759.0771484375,872.1499633789062
1823,0.9070919156074524,0.0,9786.3671875,872.1499633789062
1824,0.6135200262069702,0.0,9826.2314453125,872.1499633789062
1825,-0.29470095038414,0.0,9872.185546875,872.1499633789062
1826,0.40365687012672424,0.0,9855.9873046875,872.1499633789062
1827,0.41541096568107605,0.0,9796.8564453125,872.1499633789062
1828,0.9823430180549622,0.0,9791.4921875,872.1499633789062
1829,-0.39361533522605896,0.0,9845.2021484375,872.1499633789062
1830,-0.3660094738006592,0.0,9905.27734375,872.1499633789062
1831,-0.3599441945552826,0.0,9938.25,872.1499633789062
1832,0.35335439443588257,0.0,9910.671875,872.1499633789062
1833,0.35302773118019104,0.0,9849.9990234375,872.1499633789062
1834,0.352934330701828,0.0,9789.314453125,872.1499633789062
1835,0.3528977334499359,0.0,9728.625,872.1499633789062
1836,0.35289713740348816,0.0,9690.0146484375,872.1499633789062
1837,-0.3528805673122406,0.0,9712.0810546875,872.1499633789062
1838,-0.9111418128013611,0.0,9761.126953125,872.1499633789062
1839,0.1730910837650299,0.0,9753.568359375,872.1499633789062
1840,-0.9356686472892761,0.0,9739.0029296875,872.1499633789062
1841,-0.9356682896614075,0.0,9716.10546875,872.1499633789062
1842,-0.9356685876846313,0.0,9699.45703125,872.1499633789062
1843,-0.6098583340644836,0.0,9715.326171875,872.1499633789062
1844,-0.6011036038398743,0.0,9702.0146484375,872.1499633789062
1845,-0.3435211777687073,0.0,9681.0009765625,872.1499633789062
1846,-0.21431444585323334,0.0,9721.33984375,872.1499633789062
1847,-0.21925747394561768,0.0,9784.6494140625,872.1499633789062
1848,0.9753100275993347,0.0,9831.3291015625,872.1499633789062
1849,0.9751947522163391,0.0,9833.2685546875,872.1499633789062
1850,0.9751596450805664,0.0,9846.98828125,872.1499633789062
1851,0.9751469492912292,0.0,9861.361328125,872.1499633789062
1852,0.9751428365707397,0.0,9875.73046875,872.1499633789062
1853,0.9751428365707397,0.0,9863.3466796875,872.1499633789062
1854,0.9589419960975647,0.0,9863.3466796875,872.1499633789062
1855,-0.2215775102376938,0.0,9926.5869140625,872.1499633789062
1856,-0.2215775102376938,0.0,9989.8349609375,872.1499633789062
1857,-0.2215787172317505,0.0,9995.578125,872.1499633789062
1858,0.2215776890516281,0.0,9943.271484375,872.1499633789062
1859,-0.9751428365707397,0.0,9901.9599609375,872.1499633789062
1860,-0.9751428365707397,0.0,9895.4228515625,872.1499633789062
1861,-0.8462088108062744,0.0,9922.7509765625,872.1499633789062
1862,-0.975142776966095,0.0,9913.6884765625,872.1499633789062
1863,-0.9751428365707397,0.0,9889.9970703125,872.1499633789062
1865,-0.975142776966095,0.0,9887.1318359375,872.1499633789062
1866,-0.975142776966095,0.0,9847.5888671875,872.1499633789062
1867,-0.975142776966095,0.0,9827.876953125,872.1499633789062
1868,-0.9751428365707397,0.0,9787.4306640625,872.1499633789062
1869,-0.9751428365707397,0.0,9773.0380859375,872.1499633789062
1870,-0.9751428365707397,0.0,9758.6611328125,872.1499633789062
1871,-0.9751428365707397,0.0,9744.2861328125,893.3660888671875
1872,-0.9751428365707397,0.0,9729.9169921875,893.3660888671875
1873,-0.9751428365707397,0.0,9715.5400390625,872.1500244140625
1874,-0.5328513383865356,0.0,9664.802734375,872.1500244140625
1875,-0.9751428365707397,0.0,9612.94921875,872.1500244140625
1876,-0.975142776966095,0.0,9598.4580078125,872.1500244140625
1877,-0.975142776966095,0.0,9584.0888671875,872.1500244140625
1878,-0.975142776966095,0.0,9569.7119140625,872.1500244140625
1879,-0.975142776966095,0.0,9555.3427734375,872.1500244140625
1880,-0.975142776966095,0.0,9540.9658203125,874.6585693359375
1881,-0.532850980758667,0.0,9504.6484375,880.7235717773438
1882,-0.14582674205303192,0.0,9444.435546875,880.7235717773438
1883,-0.14373110234737396,0.0,9398.6376953125,880.7235717773438
1884,-0.6183447241783142,0.0,9384.744140625,880.7235717773438
1885,-0.615506112575531,0.0,9333.681640625,880.7235717773438
1886,-0.9923802018165588,0.0,9313.14453125,872.1806640625
1887,-0.99233478307724,0.0,9305.142578125,872.1806640625
1890,-0.6142085194587708,0.0,9281.94921875,872.1806640625
1891,0.1237354725599289,0.0,9222.326171875,872.1806640625
1892,0.5645288228988647,0.0,9162.4755859375,872.1806640625
1895,0.8507630228996277,0.0,9134.0927734375,872.1806640625
1898,-0.9931264519691467,0.0,9132.0380859375,872.1806640625
1899,-0.615881085395813,0.0,9089.4072265625,872.1806640625
1900,0.12304870784282684,0.0,9037.0283203125,872.1806640625
1901,0.12351596355438232,0.0,8972.654296875,872.1806640625
1902,0.12364943325519562,0.0,8908.2998046875,872.1806640625
1905,0.12371376901865005,0.0,8843.9375,872.1806640625
1906,-0.6141959428787231,0.0,8792.29296875,872.1806640625
1907,-0.61418217420578,0.0,8741.1123046875,872.1806640625
1908,0.12373130768537521,0.0,8686.4990234375,872.1806640625
1910,0.12373083084821701,0.0,8622.13671875,872.1806640625
1912,0.12373083084821701,0.0,8557.7822265625,872.1806640625
1913,0.12373083084821701,0.0,8493.427734375,872.1806640625
1914,-0.61418217420578,0.0,8431.0166015625,872.1806640625
1915,-0.6141822934150696,0.0,8379.8173828125,872.1806640625
1916,0.12373083084821701,0.0,8326.1826171875,872.1806640625
1917,0.12373083084821701,0.0,8261.8232421875,872.1806640625
1918,0.12373083084821701,0.0,8197.4609375,872.56884765625
1919,0.12373083084821701,0.0,8133.10400390625,874.0560913085938
1920,-0.6141822934150696,0.0,8079.06787109375,874.0560913085938
1921,0.12373130768537521,0.0,8024.23046875,874.0560913085938
1922,0.12373083084821701,0.0,7959.87158203125,874.0560913085938
1923,0.12373083084821701,0.0,7895.51513671875,874.0560913085938
1924,0.12373083084821701,0.0,7831.15478515625,874.0560913085938
1925,0.12373083084821701,0.0,7766.79833984375,872.4349365234375
1928,0.12373083084821701,0.0,7702.44091796875,872.4349365234375
1929,0.12373083084821701,0.0,7638.0810546875,872.4349365234375
1930,0.12373083084821701,0.0,7573.72412109375,872.4349365234375
1931,0.12373083084821701,0.0,7516.03271484375,872.4349365234375
1932,0.12373083084821701,0.0,7451.6728515625,872.1499633789062
1933,0.12373083084821701,0.0,7387.31591796875,872.1499633789062
1934,0.12373083084821701,0.0,7322.95556640625,872.1499633789062
1935,0.12373083084821701,0.0,7258.595703125,872.1499633789062
1936,0.12373083084821701,0.0,7194.23974609375,872.1499633789062
1937,0.12373083084821701,0.0,7129.84423828125,872.1499633789062
1938,0.12373083084821701,0.0,7057.36376953125,872.1499633789062
1939,-0.61418217420578,0.0,6998.17919921875,872.1499633789062
1940,0.12373130768537521,0.0,6928.49560546875,872.1499633789062
1941,0.12373083084821701,0.0,6868.49560546875,872.1499633789062
1942,0.12373083084821701,0.0,6804.1328125,872.1499633789062
1943,0.12373083084821701,0.0,6744.55126953125,872.1499633789062
1944,-0.61418217420578,0.0,6685.8525390625,872.1499633789062
1945,-0.6141822934150696,0.0,6633.9423828125,872.1499633789062
1946,0.12373083084821701,0.0,6572.20361328125,872.1499633789062
1947,0.12373083084821701,0.0,6511.478515625,872.1499633789062
1948,0.12373220920562744,0.0,6499.77734375,872.1499633789062
1949,0.12373083084821701,0.0,6447.12255859375,872.1499633789062
1950,0.12373083084821701,0.0,6382.76220703125,872.1499633789062
1951,0.12373083084821701,0.0,6318.40234375,872.1499633789062
1952,0.12373083084821701,0.0,6254.0458984375,872.1499633789062
1953,0.12373083084821701,0.0,6189.6865234375,873.9576416015625
1954,0.12373083084821701,0.0,6125.32666015625,873.9576416015625
1955,0.12373083084821701,0.0,6060.9697265625,873.9576416015625
1956,0.12373083084821701,0.0,5996.61083984375,873.9576416015625
1957,0.12373083084821701,0.0,5932.25048828125,873.9576416015625
1958,0.12373083084821701,0.0,5867.8935546875,873.9576416015625
1959,-0.6141822934150696,0.0,5815.05078125,873.9576416015625
1960,-0.6141822934150696,0.0,5763.87255859375,872.1532592773438
1961,-0.6141822934150696,0.0,5712.6904296875,872.1532592773438
1962,-0.6141822934150696,0.0,5661.50830078125,872.1532592773438
1963,-0.6141822934150696,0.0,5610.326171875,872.1532592773438
1964,-0.6141822934150696,0.0,5559.14453125,872.1532592773438
1965,-0.6141822934150696,0.0,5507.96630859375,872.1532592773438
1969,-0.6141822934150696,0.0,5456.78466796875,874.9361572265625
1970,-0.6141822934150696,0.0,5405.56396484375,875.3184814453125
1971,-0.6141822934150696,0.0,5354.3818359375,875.3184814453125
1972,-0.6141822934150696,0.0,5302.85595703125,875.3184814453125
1973,-0.6141822934150696,0.0,5251.67431640625,875.3184814453125
1974,-0.6141822934150696,0.0,5200.4921875,872.1499633789062
1976,-0.6141822934150696,0.0,5149.2978515625,872.1499633789062
1977,-0.6141822934150696,0.0,5098.11572265625,872.1499633789062
1979,-0.11227983236312866,0.0,5046.7373046875,872.1499633789062
1980,-0.9937494397163391,0.0,5047.3955078125,872.1499633789062
1981,-0.9937002062797546,0.0,5054.65283203125,872.1499633789062
1982,-0.781987190246582,0.0,5019.21142578125,872.1499633789062
1983,-0.7820110321044922,0.0,4978.79052734375,872.1499633789062
1984,-0.7820219993591309,0.0,4938.36572265625,872.1499633789062
1985,-0.7820219993591309,0.0,4897.94482421875,872.1499633789062
1986,-0.11226850003004074,0.0,4851.09912109375,872.1499633789062
1987,0.6232506036758423,0.0,4799.90869140625,872.1499633789062
1989,0.6232506036758423,0.0,4749.1904296875,875.2153930664062
1990,0.12373743951320648,0.0,4721.091796875,875.2153930664062
1991,0.9923162460327148,0.0,4725.46875,875.2153930664062
1992,0.9923162460327148,0.0,4733.4951171875,875.2153930664062
1993,0.9923163652420044,0.0,4736.4130859375,875.2153930664062
1994,0.12372632324695587,0.0,4695.45556640625,875.2153930664062
1995,0.12372632324695587,0.0,4631.0830078125,875.2153930664062
1996,0.12372632324695587,0.0,4566.7236328125,875.2153930664062
1998,0.12372632324695587,0.0,4502.36474609375,875.2153930664062
2000,0.12372632324695587,0.0,4437.947265625,875.2153930664062
2002,-0.6141858696937561,0.0,4374.40234375,875.2153930664062
2004,-0.61418616771698,0.0,4323.14794921875,875.2153930664062
2005,-0.61418616771698,0.0,4271.9658203125,875.2153930664062
2006,-0.9923162460327148,0.0,4251.3818359375,872.3108520507812
2007,-0.9923162460327148,0.0,4243.35546875,872.3108520507812
2008,-0.9923162460327148,0.0,4235.33349609375,872.3108520507812
2009,-0.9923162460327148,0.0,4227.30712890625,880.842041015625
2010,-0.9923162460327148,0.0,4219.28466796875,880.842041015625
2011,-0.9923164248466492,0.0,4218.55322265625,880.842041015625
2012,0.9923162460327148,0.0,4225.84814453125,880.842041015625
2013,0.9593961238861084,0.0,4237.26904296875,872.1499633789062
2014,0.924191415309906,0.0,4253.44287109375,872.1499633789062
2015,0.4554242491722107,0.0,4237.69140625,872.1499633789062
2017,0.45621854066848755,0.0,4179.9697265625,872.1499633789062
2019,0.9519144296646118,0.0,4159.34130859375,872.1499633789062
2021,0.9519410133361816,0.0,4139.4208984375,872.1499633789062
2022,-0.3062620460987091,0.0,4094.201171875,872.1499633789062
2023,0.9519528150558472,0.0,4062.171630859375,872.1499633789062
2024,0.9519527554512024,0.0,4042.309326171875,872.1499633789062
2025,0.45658454298973083,0.0,4009.087646484375,872.1499633789062
2026,-0.30624473094940186,0.0,3949.342041015625,872.1499633789062
2027,0.45658454298973083,0.0,3889.8193359375,872.1499633789062
2028,0.45658454298973083,0.0,3832.11865234375,872.1499633789062
2029,0.9519528150558472,0.0,3777.221435546875,872.1499633789062
2030,0.9519528746604919,0.0,3757.2392578125,872.1499633789062
2031,0.9519528746604919,0.0,3737.376953125,872.1499633789062
2032,0.45658454298973083,0.0,3697.276611328125,872.1499633789062
2033,-0.30624473094940186,0.0,3637.8984375,874.6702270507812
2034,0.45658454298973083,0.0,3578.030517578125,881.4967041015625
2035,0.45658454298973083,0.0,3520.329833984375,876.4486694335938
2036,0.9519528150558472,0.0,3465.43115234375,868.3084106445312
2037,0.45658427476882935,0.0,3438.9619140625,856.5548706054688
2038,-0.30624473094940186,0.0,3378.125732421875,831.77197265625
2039,-0.30624473094940186,0.0,3316.384033203125,804.3343505859375
2040,-0.30624473094940186,0.0,3254.644287109375,776.8963012695312
2041,0.45658427476882935,0.0,3194.40869140625,750.1275024414062
2042,0.45658454298973083,0.0,3136.7060546875,732.7286987304688
2043,-0.30624473094940186,0.0,3078.468505859375,708.4033203125
2044,-0.30624473094940186,0.0,3016.690185546875,681.1962890625
2045,-0.30624473094940186,0.0,2954.948486328125,653.7586669921875
2046,-0.30624473094940186,0.0,2893.208740234375,625.4376831054688
2047,-0.30624473094940186,0.0,2831.467041015625,622.1499633789062
2048,-0.30624473094940186,0.0,2769.727294921875,622.1499633789062
2049,-0.30624473094940186,0.0,2707.985595703125,622.1499633789062
2050,-0.30624473094940186,0.0,2646.245849609375,622.1499633789062
2051,-0.30624473094940186,0.0,2584.504150390625,622.1499633789062
2052,0.45658454298973083,0.0,2525.736328125,622.1499633789062
2055,-0.30624473094940186,0.0,2464.89111328125,622.1499633789062
2056,-0.30624473094940186,0.0,2403.1494140625,622.1499633789062
2060,0.45658454298973083,0.0,2358.660400390625,622.1499633789062
2076,0.45658454298973083,0.0,2342.924560546875,622.1499633789062
2077,0.45658454298973083,0.0,2285.221923828125,622.1499633789062
2078,0.45658454298973083,0.0,2227.521240234375,622.1499633789062
2079,0.45658454298973083,0.0,2169.816162109375,622.1499633789062
2080,0.45658454298973083,0.0,2112.113525390625,622.1499633789062
2097,0.45658454298973083,0.0,2054.412841796875,622.1499633789062
2100,0.45658454298973083,0.0,1996.710205078125,622.1499633789062
2101,0.45658454298973083,0.0,1939.0079345703125,622.1499633789062
2102,0.45658454298973083,0.0,1928.516845703125,622.1499633789062
2150,0.45658454298973083,0.0,1881.3060302734375,622.1499633789062
2151,0.45658454298973083,0.0,1823.5977783203125,622.1499633789062
2152,-0.30624470114707947,0.0,1764.2200927734375,622.1499633789062
2154,-0.30624496936798096,0.0,1702.4793701171875,622.1499633789062
2155,-0.30624496936798096,0.0,1640.73779296875,622.1499633789062
2156,-0.30624496936798096,0.0,1578.9970703125,622.1499633789062
2157,0.45658427476882935,0.0,1518.0262451171875,622.1499633789062
2158,0.45658454298973083,0.0,1460.3223876953125,622.1499633789062
2159,0.45658454298973083,0.0,1402.6204833984375,622.1499633789062
2166,0.45658454298973083,0.0,769.3528442382812,622.1630859375
2167,-0.45658427476882935,0.0,816.5641479492188,622.1630859375
2168,-0.45658454298973083,0.0,874.2662963867188,622.1630859375
2169,-0.45658454298973083,0.0,931.9684448242188,622.1630859375
2170,-0.45658454298973083,0.0,989.6704711914062,622.1630859375
2171,-0.45658454298973083,0.0,1047.3726806640625,622.1630859375
2172,-0.45658454298973083,0.0,1105.076904296875,622.1630859375
2173,-0.45658454298973083,0.0,1162.779052734375,623.050537109375
2174,-0.45658454298973083,0.0,1220.4862060546875,622.1630859375
2175,-0.45658454298973083,0.0,1278.188232421875,622.1630859375
2176,-0.45658454298973083,0.0,1335.8902587890625,622.1630859375
2177,-0.45658454298973083,0.0,1393.5926513671875,622.1630859375
2178,-0.45658454298973083,0.0,1451.294677734375,622.1630859375
2179,-0.9519528150558472,0.0,1495.9871826171875,622.1630859375
2180,-0.8896799087524414,0.0,1503.0845947265625,622.1630859375
2181,-0.30624473094940186,0.0,1467.91015625,622.1630859375
2182,0.45658454298973083,0.0,1408.4158935546875,622.1630859375
2183,0.45658454298973083,0.0,1350.7137451171875,622.1630859375
2185,0.45658454298973083,0.0,1293.0108642578125,622.1630859375
2186,0.45658454298973083,0.0,1235.3082275390625,622.1630859375
2187,0.45658454298973083,0.0,1177.6055908203125,623.81005859375
2191,0.45658454298973083,0.0,1119.9034423828125,623.81005859375
2192,0.45658454298973083,0.0,1062.2000732421875,623.81005859375
2193,-0.30624473094940186,0.0,1001.3464965820312,623.81005859375
2194,0.45658454298973083,0.0,942.5777587890625,623.81005859375
2195,-0.30624473094940186,0.0,883.9395141601562,623.81005859375
2196,-0.30624473094940186,0.0,822.1777954101562,623.81005859375
2197,0.45658454298973083,0.0,761.2092895507812,622.1630859375
2198,0.45658454298973083,0.0,703.5015258789062,622.1630859375
2199,0.45658454298973083,0.0,645.7993774414062,622.1630859375
2200,-0.30624473094940186,0.0,583.8510131835938,622.1630859375
2201,-0.30624473094940186,0.0,522.1098022460938,622.1630859375
2203,-0.30624473094940186,0.0,460.3688659667969,621.7501831054688
2204,-0.30624473094940186,0.0,398.6278381347656,621.7501831054688
2205,-0.30624473094940186,0.0,336.8871154785156,621.7501831054688
2206,-0.30624473094940186,0.0,275.1459655761719,621.7501831054688
2207,0.45658454298973083,0.0,214.17759704589844,621.7501831054688
2208,0.45658454298973083,0.0,156.47412109375,621.7501831054688
2209,0.45658454298973083,0.0,98.772216796875,621.7501831054688
2210,0.45658454298973083,0.0,41.05488204956055,621.7501831054688
2211,-0.30624473094940186,0.0,-19.057315826416016,621.7501831054688
2212,-0.30624473094940186,0.0,-80.7982406616211,621.7501831054688
2213,-0.30624473094940186,0.0,-142.53900146484375,621.7501831054688
2214,-0.30624473094940186,0.0,-204.28016662597656,621.7501831054688
2215,-0.30624473094940186,0.0,-266.0221252441406,621.7501831054688
2216,-0.30624473094940186,0.0,-327.7659912109375,621.7501831054688
2217,-0.30624473094940186,0.0,-389.50689697265625,621.7501831054688
2219,-0.30624473094940186,0.0,-451.24786376953125,621.7501831054688
2220,-0.30624473094940186,0.0,-512.9891967773438,621.7501831054688
2221,0.45658427476882935,0.0,-573.9575805664062,621.7501831054688
2222,0.45658454298973083,0.0,-631.6607055664062,621.7501831054688
2223,0.45658454298973083,0.0,-684.1170043945312,621.7501831054688
2224,0.45658454298973083,0.0,-689.3626098632812,621.7501831054688
2225,-0.30624473094940186,0.0,-750.6472778320312,621.7501831054688
2226,0.45658454298973083,0.0,-808.6796875,621.7501831054688
2227,0.45658454298973083,0.0,-866.3814086914062,621.7501831054688
2228,0.45658454298973083,0.0,-924.0836181640625,621.7501831054688
2229,-0.30624473094940186,0.0,-986.0324096679688,621.7501831054688
2230,0.2353610396385193,0.0,-1007.3447875976562,621.7501831054688
2231,0.9519528150558472,0.0,-992.3424682617188,621.7501831054688
2232,0.45658454298973083,0.0,-1032.7568359375,621.7501831054688
2233,0.45658454298973083,0.0,-1090.4598388671875,621.7501831054688
2234,0.45658454298973083,0.0,-1121.93310546875,621.7501831054688
2235,-0.8896799087524414,0.0,-1160.7706298828125,621.7501831054688
2236,-0.8896799087524414,0.0,-1188.22314453125,621.7501831054688
2237,-0.8896799087524414,0.0,-1217.836181640625,621.7501831054688
2238,-0.8896799087524414,0.0,-1247.452392578125,621.7501831054688
2239,-0.8896799087524414,0.0,-1277.064453125,621.7501831054688
2240,-0.8896805047988892,0.0,-1282.4488525390625,621.7501831054688
2241,0.30624473094940186,0.0,-1243.9002685546875,621.7501831054688
2242,-0.45658454298973083,0.0,-1182.25146484375,621.7501831054688
2243,-0.45658454298973083,0.0,-1124.4931640625,621.7501831054688
2244,-0.45658373832702637,0.0,-1119.24755859375,621.7501831054688
2245,0.45658454298973083,0.0,-1171.7049560546875,621.7501831054688
2246,0.45658427476882935,0.0,-1229.4071044921875,621.7501831054688
2247,-0.30624473094940186,0.0,-1288.78466796875,621.7501831054688
2250,-0.30624473094940186,0.0,-1350.53125,621.7501831054688
2251,-0.30624473094940186,0.0,-1412.2728271484375,621.7501831054688
2252,0.4565845727920532,0.0,-1472.1402587890625,621.7501831054688
2253,-0.30624473094940186,0.0,-1532.6204833984375,621.4902954101562
2254,-0.30624473094940186,0.0,-1594.36083984375,621.4902954101562
2255,0.45658454298973083,0.0,-1654.963623046875,621.4902954101562
2256,-0.30624473094940186,0.0,-1714.70849609375,621.4902954101562
2257,-0.30624473094940186,0.0,-1776.449951171875,621.4902954101562
2260,-0.30624473094940186,0.0,-1838.1905517578125,622.2685546875
2261,-0.30624473094940186,0.0,-1899.93115234375,622.2685546875
2262,-0.30624473094940186,0.0,-1961.6727294921875,622.2685546875
2263,-0.8896799087524414,0.0,-2018.3184814453125,622.2685546875
2264,-0.8896799087524414,0.0,-2047.9483642578125,621.4500732421875
2265,-0.9519528150558472,0.0,-2046.9993896484375,621.4500732421875
2266,-0.9519528150558472,0.0,-2027.1370849609375,621.4500732421875
2267,-0.9519528150558472,0.0,-2007.2747802734375,621.4500732421875
2268,-0.8896799087524414,0.0,-2012.31689453125,621.4500732421875
2269,-0.8896799087524414,0.0,-2041.880126953125,621.4500732421875
2270,-0.9519528150558472,0.0,-2045.2816162109375,621.4500732421875
2271,-0.45658454298973083,0.0,-1991.420166015625,621.4500732421875
2272,0.30624473094940186,0.0,-1930.5736083984375,621.4500732421875
2273,0.30624473094940186,0.0,-1868.8328857421875,621.4500732421875
2274,0.30624473094940186,0.0,-1807.09130859375,621.4500732421875
2275,0.6615380048751831,0.0,-1764.6453857421875,621.4500732421875
2276,-0.8896799087524414,0.0,-1770.0289306640625,621.4500732421875
2278,-0.8896799087524414,0.0,-1799.6424560546875,621.4500732421875
2279,-0.30624473094940186,0.0,-1840.6546630859375,621.4500732421875
2280,-0.30624473094940186,0.0,-1902.3953857421875,621.4500732421875
2281,-0.30624473094940186,0.0,-1964.13525390625,621.4500732421875
2282,0.45658454298973083,0.0,-2022.1685791015625,621.4500732421875
2283,0.9519528150558472,0.0,-2059.982177734375,621.4500732421875
2284,0.9519528746604919,0.0,-2079.844482421875,621.4500732421875
2285,0.9519528746604919,0.0,-2099.706787109375,621.4500732421875
2286,0.9519528746604919,0.0,-2119.569091796875,621.4500732421875
2287,0.9519528746604919,0.0,-2139.431396484375,621.4500732421875
2288,0.45658454298973083,0.0,-2172.6513671875,621.4500732421875
2289,-0.30624473094940186,0.0,-2234.601318359375,621.4500732421875
2290,-0.8896799087524414,0.0,-2291.17724609375,621.4500732421875
2291,-0.8896799087524414,0.0,-2320.806640625,621.4500732421875
2292,-0.8896799087524414,0.0,-2350.421630859375,621.4500732421875
2293,-0.8896799087524414,0.0,-2380.03515625,621.4500732421875
2294,-0.8896799087524414,0.0,-2409.650146484375,627.6785888671875
2295,-0.8896799087524414,0.0,-2434.305908203125,634.1803588867188
2296,-0.8896799087524414,0.0,-2432.59619140625,634.1803588867188
2297,-0.8896799087524414,0.0,-2433.506103515625,634.1803588867188
2298,-0.8896799087524414,0.0,-2433.262939453125,634.3296508789062
2299,-0.8896799087524414,0.0,-2433.169677734375,634.330078125
2300,-0.8896799087524414,0.0,-2433.169677734375,634.330078125
2301,-0.8896799087524414,0.0,-2433.169677734375,634.330078125
2302,-0.8896799087524414,0.0,-2433.169677734375,634.330078125
2303,-0.8896805047988892,0.0,-2433.169677734375,634.330078125
2306,-0.4566163122653961,0.0,-2378.17724609375,621.5679321289062
2309,0.3062294125556946,0.0,-2316.99658203125,621.5679321289062
2310,0.30622899532318115,0.0,-2255.25390625,621.5679321289062
2311,-0.4565834105014801,0.0,-2194.653076171875,621.5679321289062
2312,-0.9519526362419128,0.0,-2143.05908203125,621.5679321289062
2313,-0.8896809816360474,0.0,-2158.42919921875,621.5679321289062
2314,-0.8896809816360474,0.0,-2188.042236328125,621.5679321289062
2323,-0.8896809816360474,0.0,-2217.6552734375,621.5679321289062
2324,-0.9519526362419128,0.0,-2198.569091796875,621.5679321289062
2327,-0.9519526362419128,0.0,-2178.706787109375,621.5679321289062
2341,-0.9519526362419128,0.0,-2159.565185546875,621.5679321289062
2353,-0.9519526362419128,0.0,-2139.702880859375,621.5679321289062
2396,-0.8896803855895996,0.0,-2141.047119140625,621.5679321289062
2403,-0.8896809816360474,0.0,-2170.660400390625,621.5679321289062
2410,-0.9519523978233337,0.0,-2196.43212890625,621.5679321289062
2417,-0.9519526362419128,0.0,-2176.68896484375,621.5679321289062
2425,-0.8896809816360474,0.0,-2174.088134765625,621.5679321289062
2433,-0.8896809816360474,0.0,-2203.70166015625,621.5679321289062
2441,-0.8896809816360474,0.0,-2233.314697265625,621.5679321289062
2449,-0.9519526362419128,0.0,-2223.22314453125,621.5679321289062
2456,-0.3062460124492645,0.0,-2258.84521484375,621.5679321289062
2464,-0.951952338218689,0.0,-2285.19287109375,621.5679321289062
2477,-0.9519526362419128,0.0,-2265.33349609375,621.5679321289062
2484,-0.9519526362419128,0.0,-2245.47119140625,621.5679321289062
2491,-0.9519526362419128,0.0,-2225.60888671875,621.5679321289062
2498,-0.9519526362419128,0.0,-2205.74658203125,621.5679321289062
2505,-0.9519526362419128,0.0,-2185.88427734375,621.5679321289062
2512,-0.9519526362419128,0.0,-2166.02197265625,621.5679321289062
2519,-0.9519526362419128,0.0,-2146.15966796875,621.5679321289062
2526,-0.9519526362419128,0.0,-2126.29736328125,621.5679321289062
2532,-0.9519526362419128,0.0,-2106.43505859375,621.5679321289062
2538,-0.9519526362419128,0.0,-2086.57275390625,621.5679321289062
2544,-0.9519526362419128,0.0,-2066.708984375,621.5679321289062
2551,-0.9519526362419128,0.0,-2046.8472900390625,621.5679321289062
2558,-0.9519526362419128,0.0,-2026.9849853515625,621.5679321289062
2571,-0.9519526362419128,0.0,-2007.1226806640625,621.5679321289062
2578,-0.9519526362419128,0.0,-1987.2593994140625,621.5679321289062
2584,-0.9519526362419128,0.0,-1967.3966064453125,622.2518310546875
2591,-0.9519526362419128,0.0,-1947.5322265625,622.2518310546875
2598,-0.9519526362419128,0.0,-1927.669921875,622.2518310546875
2605,-0.9519526362419128,0.0,-1907.8076171875,622.2518310546875
2614,-0.9519526362419128,0.0,-1887.9453125,622.2518310546875
2623,-0.9519526362419128,0.0,-1868.0830078125,622.2518310546875
2632,-0.9519526362419128,0.0,-1848.19921875,621.56201171875
2641,-0.9519526362419128,0.0,-1828.3369140625,621.56201171875
2649,-0.306246280670166,0.0,-1865.7000732421875,621.56201171875
2657,-0.3062460124492645,0.0,-1927.43896484375,621.56201171875
2664,-0.9519526362419128,0.0,-1943.4510498046875,621.56201171875
2671,-0.9519526362419128,0.0,-1923.58837890625,621.56201171875
2837,-0.8896809816360474,0.0,-1953.2012939453125,621.56201171875
2840,-0.9519526362419128,0.0,-1938.611328125,621.56201171875
2845,-0.9519526362419128,0.0,-1918.7474365234375,621.56201171875
2849,-0.8896803855895996,0.0,-1911.6502685546875,621.56201171875
2852,-0.8896809816360474,0.0,-1941.2593994140625,621.56201171875
2855,-0.3062460124492645,0.0,-1985.1927490234375,621.56201171875
2859,-0.3062460124492645,0.0,-2046.9332275390625,621.56201171875
2863,-0.1731634885072708,0.0,-2086.130615234375,621.56201171875
2864,-0.45658281445503235,0.0,-2065.146728515625,621.56201171875
2868,-0.4565834105014801,0.0,-2007.4443359375,621.56201171875
2873,-0.45658233761787415,0.0,-1960.2333984375,621.56201171875
2877,0.45658281445503235,0.0,-1970.724609375,621.56201171875
2881,0.45658281445503235,0.0,-2028.4278564453125,621.56201171875
2884,0.7653316855430603,0.0,-2065.147705078125,621.56201171875
2885,-0.4565831124782562,0.0,-2045.6156005859375,621.56201171875
2889,-0.4565834105014801,0.0,-1990.8236083984375,621.56201171875
2893,-0.45657995343208313,0.0,-1943.6126708984375,621.56201171875
2898,0.8896803855895996,0.0,-1938.228271484375,621.56201171875
2902,0.9519526362419128,0.0,-1953.3458251953125,621.56201171875
2905,0.9519526362419128,0.0,-1949.4871826171875,621.56201171875
2965,0.8896809816360474,0.0,-1970.2745361328125,621.56201171875
2966,0.9980631470680237,0.0,-1959.5067138671875,621.56201171875
2995,0.5136262774467468,0.0,-1994.9193115234375,621.56201171875
2997,0.9698919653892517,0.0,-2036.9114990234375,621.56201171875
3002,0.5136108994483948,0.0,-2076.393310546875,621.56201171875
3004,0.5136108994483948,0.0,-2132.042724609375,621.56201171875
3006,0.5136120915412903,0.0,-2181.74462890625,621.56201171875
3007,-0.5136108994483948,0.0,-2176.6845703125,621.56201171875
3009,-0.9698919057846069,0.0,-2131.140869140625,621.56201171875
3012,0.5136108994483948,0.0,-2154.8828125,621.56201171875
3014,-0.2435358613729477,0.0,-2212.66796875,621.56201171875
3017,-0.009451726451516151,0.0,-2243.620361328125,621.56201171875
3018,-0.5136114954948425,0.0,-2238.562255859375,621.56201171875
3019,0.2435358613729477,0.0,-2180.77734375,621.56201171875
3020,0.8580229878425598,0.0,-2122.60400390625,621.56201171875
3021,0.8580233454704285,0.0,-2089.27587890625,621.56201171875
3023,0.8580233454704285,0.0,-2055.96435546875,621.56201171875
3029,0.8580233454704285,0.0,-2022.65234375,621.56201171875
3031,0.9698919057846069,0.0,-2015.3402099609375,621.56201171875
3033,0.7914398908615112,0.0,-2031.5084228515625,621.56201171875
3047,0.7914398908615112,0.0,-2394.000732421875,621.56201171875
3048,0.5136108994483948,0.0,-2423.016845703125,621.5624389648438
3049,0.5136108994483948,0.0,-2423.361083984375,621.5624389648438
3050,0.5136108994483948,0.0,-2419.095458984375,621.5624389648438
3051,0.5136120915412903,0.0,-2420.402587890625,628.75634765625
3052,-0.5136114954948425,0.0,-2395.107666015625,621.56201171875
3053,0.8246665000915527,0.0,-2360.20703125,621.56201171875
3054,-0.8580233454704285,0.0,-2372.3203125,621.56201171875
3055,-0.8580233454704285,0.0,-2405.63427734375,621.56201171875
3056,-0.8580233454704285,0.0,-2416.5986328125,621.5624389648438
3057,-0.8580226898193359,0.0,-2416.17236328125,621.5624389648438
3058,-0.5136108994483948,0.0,-2375.700927734375,621.5624389648438
3059,-0.8481693267822266,0.0,-2375.700927734375,621.5624389648438
3060,0.8580232858657837,0.0,-2342.382080078125,621.5624389648438
3061,0.8580233454704285,0.0,-2309.06884765625,621.5624389648438
3062,0.8580233454704285,0.0,-2275.75732421875,621.5624389648438
3063,0.8580233454704285,0.0,-2242.44580078125,621.5624389648438
3064,0.8580233454704285,0.0,-2209.13427734375,621.5624389648438
3065,0.8580233454704285,0.0,-2175.82275390625,621.5624389648438
3066,0.8580233454704285,0.0,-2142.49951171875,621.5624389648438
3068,0.8580233454704285,0.0,-2109.18798828125,621.5624389648438
3070,0.8580233454704285,0.0,-2075.87646484375,621.5624389648438
3072,0.8580233454704285,0.0,-2042.5645751953125,621.5624389648438
3073,0.8580233454704285,0.0,-2009.253662109375,621.5624389648438
3075,0.8580233454704285,0.0,-1975.9427490234375,621.5624389648438
3077,0.8580233454704285,0.0,-1942.6312255859375,621.5624389648438
3078,0.8580228686332703,0.0,-1942.6312255859375,621.5624389648438
3079,0.5136108994483948,0.0,-2003.849853515625,621.5624389648438
3080,-0.2435358613729477,0.0,-2063.614013671875,621.5624389648438
3081,-0.8580233454704285,0.0,-2097.592529296875,621.5624389648438
3082,-0.8580226898193359,0.0,-2106.677490234375,621.5624389648438
3098,-0.5136688351631165,0.0,-2066.20654296875,621.5624389648438
3102,-0.9698989391326904,0.0,-2049.645751953125,621.5624389648438
3104,-0.96989506483078,0.0,-2033.841796875,621.5624389648438
3106,-0.96989506483078,0.0,-2018.0487060546875,621.5624389648438
3109,-0.5136211514472961,0.0,-1984.583984375,621.5624389648438
3112,-0.513621985912323,0.0,-1928.9356689453125,621.5624389648438
3113,-0.513622522354126,0.0,-1918.818115234375,621.5624389648438
3115,-0.24352441728115082,0.0,-1964.6708984375,621.5624389648438
3117,-0.8580167293548584,0.0,-2014.7911376953125,621.5624389648438
3119,-0.9698948264122009,0.0,-2035.494384765625,622.360595703125
3121,-0.9698948264122009,0.0,-2019.703369140625,622.360595703125
3123,-0.5136211514472961,0.0,-2000.6361083984375,622.360595703125
3126,-0.8671913146972656,0.0,-1995.631591796875,622.360595703125
3144,0.8675699830055237,0.0,-2024.92724609375,622.360595703125
3146,0.8673129677772522,0.0,-2057.200927734375,622.360595703125
3148,0.8672345876693726,0.0,-2089.489990234375,621.56201171875
3150,0.8672121167182922,0.0,-2107.103759765625,621.56201171875
3153,-0.965312659740448,0.0,-2126.267333984375,621.56201171875
3155,-0.9653171896934509,0.0,-2143.23779296875,622.427978515625
3157,-0.8671936988830566,0.0,-2156.300048828125,622.427978515625
3159,-0.8671936988830566,0.0,-2124.113037109375,622.427978515625
3161,-0.8671936988830566,0.0,-2091.816162109375,622.427978515625
3163,-0.8671936988830566,0.0,-2059.518798828125,622.427978515625
3164,-0.8671936988830566,0.0,-2027.222412109375,622.427978515625
3165,-0.9653171300888062,0.0,-2029.9449462890625,621.56201171875
3167,-0.8671939969062805,0.0,-2029.6900634765625,621.56201171875
3169,-0.8671936988830566,0.0,-1997.3936767578125,621.56201171875
3171,-0.8671936988830566,0.0,-1965.0975341796875,621.56201171875
3173,-0.8671936988830566,0.0,-1932.800048828125,621.56201171875
3180,-0.8671936988830566,0.0,-1900.50244140625,621.56201171875
3183,-0.867193877696991,0.0,-1871.1417236328125,621.56201171875
3186,0.8671936988830566,0.0,-1874.07763671875,621.56201171875
3189,0.8671936988830566,0.0,-1906.3753662109375,621.56201171875
3192,0.8671936988830566,0.0,-1938.67236328125,621.56201171875
3195,0.8671941161155701,0.0,-1970.9700927734375,621.56201171875
3198,0.8671941161155701,0.0,-2003.266845703125,621.56201171875
3201,0.8671941161155701,0.0,-2035.5643310546875,621.56201171875
3204,0.8671941161155701,0.0,-2067.86083984375,621.56201171875
3207,0.9653171300888062,0.0,-2087.512451171875,622.427978515625
3210,0.9653171300888062,0.0,-2070.582763671875,622.427978515625
3213,0.4979706108570099,0.0,-2036.2147216796875,622.427978515625
3216,0.4979706108570099,0.0,-1979.970947265625,622.427978515625
3219,-0.2610803544521332,0.0,-1919.5072021484375,622.427978515625
3221,-0.2610803544521332,0.0,-1856.89892578125,622.427978515625
3223,-0.2610803544521332,0.0,-1794.290771484375,621.6507568359375
3226,-0.2610803544521332,0.0,-1731.6075439453125,621.6507568359375
3228,-0.2610803544521332,0.0,-1669.0001220703125,621.6507568359375
3229,-0.2610803544521332,0.0,-1606.3929443359375,621.6507568359375
3231,-0.2610803544521332,0.0,-1543.78466796875,621.6507568359375
3233,-0.8671936988830566,0.0,-1505.3013916015625,621.6507568359375
3234,-0.8671936988830566,0.0,-1472.9417724609375,621.6507568359375
3235,-0.8671936988830566,0.0,-1440.6441650390625,621.6507568359375
3236,-0.8671936988830566,0.0,-1409.3232421875,633.5545043945312
3238,-0.867193877696991,0.0,-1388.5675048828125,633.7049560546875
3243,0.4979706108570099,0.0,-1368.115478515625,633.7049560546875
3245,0.4979706108570099,0.0,-1311.871826171875,630.2982788085938
3248,0.971284806728363,0.0,-1270.025634765625,621.5498046875
3252,0.9618280529975891,0.0,-1275.21728515625,621.5498046875
3255,0.9034566879272461,0.0,-1299.2545166015625,621.5498046875
3259,0.8794054985046387,0.0,-1328.970947265625,621.5498046875
3262,0.8711678385734558,0.0,-1360.4482421875,621.5498046875
3263,0.8698275089263916,0.0,-1372.06201171875,621.5498046875
3272,0.49787020683288574,0.0,-1336.2679443359375,621.5498046875
3275,0.49793851375579834,0.0,-1280.021484375,621.5498046875
3278,0.49793851375579834,0.0,-1223.7769775390625,621.5498046875
3281,0.49793851375579834,0.0,-1167.53173828125,621.5498046875
3284,0.49793851375579834,0.0,-1111.287109375,621.5498046875
3285,0.49793869256973267,0.0,-1111.287109375,621.5498046875
3290,0.8672123551368713,0.0,-1143.5828857421875,621.5498046875
3293,0.8672124743461609,0.0,-1175.8778076171875,621.5498046875
3296,0.8672124743461609,0.0,-1208.172607421875,621.5498046875
3298,0.8672124743461609,0.0,-1240.46728515625,621.5498046875
3300,0.8672124743461609,0.0,-1272.767333984375,621.5498046875
3302,0.8672124743461609,0.0,-1305.0621337890625,621.5498046875
3305,0.8672124743461609,0.0,-1337.35693359375,621.5498046875
3306,0.8672121167182922,0.0,-1355.0015869140625,621.5498046875
3312,0.8672124743461609,0.0,-1368.7086181640625,621.5498046875
3314,0.8672124743461609,0.0,-1401.0750732421875,621.5498046875
3316,0.8672121167182922,0.0,-1415.75390625,621.5498046875
3317,-0.9483626484870911,0.0,-1406.7999267578125,621.5498046875
3318,-0.7651968598365784,0.0,-1388.8558349609375,621.5498046875
3319,0.7690959572792053,0.0,-1399.8516845703125,621.5498046875
3320,0.3555724620819092,0.0,-1423.7755126953125,621.5498046875
3321,-0.08574987947940826,0.0,-1447.714111328125,621.5498046875
3322,-0.7651735544204712,0.0,-1496.3035888671875,621.5498046875
3323,-0.7651856541633606,0.0,-1538.0594482421875,622.2583618164062
3324,-0.7651856541633606,0.0,-1579.814697265625,622.2583618164062
3325,-0.9963086843490601,0.0,-1596.5592041015625,622.2583618164062
3327,-0.9963086843490601,0.0,-1590.9925537109375,622.2583618164062
3328,-0.7651968598365784,0.0,-1614.9000244140625,622.2583618164062
3329,-0.7651968598365784,0.0,-1656.654296875,622.2583618164062
3331,-0.7651968598365784,0.0,-1698.411865234375,622.2583618164062
3332,-0.9963087439537048,0.0,-1723.75927734375,622.2583618164062
3333,-0.9963086843490601,0.0,-1718.18798828125,621.56201171875
3334,-0.7651968598365784,0.0,-1746.398681640625,621.56201171875
3335,-0.7651968598365784,0.0,-1788.1583251953125,621.56201171875
3336,-0.9963086843490601,0.0,-1796.29833984375,621.56201171875
3337,-0.7651968598365784,0.0,-1820.2049560546875,622.4177856445312
3338,-0.9963086843490601,0.0,-1836.948974609375,622.4177856445312
3339,-0.9963086843490601,0.0,-1831.38134765625,621.56201171875
3340,-0.7651968598365784,0.0,-1863.8936767578125,621.56201171875
3341,-0.9963086843490601,0.0,-1867.732177734375,621.56201171875
3342,-0.7651968598365784,0.0,-1904.546142578125,621.56201171875
3343,-0.9963086843490601,0.0,-1899.7806396484375,621.56201171875
3344,-0.9963086843490601,0.0,-1894.2130126953125,621.56201171875
3345,-0.9963086843490601,0.0,-1888.6463623046875,621.56201171875
3346,-0.9963086843490601,0.0,-1883.061767578125,621.56201171875
3347,-0.7651971578598022,0.0,-1919.8763427734375,621.56201171875
3348,-0.7651971578598022,0.0,-1961.63037109375,621.56201171875
3349,-0.7651971578598022,0.0,-2003.385498046875,621.56201171875
3350,-0.7651971578598022,0.0,-2045.1429443359375,621.56201171875
3351,-0.7651975154876709,0.0,-2064.122802734375,621.56201171875
3352,-0.6437960267066956,0.0,-2037.0521240234375,621.56201171875
3353,-0.6437963247299194,0.0,-1987.4229736328125,621.56201171875
3354,-0.6437957286834717,0.0,-1973.8878173828125,621.56201171875
3357,-0.7651973366737366,0.0,-2004.2552490234375,621.56201171875
3358,-0.7651968598365784,0.0,-2046.00927734375,621.56201171875
3359,-0.7651968598365784,0.0,-2087.763671875,621.56201171875
3361,-0.9963087439537048,0.0,-2104.508056640625,621.56201171875
3363,-0.9963086843490601,0.0,-2098.9404296875,621.56201171875
3365,-0.9963086843490601,0.0,-2093.373046875,621.56201171875
3367,-0.9963086843490601,0.0,-2087.807373046875,621.56201171875
3369,-0.9963086843490601,0.0,-2082.23974609375,621.56201171875
3398,-0.9963086843490601,0.0,-2076.672119140625,621.56201171875
3401,-0.9963086843490601,0.0,-2071.1044921875,624.8424072265625
3405,-0.9963086843490601,0.0,-2065.427734375,615.6902465820312
3410,-0.9963086843490601,0.0,-2059.862060546875,588.0884399414062
3415,-0.9963086843490601,0.0,-2054.29296875,559.3695068359375
3420,-0.9963086843490601,0.0,-2048.719970703125,530.6199951171875
3424,-0.9963086843490601,0.0,-2043.1529541015625,501.470458984375
3430,-0.9963086843490601,0.0,-2037.5863037109375,474.6905212402344
3434,-0.6437963247299194,0.0,-2016.542724609375,448.05987548828125
3438,-0.6437963247299194,0.0,-1966.9129638671875,428.31475830078125
3442,-0.9963086843490601,0.0,-1936.517333984375,403.890380859375
3447,-0.7651968598365784,0.0,-1956.1231689453125,375.3576965332031
3450,-0.7651968598365784,0.0,-1997.87744140625,352.3348083496094
3452,-0.7651968598365784,0.0,-2039.632568359375,328.140869140625
3454,-0.9963087439537048,0.0,-2060.677978515625,300.45794677734375
3456,-0.9963086843490601,0.0,-2055.1103515625,268.6083984375
3458,-0.9963086843490601,0.0,-2049.543212890625,239.31686401367188
3460,-0.9963086843490601,0.0,-2043.9761962890625,210.24195861816406
3462,-0.9963086843490601,0.0,-2038.4095458984375,181.01846313476562
3465,-0.9963086843490601,0.0,-2032.8419189453125,151.79502868652344
3468,-0.9963086843490601,0.0,-2027.2752685546875,130.2502899169922
3472,-0.7651971578598022,0.0,-2068.390869140625,130.2502899169922
3478,-0.7651971578598022,0.0,-2110.145751953125,130.2502899169922
3484,-0.9963086843490601,0.0,-2139.793212890625,130.2502899169922
3493,-0.9963086843490601,0.0,-2134.228759765625,130.2502899169922
3499,-0.9963086843490601,0.0,-2128.6611328125,130.2502899169922
3505,-0.9963086843490601,0.0,-2123.095458984375,130.2502899169922
3513,-0.9963086843490601,0.0,-2117.52783203125,131.60208129882812
3519,-0.7651968598365784,0.0,-2115.72021484375,131.60208129882812
3526,-0.7651971578598022,0.0,-2157.3779296875,131.60208129882812
3536,-0.9963087439537048,0.0,-2187.025634765625,131.15512084960938
3543,-0.9963086843490601,0.0,-2181.461181640625,131.4280242919922
3550,-0.9963086843490601,0.0,-2175.8935546875,131.4280242919922
3556,-0.9963086843490601,0.0,-2170.327880859375,131.4280242919922
3563,-0.9963086843490601,0.0,-2164.760498046875,130.14996337890625
3569,-0.9963086843490601,0.0,-2159.19287109375,130.14996337890625
3575,-0.7651968598365784,0.0,-2196.03857421875,130.14996337890625
3587,-0.9963086843490601,0.0,-2208.4794921875,130.14996337890625
3593,-0.9963086843490601,0.0,-2202.913818359375,130.14996337890625
3600,-0.9963086843490601,0.0,-2197.34619140625,130.14996337890625
3607,-0.7651968598365784,0.0,-2208.346923828125,130.14996337890625
3614,-0.7651968598365784,0.0,-2250.10205078125,130.14996337890625
3620,-0.9963086843490601,0.0,-2253.92626953125,130.14996337890625
3626,-0.9963086843490601,0.0,-2248.358642578125,130.14996337890625
3635,-0.9963086843490601,0.0,-2242.791015625,130.14996337890625
3641,-0.9963086843490601,0.0,-2237.225341796875,130.14996337890625
3646,-0.9963086843490601,0.0,-2231.65771484375,130.14996337890625
3651,-0.9963086843490601,0.0,-2226.090087890625,130.14996337890625
3656,-0.9963086843490601,0.0,-2220.5224609375,130.14996337890625
3660,-0.9963086843490601,0.0,-2214.956787109375,130.14996337890625
3664,-0.9963086843490601,0.0,-2209.38916015625,130.14996337890625
3668,-0.9963086843490601,0.0,-2203.821533203125,130.14996337890625
3673,-0.9963086843490601,0.0,-2198.25390625,130.14996337890625
3680,-0.9963086843490601,0.0,-2192.688232421875,130.14996337890625
3687,-0.9963086843490601,0.0,-2187.12060546875,130.14996337890625
3694,-0.9963086843490601,0.0,-2181.552978515625,130.14996337890625
3734,-0.9963086843490601,0.0,-2175.98583984375,130.14996337890625
3741,-0.9963086843490601,0.0,-2170.418212890625,130.14996337890625
3753,-0.9963086843490601,0.0,-2165.082275390625,130.14996337890625
3762,-0.9963086843490601,0.0,-2159.5146484375,130.14996337890625
3776,-0.9963086843490601,0.0,-2153.948974609375,130.14996337890625
3786,-0.9963086843490601,0.0,-2148.38134765625,130.14996337890625
3796,-0.9963086843490601,0.0,-2142.813720703125,130.14996337890625
3804,-0.9963086843490601,0.0,-2137.24609375,130.14996337890625
3813,-0.9963086843490601,0.0,-2132.08642578125,130.14996337890625
3821,-0.9963086843490601,0.0,-2126.518798828125,130.14996337890625
3829,-0.9963086843490601,0.0,-2120.95166015625,130.14996337890625
3837,-0.9963086843490601,0.0,-2115.383544921875,130.14996337890625
3845,-0.9963086843490601,0.0,-2109.81591796875,130.14996337890625
3853,-0.7651968598365784,0.0,-2116.517822265625,130.14996337890625
3863,-0.7651968598365784,0.0,-2158.27099609375,130.14996337890625
3872,-0.7651968598365784,0.0,-2200.044677734375,130.14996337890625
3881,-0.7651968598365784,0.0,-2241.799560546875,130.14996337890625
3888,-0.7651981711387634,0.0,-2264.57470703125,130.14996337890625
3901,0.7651968598365784,0.0,-2245.59521484375,130.14996337890625
3908,0.7651971578598022,0.0,-2203.84033203125,130.14996337890625
4136,0.7662485241889954,0.0,-1789.9114990234375,130.1919708251953
4397,-0.32624340057373047,0.0,-2283.27783203125,130.37905883789062
4398,-0.32624268531799316,0.0,-2305.57177734375,130.37905883789062
4401,-0.32624340057373047,0.0,-2305.789306640625,130.3790740966797
4460,0.3262426257133484,0.0,-2261.201416015625,130.3790740966797
4466,0.3262426257133484,0.0,-2199.892578125,130.3790740966797
4475,0.3262426257133484,0.0,-2138.57568359375,130.3790740966797
4481,0.3262426257133484,0.0,-2077.266845703125,130.3790740966797
4490,0.3262426257133484,0.0,-2019.5721435546875,130.3790740966797
4498,0.8991066217422485,0.0,-1960.664794921875,130.3790740966797
4508,0.8991066217422485,0.0,-1932.1627197265625,130.3790740966797
4514,0.8991066217422485,0.0,-1903.7725830078125,130.3790740966797
4520,0.8991066217422485,0.0,-1875.3824462890625,130.3790740966797
4524,0.8991066217422485,0.0,-1846.992919921875,130.3790740966797
4528,0.3262426257133484,0.0,-1800.9459228515625,130.3790740966797
4532,-0.43772992491722107,0.0,-1740.684326171875,130.3790740966797
4535,-0.9452861547470093,0.0,-1712.02490234375,130.3790740966797
4539,-0.8991065621376038,0.0,-1717.155029296875,130.3790740966797
4548,-0.3262426257133484,0.0,-1775.171630859375,130.3790740966797
4553,-0.3262426257133484,0.0,-1836.4808349609375,130.3790740966797
4558,-0.8991066217422485,0.0,-1892.4892578125,130.3790740966797
4563,-0.8991065621376038,0.0,-1920.929443359375,130.3790740966797
4574,-0.8991065621376038,0.0,-1949.31884765625,130.3790740966797
4581,-0.8991065621376038,0.0,-1977.70947265625,130.3790740966797
4588,-0.9452861547470093,0.0,-1967.8846435546875,130.3790740966797
4596,-0.43772992491722107,0.0,-1930.2227783203125,130.3790740966797
4605,-0.43772992491722107,0.0,-1871.909912109375,130.3790740966797
4615,0.3262426257133484,0.0,-1811.420654296875,130.3790740966797
4626,0.8991066217422485,0.0,-1782.3277587890625,130.3790740966797
4640,0.8991066217422485,0.0,-1753.9375,130.3790740966797
4652,0.9452857971191406,0.0,-1756.3094482421875,130.3790740966797
4664,0.4377295970916748,0.0,-1787.55078125,130.3790740966797
4675,-0.32624268531799316,0.0,-1846.90234375,130.3790740966797
4686,-0.8991066217422485,0.0,-1902.91552734375,130.3790740966797
4697,-0.8991065621376038,0.0,-1931.3232421875,130.3790740966797
4720,-0.8991065621376038,0.0,-1959.7137451171875,130.3790740966797
4730,-0.32624268531799316,0.0,-1990.8385009765625,130.3790740966797
4741,0.4377295970916748,0.0,-2051.331787109375,130.3790740966797
4751,0.43772992491722107,0.0,-2109.662109375,130.3790740966797
4761,0.43772992491722107,0.0,-2167.9755859375,130.3790740966797
4770,0.43772992491722107,0.0,-2226.3251953125,130.3790740966797
4779,0.9452861547470093,0.0,-2271.872314453125,130.3790740966797
4789,0.9452857971191406,0.0,-2293.032958984375,130.3790740966797
4798,0.8991065621376038,0.0,-2301.413818359375,130.3790740966797
4807,0.32624268531799316,0.0,-2258.36279296875,130.3790740966797
4816,-0.43772992491722107,0.0,-2197.066162109375,130.3790740966797
4825,-0.43772992491722107,0.0,-2138.691650390625,130.3790740966797
4834,-0.9452861547470093,0.0,-2096.523193359375,130.3790740966797
4844,-0.9452861547470093,0.0,-2075.3623046875,130.3790740966797
4852,-0.8991065621376038,0.0,-2075.989013671875,130.3790740966797
4868,-0.3262426257133484,0.0,-2110.071044921875,130.3790740966797
4876,-0.3262426257133484,0.0,-2171.391357421875,130.3790740966797
4885,-0.3262426257133484,0.0,-2232.6982421875,130.3790740966797
4893,-0.8991065621376038,0.0,-2261.79150390625,130.3790740966797
4902,-0.8991065621376038,0.0,-2290.1806640625,130.3790740966797
4911,-0.8991065621376038,0.0,-2318.571044921875,130.3790740966797
4920,-0.8991065621376038,0.0,-2346.959228515625,144.0384063720703
4928,-0.9452861547470093,0.0,-2358.101318359375,137.39622497558594
4936,-0.9452861547470093,0.0,-2336.94189453125,130.37905883789062
4944,-0.43772992491722107,0.0,-2299.280517578125,130.37905883789062
4951,0.3262426257133484,0.0,-2238.29345703125,130.37905883789062
4958,0.3262426257133484,0.0,-2176.984619140625,130.37905883789062
4965,0.8991065621376038,0.0,-2132.92919921875,130.37905883789062
4972,0.8991066217422485,0.0,-2104.540771484375,130.37905883789062
4987,0.8991066217422485,0.0,-2076.150390625,130.37905883789062
4995,0.8991066217422485,0.0,-2047.7625732421875,130.37905883789062
5002,0.8991066217422485,0.0,-2019.3642578125,130.37905883789062
5009,0.8991066217422485,0.0,-1990.9620361328125,130.37905883789062
5016,0.8991066217422485,0.0,-1962.5086669921875,130.37905883789062
5022,0.3262426257133484,0.0,-1919.454345703125,130.37905883789062
5028,0.3262426257133484,0.0,-1858.14501953125,130.37905883789062
5034,-0.4377295970916748,0.0,-1797.3402099609375,130.37905883789062
5040,-0.43772992491722107,0.0,-1739.0252685546875,130.37905883789062
5047,-0.9452861547470093,0.0,-1706.988525390625,130.37905883789062
5053,-0.9452861547470093,0.0,-1685.82861328125,130.37905883789062
5059,-0.8991065621376038,0.0,-1713.4818115234375,130.37905883789062
5066,-0.8991065621376038,0.0,-1741.8712158203125,130.37905883789062
5073,-0.3262426257133484,0.0,-1778.9412841796875,130.37905883789062
5078,-0.3262426257133484,0.0,-1840.2489013671875,130.37905883789062
5088,-0.3262426257133484,0.0,-1901.557373046875,130.37905883789062
5093,-0.8991066217422485,0.0,-1945.613525390625,130.37905883789062
5099,-0.8991065621376038,0.0,-1974.003662109375,130.37905883789062
5106,-0.3262426257133484,0.0,-2014.0653076171875,130.37905883789062
5113,0.4377295970916748,0.0,-2072.965087890625,130.37905883789062
5122,0.4377295970916748,0.0,-2131.27880859375,130.37905883789062
5130,0.9452861547470093,0.0,-2173.4482421875,130.37905883789062
5138,0.8991065621376038,0.0,-2181.8291015625,130.37905883789062
5146,0.3262426257133484,0.0,-2123.814453125,130.37905883789062
5155,0.8991066217422485,0.0,-2067.807373046875,130.37905883789062
5162,0.8991066217422485,0.0,-2039.399658203125,130.37905883789062
5169,0.3262426257133484,0.0,-1999.337890625,130.37905883789062
5175,0.3262426257133484,0.0,-1938.0294189453125,130.37905883789062
5181,0.3262426257133484,0.0,-1876.72021484375,130.37905883789062
5187,0.3262426257133484,0.0,-1815.4095458984375,130.37905883789062
5193,0.3262426257133484,0.0,-1754.1002197265625,130.37905883789062
5199,0.3262426257133484,0.0,-1692.791015625,130.37905883789062
5205,0.3262426257133484,0.0,-1631.4825439453125,130.37905883789062
5210,0.3262426257133484,0.0,-1570.174072265625,130.37905883789062
5215,0.8991066217422485,0.0,-1514.1654052734375,130.37905883789062
5218,0.8991066217422485,0.0,-1485.7581787109375,130.37905883789062
5220,0.8991066217422485,0.0,-1457.367919921875,130.37905883789062
5223,0.8991066217422485,0.0,-1428.977783203125,130.37905883789062
5224,0.8991066217422485,0.0,-1400.5882568359375,130.37905883789062
5226,0.8991066217422485,0.0,-1372.197998046875,130.37905883789062
5229,0.9452861547470093,0.0,-1383.5850830078125,130.37905883789062
5231,0.9452861547470093,0.0,-1404.7449951171875,130.37905883789062
5233,0.9452861547470093,0.0,-1425.9039306640625,130.37905883789062
5237,0.9452861547470093,0.0,-1447.0640869140625,130.37905883789062
5241,0.9452861547470093,0.0,-1468.2239990234375,130.37905883789062
5246,0.9452861547470093,0.0,-1489.3829345703125,130.37905883789062
5252,0.9452861547470093,0.0,-1510.5428466796875,130.37905883789062
5257,0.9452861547470093,0.0,-1531.7017822265625,130.37905883789062
5262,0.9452861547470093,0.0,-1552.8616943359375,130.37905883789062
5267,0.8991065621376038,0.0,-1556.73974609375,130.37905883789062
5272,0.8991066217422485,0.0,-1528.3509521484375,130.37905883789062
5277,0.9452861547470093,0.0,-1503.8133544921875,130.37905883789062
5282,0.9452861547470093,0.0,-1524.8536376953125,130.37905883789062
5287,0.43772992491722107,0.0,-1562.514892578125,130.37905883789062
5292,0.4377295970916748,0.0,-1620.8284912109375,130.37905883789062
5298,-0.8991066217422485,0.0,-1677.5377197265625,130.37905883789062
5303,-0.8991065621376038,0.0,-1706.0535888671875,130.37905883789062
5308,-0.8991065621376038,0.0,-1734.44287109375,130.37905883789062
5313,-0.8991065621376038,0.0,-1762.833251953125,130.37905883789062
5320,-0.8991065621376038,0.0,-1791.223388671875,130.37905883789062
5326,-0.8991065621376038,0.0,-1819.6136474609375,130.37905883789062
5330,-0.8991065621376038,0.0,-1848.0037841796875,130.37905883789062
5335,-0.9452861547470093,0.0,-1832.1187744140625,130.37905883789062
5342,-0.9452861547470093,0.0,-1810.9598388671875,130.37905883789062
5348,-0.9452861547470093,0.0,-1789.7999267578125,130.37905883789062
5355,-0.8991066217422485,0.0,-1772.520263671875,130.37905883789062
5363,-0.8991065621376038,0.0,-1800.7977294921875,130.37905883789062
5372,-0.8991065621376038,0.0,-1829.18701171875,130.37905883789062
5381,-0.8991065621376038,0.0,-1857.577392578125,130.37905883789062
5390,-0.8991065621376038,0.0,-1885.9676513671875,130.37905883789062
5398,-0.8991065621376038,0.0,-1914.35693359375,130.37905883789062
5407,-0.8991065621376038,0.0,-1942.7789306640625,130.37905883789062
5413,-0.8991065621376038,0.0,-1971.169189453125,130.37905883789062
5419,-0.8991065621376038,0.0,-1999.5594482421875,130.37905883789062
5428,-0.8991065621376038,0.0,-2027.9495849609375,130.37905883789062
5433,-0.8991065621376038,0.0,-2056.340576171875,130.37905883789062
5439,-0.8991065621376038,0.0,-2084.72900390625,130.37905883789062
5444,-0.8991065621376038,0.0,-2113.117431640625,130.37905883789062
5449,-0.8991065621376038,0.0,-2141.507568359375,130.37905883789062
5454,-0.3262426257133484,0.0,-2193.537109375,130.37905883789062
5461,-0.3262426257133484,0.0,-2254.845947265625,130.37905883789062
5468,-0.3262426257133484,0.0,-2316.15478515625,130.37905883789062
5474,-0.8991066217422485,0.0,-2375.060546875,154.17242431640625
5479,-0.8991065621376038,0.0,-2403.56298828125,154.17242431640625
5484,-0.32624268531799316,0.0,-2446.617431640625,145.12046813964844
5490,-0.3262426257133484,0.0,-2507.92626953125,130.37905883789062
5495,-0.3262426257133484,0.0,-2569.386962890625,130.37905883789062
5500,-0.3262426257133484,0.0,-2630.774658203125,130.37905883789062
5505,-0.3262426257133484,0.0,-2692.08349609375,130.37905883789062
5515,-0.3262426257133484,0.0,-2753.392333984375,130.37905883789062
5519,-0.3262426257133484,0.0,-2814.69921875,130.37905883789062
5523,-0.3262426257133484,0.0,-2876.009033203125,130.37905883789062
5527,0.43772992491722107,0.0,-2935.7724609375,130.37905883789062
5532,-0.3262426257133484,0.0,-2995.41064453125,130.37905883789062
5538,-0.3262426257133484,0.0,-3056.719482421875,130.37905883789062
5544,-0.32624268531799316,0.0,-3091.539306640625,130.37905883789062
5550,-0.3262426257133484,0.0,-3152.805908203125,130.37905883789062
5556,-0.3262426257133484,0.0,-3214.11474609375,130.37905883789062
5561,0.43772992491722107,0.0,-3273.299560546875,130.37905883789062
5566,-0.3262426257133484,0.0,-3332.376220703125,130.37905883789062
5571,-0.3262426257133484,0.0,-3393.690673828125,130.37905883789062
5576,-0.3262426257133484,0.0,-3454.999267578125,130.37905883789062
5630,-0.5403363704681396,0.0,-3477.293212890625,130.37905883789062
5885,0.32624268531799316,0.0,-4070.699951171875,131.60325622558594
5892,-0.43772992491722107,0.0,-4009.893798828125,131.60325622558594
5903,-0.43772992491722107,0.0,-3951.579345703125,131.60325622558594
5908,0.3262426257133484,0.0,-3891.953369140625,131.60325622558594
5913,0.3262426257133484,0.0,-3830.644775390625,131.60325622558594
5918,0.3262426257133484,0.0,-3769.336181640625,130.14996337890625
5926,0.3262426257133484,0.0,-3708.02734375,130.14996337890625
5931,-0.43772992491722107,0.0,-3648.13134765625,130.14996337890625
5935,-0.43772992491722107,0.0,-3589.818115234375,130.14996337890625
5939,-0.43772992491722107,0.0,-3531.50439453125,130.14996337890625
5944,-0.43772992491722107,0.0,-3473.191162109375,130.14996337890625
5949,-0.43772992491722107,0.0,-3414.869873046875,130.14996337890625
5955,-0.43772992491722107,0.0,-3356.555908203125,130.14996337890625
5959,-0.43772992491722107,0.0,-3298.243896484375,130.14996337890625
5962,0.3262426257133484,0.0,-3236.71142578125,130.14996337890625
5966,0.3262426257133484,0.0,-3175.402587890625,130.14996337890625
5974,0.3262426257133484,0.0,-3114.09375,130.14996337890625
5980,0.3262426257133484,0.0,-3052.785888671875,130.14996337890625
5985,0.3262426257133484,0.0,-2991.47705078125,130.14996337890625
5986,0.32624274492263794,0.0,-2974.756103515625,130.14996337890625
5995,0.43772992491722107,0.0,-3018.5693359375,130.14996337890625
6001,0.4377295970916748,0.0,-3076.88427734375,130.14996337890625
6007,-0.32624268531799316,0.0,-3136.236572265625,130.14996337890625
6014,-0.3262426257133484,0.0,-3197.546630859375,130.14996337890625
6021,-0.3262426257133484,0.0,-3258.853515625,130.14996337890625
6030,-0.3262426257133484,0.0,-3320.162353515625,130.14996337890625
6040,-0.3262426257133484,0.0,-3381.47900390625,130.14996337890625
6048,0.43772992491722107,0.0,-3442.01318359375,130.14996337890625
6055,0.9452861547470093,0.0,-3474.048828125,130.14996337890625
6069,0.43772992491722107,0.0,-3504.9560546875,130.14996337890625
6076,0.43772992491722107,0.0,-3563.268798828125,130.14996337890625
6082,-0.32624268531799316,0.0,-3623.43994140625,130.14996337890625
6088,-0.3262426257133484,0.0,-3684.748779296875,130.14996337890625
6094,0.43772992491722107,0.0,-3744.46533203125,130.14996337890625
6100,0.43772992491722107,0.0,-3802.778564453125,130.14996337890625
6107,0.43772992491722107,0.0,-3861.091796875,131.59365844726562
6113,-0.3262426257133484,0.0,-3920.991943359375,131.59365844726562
6119,-0.3262426257133484,0.0,-3982.298828125,131.59365844726562
6125,-0.32624268531799316,0.0,-4026.06298828125,131.59365844726562
6131,-0.3262426257133484,0.0,-4087.364501953125,131.59365844726562
6138,-0.3262426257133484,0.0,-4148.67431640625,131.59365844726562
6144,-0.3262426257133484,0.0,-4209.98583984375,130.14996337890625
6150,-0.3262426257133484,0.0,-4271.29345703125,130.14996337890625
6156,-0.3262426257133484,0.0,-4332.6044921875,130.14996337890625
6162,-0.3262426257133484,0.0,-4393.91552734375,130.14996337890625
6167,-0.8991065621376038,0.0,-4431.9853515625,131.43536376953125
6168,-0.4183977246284485,0.0,-4462.1328125,131.43536376953125
6173,-0.9452861547470093,0.0,-4453.693359375,131.43536376953125
6176,-0.9452861547470093,0.0,-4433.48095703125,131.43536376953125
6179,-0.43772992491722107,0.0,-4389.064453125,131.43536376953125
6183,-0.43772992491722107,0.0,-4330.71533203125,131.43536376953125
6188,-0.43772992491722107,0.0,-4272.400390625,131.43536376953125
6192,-0.43772992491722107,0.0,-4214.08935546875,131.43536376953125
6214,-0.4377291202545166,0.0,-3664.022216796875,130.30886840820312
6217,0.3262426257133484,0.0,-3613.859375,130.30886840820312
6220,0.3262426257133484,0.0,-3552.552490234375,130.30886840820312
6223,0.3262426257133484,0.0,-3491.24365234375,130.30886840820312
6227,0.3262426257133484,0.0,-3429.934814453125,130.30886840820312
6230,0.3262426257133484,0.0,-3368.6259765625,130.30886840820312
6233,0.3262426257133484,0.0,-3307.314697265625,130.30886840820312
6236,0.9452861547470093,0.0,-3267.113037109375,130.30886840820312
6274,0.9452857971191406,0.0,-3288.1728515625,130.30886840820312
6436,-0.32624268531799316,0.0,-3334.882080078125,130.30886840820312
6530,0.32624268531799316,0.0,-3840.745361328125,130.1919708251953
6537,0.32644712924957275,0.0,-3779.439208984375,130.1919708251953
6543,0.32687869668006897,0.0,-3717.82763671875,130.1919708251953
6556,0.3271556496620178,0.0,-3656.53759765625,130.1919708251953
6561,0.3269847333431244,0.0,-3612.862060546875,130.1919708251953
6712,0.3262426257133484,0.0,-3552.637939453125,130.1919708251953
6713,0.9994673728942871,0.0,-3535.9169921875,130.1919708251953
6720,-0.3262426257133484,0.0,-3555.492431640625,130.1919708251953
6724,-0.3262426257133484,0.0,-3582.71826171875,130.1919708251953
6772,-0.326243132352829,0.0,-4195.1171875,131.4770050048828
6780,-0.3262426257133484,0.0,-4206.26708984375,131.4770050048828
6788,-0.3262426257133484,0.0,-4267.5751953125,131.4770050048828
6796,-0.3262426257133484,0.0,-4328.8828125,132.55015563964844
6804,-0.3262426257133484,0.0,-4390.19677734375,132.55015563964844
6812,-0.3262426257133484,0.0,-4451.51708984375,132.55015563964844
6820,-0.3262426257133484,0.0,-4512.82470703125,132.55015563964844
6827,-0.8991065621376038,0.0,-4556.8818359375,132.55015563964844
6834,-0.8991065621376038,0.0,-4585.271484375,132.55015563964844
6841,-0.9452861547470093,0.0,-4578.396484375,132.55015563964844
6848,-0.8991065621376038,0.0,-4588.0322265625,130.23313903808594
6855,-0.3262426257133484,0.0,-4643.0546875,130.23313903808594
6861,-0.3262426257133484,0.0,-4676.55224609375,130.23313903808594
6869,-0.3262426257133484,0.0,-4736.60009765625,130.23313903808594
6876,-0.3262426257133484,0.0,-4797.9111328125,130.23313903808594
6892,-0.3262426257133484,0.0,-4859.22802734375,130.23313903808594
6898,-0.3262426257133484,0.0,-4920.5361328125,130.23313903808594
6907,-0.3262426257133484,0.0,-4981.9033203125,130.23313903808594
6912,-0.3262426257133484,0.0,-5043.2109375,130.23313903808594
6917,-0.3262426257133484,0.0,-5104.52197265625,130.23313903808594
6922,0.43772992491722107,0.0,-5163.6962890625,130.23313903808594
6927,-0.3262426257133484,0.0,-5224.41015625,130.23313903808594
6936,-0.3262426257133484,0.0,-5285.7216796875,130.23313903808594
6941,-0.3262426257133484,0.0,-5347.03271484375,130.23313903808594
6946,-0.3262426257133484,0.0,-5408.3408203125,130.23313903808594
6952,0.4377295970916748,0.0,-5469.41357421875,130.23313903808594
6958,0.4377295970916748,0.0,-5527.73583984375,130.23313903808594
6965,-0.3262426257133484,0.0,-5588.44921875,130.23313903808594
6970,-0.3262426257133484,0.0,-5649.7607421875,130.23313903808594
6975,-0.3262426257133484,0.0,-5711.07373046875,130.23313903808594
6981,-0.3262426257133484,0.0,-5772.380859375,130.23313903808594
6987,-0.3262426257133484,0.0,-5833.69140625,130.23313903808594
6995,-0.3262426257133484,0.0,-5895.00244140625,130.23313903808594
7003,0.4377295970916748,0.0,-5954.4501953125,130.23313903808594
7009,0.4377295970916748,0.0,-6012.76513671875,130.23313903808594
7015,0.9452857971191406,0.0,-6068.32763671875,130.23313903808594
7021,0.9452857971191406,0.0,-6079.98486328125,130.23313903808594
7048,0.43772992491722107,0.0,-6095.98046875,130.23313903808594
7056,0.43772992491722107,0.0,-6154.310546875,130.23313903808594
7061,0.43772992491722107,0.0,-6212.62548828125,130.23313903808594
7066,0.43772992491722107,0.0,-6270.9404296875,130.23313903808594
7071,0.43772992491722107,0.0,-6329.25537109375,130.6197967529297
7076,0.43772992491722107,0.0,-6387.56640625,132.33416748046875
7079,0.9452857971191406,0.0,-6436.49169921875,132.33416748046875
7083,0.9452857971191406,0.0,-6457.65185546875,130.6461944580078
7087,0.8991066217422485,0.0,-6448.01416015625,130.6461944580078
7091,0.8991066217422485,0.0,-6419.61669921875,130.19195556640625
7095,0.8991066217422485,0.0,-6391.22314453125,130.6549835205078
7099,0.8991066217422485,0.0,-6362.81494140625,130.6549835205078
7103,0.8991066217422485,0.0,-6334.42529296875,130.6549835205078
7107,0.8991066217422485,0.0,-6306.03173828125,130.6549835205078
7113,0.9452857971191406,0.0,-6308.40380859375,130.59701538085938
7117,0.9452857971191406,0.0,-6329.5595703125,130.59701538085938
7122,0.9452857971191406,0.0,-6350.71533203125,130.59701538085938
7127,0.9452857971191406,0.0,-6371.87109375,130.59701538085938
7133,0.9452857971191406,0.0,-6393.03076171875,130.59701538085938
7138,0.9452857971191406,0.0,-6414.1865234375,130.59701538085938
7143,0.4377295970916748,0.0,-6438.38916015625,130.59701538085938
7147,0.4377295970916748,0.0,-6496.6484375,130.59701538085938
7155,0.4377295970916748,0.0,-6554.96337890625,130.59701538085938
7161,0.4377295970916748,0.0,-6613.2783203125,130.05003356933594
7167,0.4377295970916748,0.0,-6671.59326171875,130.05003356933594
7173,0.4377295970916748,0.0,-6729.90673828125,130.05003356933594
7180,0.4377295970916748,0.0,-6788.2216796875,130.05003356933594
7186,0.4377295970916748,0.0,-6846.53662109375,131.60317993164062
7192,0.4377295970916748,0.0,-6904.84765625,131.60317993164062
7198,0.4377295970916748,0.0,-6963.16259765625,131.60317993164062
7204,0.4377295970916748,0.0,-7021.4775390625,131.60317993164062
7210,0.4377295970916748,0.0,-7079.79248046875,131.60317993164062
7217,0.4377295970916748,0.0,-7138.103515625,131.60317993164062
7225,0.4377295970916748,0.0,-7196.41845703125,130.05001831054688
7233,-0.32624268531799316,0.0,-7255.1875,130.05001831054688
7240,0.43772992491722107,0.0,-7309.56591796875,130.05001831054688
7246,0.43772992491722107,0.0,-7367.876953125,130.05001831054688
7251,-0.3262426257133484,0.0,-7428.865234375,130.05001831054688
7260,-0.8991066217422485,0.0,-7484.8759765625,130.05001831054688
7266,-0.8991065621376038,0.0,-7513.2841796875,130.05001831054688
7271,-0.3262426257133484,0.0,-7547.3681640625,130.05001831054688
7276,-0.3262426257133484,0.0,-7608.67041015625,130.05001831054688
7281,-0.3262426257133484,0.0,-7669.978515625,130.05001831054688
7285,-0.3262426257133484,0.0,-7731.2890625,130.05001831054688
7288,-0.8991065621376038,0.0,-7772.3544921875,130.05001831054688
7291,-0.32624268531799316,0.0,-7809.42431640625,130.05001831054688
7297,-0.3262426257133484,0.0,-7870.7333984375,130.05001831054688
7301,-0.8991065621376038,0.0,-7905.81103515625,130.05001831054688
7306,-0.8991065621376038,0.0,-7934.20458984375,130.05001831054688
7310,-0.8991065621376038,0.0,-7962.59423828125,130.05001831054688
7314,-0.8991065621376038,0.0,-7990.98779296875,130.05001831054688
7318,-0.8991065621376038,0.0,-8019.37744140625,130.05001831054688
7322,-0.8991065621376038,0.0,-8047.77099609375,130.05001831054688
7330,-0.8991065621376038,0.0,-8076.16064453125,130.05001831054688
7334,-0.8991065621376038,0.0,-8104.55419921875,130.05001831054688
7338,-0.8991065621376038,0.0,-8132.94384765625,130.05001831054688
7345,-0.8991065621376038,0.0,-8161.33740234375,130.05001831054688
7353,-0.8991065621376038,0.0,-8189.72705078125,130.05001831054688
7358,-0.8991065621376038,0.0,-8218.1181640625,130.05001831054688
7360,-0.8991065621376038,0.0,-8246.5146484375,130.05001831054688
7362,-0.8991065621376038,0.0,-8274.904296875,130.05001831054688
7364,-0.8991065621376038,0.0,-8303.2939453125,130.05001831054688
7366,-0.8991065621376038,0.0,-8331.68359375,130.05001831054688
7368,-0.8991065621376038,0.0,-8360.0810546875,130.05001831054688
7370,-0.8991065621376038,0.0,-8388.4931640625,130.05001831054688
7372,-0.8991065621376038,0.0,-8416.8828125,130.05001831054688
7374,-0.8991065621376038,0.0,-8445.2802734375,130.05001831054688
7376,-0.8991065621376038,0.0,-8473.669921875,130.05001831054688
7381,-0.8991065621376038,0.0,-8480.5654296875,130.1919708251953
7384,-0.8991065621376038,0.0,-8462.73828125,130.1919708251953
7387,-0.9452861547470093,0.0,-8424.9697265625,130.1919708251953
7389,-0.43772992491722107,0.0,-8391.6171875,130.1919708251953
7391,-0.43772992491722107,0.0,-8333.31640625,130.1919708251953
7394,-0.43772992491722107,0.0,-8275.009765625,130.1919708251953
7399,-0.43772992491722107,0.0,-8216.6953125,130.1919708251953
7403,-0.43772992491722107,0.0,-8158.3857421875,130.1919708251953
7407,-0.43772992491722107,0.0,-8100.07080078125,130.1919708251953
7411,-0.43772992491722107,0.0,-8041.7470703125,130.1919708251953
7414,-0.43772992491722107,0.0,-7983.43212890625,130.1919708251953
7416,-0.43772992491722107,0.0,-7925.1171875,130.1919708251953
7418,-0.43772992491722107,0.0,-7866.80615234375,130.1919708251953
7420,-0.43772992491722107,0.0,-7808.4912109375,130.46096801757812
7422,-0.43772992491722107,0.0,-7750.17626953125,130.46096801757812
7425,-0.43772992491722107,0.0,-7691.861328125,130.46096801757812
7427,0.8991066217422485,0.0,-7656.93359375,130.46096801757812
7430,0.8991066217422485,0.0,-7628.5439453125,130.46096801757812
7434,0.8991066217422485,0.0,-7597.63671875,130.46096801757812
7438,0.3262426257133484,0.0,-7555.45263671875,130.46096801757812
7441,0.3262426257133484,0.0,-7494.18505859375,130.46096801757812
7444,0.3262426257133484,0.0,-7432.873046875,130.46096801757812
7447,-0.43772992491722107,0.0,-7374.2470703125,130.46096801757812
7556,-0.8991066217422485,0.0,-7386.8740234375,130.46096801757812
7558,-0.8991066217422485,0.0,-7415.263671875,130.46096801757812
7560,-0.8991066217422485,0.0,-7443.6572265625,130.46096801757812
7562,-0.8991066217422485,0.0,-7472.046875,130.46096801757812
7565,-0.8991066217422485,0.0,-7500.4404296875,130.46096801757812
7566,-0.8991066217422485,0.0,-7528.830078125,130.1920623779297
7569,-0.8991066217422485,0.0,-7557.22265625,130.1920623779297
7572,-0.8991066217422485,0.0,-7585.984375,130.1920623779297
7573,-0.8991066217422485,0.0,-7614.3779296875,130.1920623779297
7576,-0.8991066217422485,0.0,-7642.767578125,130.1920623779297
7577,-0.8991066217422485,0.0,-7671.1611328125,130.1920623779297
7580,-0.9452861547470093,0.0,-7686.80517578125,130.1920623779297
7584,-0.9452857971191406,0.0,-7677.189453125,130.1920623779297
7591,0.4377295970916748,0.0,-7710.39306640625,130.1920623779297
7596,0.43772992491722107,0.0,-7768.71533203125,130.1920623779297
7601,0.43772992491722107,0.0,-7827.0517578125,130.1920623779297
7606,0.43772992491722107,0.0,-7885.36865234375,130.1920623779297
7607,0.17770539224147797,0.0,-7896.73095703125,130.1920623779297
7617,-0.9452857971191406,0.0,-7879.4208984375,130.1920623779297
7622,-0.9452861547470093,0.0,-7858.26513671875,130.1920623779297
7631,-0.9452861547470093,0.0,-7837.10546875,130.1920623779297
7632,-0.9452861547470093,0.0,-7815.94970703125,130.1920623779297
7638,-0.43772992491722107,0.0,-7774.9130859375,130.1920623779297
7644,-0.43772992491722107,0.0,-7716.59814453125,130.1920623779297
7650,-0.43772992491722107,0.0,-7658.283203125,130.1920623779297
7656,0.32624268531799316,0.0,-7599.21044921875,130.1920623779297
7662,0.3262426257133484,0.0,-7542.06787109375,130.1920623779297
7672,0.3262426257133484,0.0,-7508.43310546875,130.1920623779297
7677,0.3262426257133484,0.0,-7447.9287109375,130.1920623779297
7678,0.32624274492263794,0.0,-7442.35400390625,130.1920623779297
7690,0.3262426257133484,0.0,-7386.62060546875,130.1920623779297
7691,0.32624274492263794,0.0,-7381.0458984375,130.1920623779297
7774,-0.8382245302200317,0.0,-7369.50390625,130.1920623779297
7821,-0.9452861547470093,0.0,-7361.81103515625,130.1920623779297
7823,-0.8991065621376038,0.0,-7366.94140625,130.1920623779297
7842,-0.8991065621376038,0.0,-7395.3349609375,130.1920623779297
7846,-0.9452858567237854,0.0,-7419.8740234375,130.1920623779297
7852,-0.9452861547470093,0.0,-7400.3486328125,130.1920623779297
7882,0.8991066217422485,0.0,-7375.9033203125,130.1920623779297
7886,0.8991065621376038,0.0,-7347.509765625,130.1920623779297
7890,0.3262426257133484,0.0,-7286.5029296875,130.1920623779297
7894,0.8991066217422485,0.0,-7242.44580078125,130.1920623779297
7898,0.8991066217422485,0.0,-7214.05615234375,130.1920623779297
7904,0.3262426257133484,0.0,-7159.0302734375,130.1920623779297
7909,0.3262426257133484,0.0,-7097.71923828125,130.1920623779297
7914,0.3262426257133484,0.0,-7036.41162109375,130.1920623779297
7920,0.3262426257133484,0.0,-6975.10107421875,130.1920623779297
7925,0.3262426257133484,0.0,-6913.7900390625,132.33087158203125
7930,0.3262426257133484,0.0,-6852.4765625,132.33087158203125
7934,0.32624274492263794,0.0,-6824.61279296875,132.33087158203125
7938,0.5701925754547119,0.0,-6828.45751953125,132.33087158203125
7939,-0.32624268531799316,0.0,-6850.7578125,132.33087158203125
7943,-0.8991066217422485,0.0,-6894.814453125,132.33087158203125
7955,-0.8991065621376038,0.0,-6923.2080078125,130.2827911376953
7959,-0.8991065621376038,0.0,-6951.59765625,130.2827911376953
7963,-0.8991065621376038,0.0,-6979.9912109375,130.2827911376953
7967,-0.3262426257133484,0.0,-7041.00146484375,130.7269744873047
7971,-0.3262426257133484,0.0,-7102.31005859375,131.60398864746094
7975,-0.3262426257133484,0.0,-7163.6171875,131.60398864746094
7977,0.4377295970916748,0.0,-7224.15283203125,130.13995361328125
7979,0.9452861547470093,0.0,-7252.810546875,130.13995361328125
7982,0.43772992491722107,0.0,-7297.2265625,130.13995361328125
7985,0.43772992491722107,0.0,-7355.54150390625,130.13995361328125
7988,0.43772992491722107,0.0,-7413.8564453125,130.13995361328125
7991,0.43772992491722107,0.0,-7472.17138671875,130.13995361328125
7992,0.43772992491722107,0.0,-7530.482421875,130.13995361328125
7993,0.43772992491722107,0.0,-7588.79736328125,130.13995361328125
7995,0.43772992491722107,0.0,-7647.1123046875,130.13995361328125
7998,0.43772992491722107,0.0,-7705.42724609375,130.13995361328125
8000,0.43772992491722107,0.0,-7763.73828125,130.13995361328125
8002,-0.32624268531799316,0.0,-7823.3662109375,130.13995361328125
8004,-0.3262426257133484,0.0,-7884.67626953125,130.13995361328125
8006,-0.3262426257133484,0.0,-7945.98779296875,130.13995361328125
8008,0.9452857971191406,0.0,-8000.7978515625,130.13995361328125
8010,0.7849087119102478,0.0,-8012.35791015625,130.13995361328125
8013,-0.9452861547470093,0.0,-8002.740234375,130.13995361328125
8016,-0.9452857971191406,0.0,-7981.58203125,130.13995361328125
8020,-0.9452861547470093,0.0,-7960.42431640625,130.13995361328125
8023,-0.9452857971191406,0.0,-7956.57958984375,130.13995361328125
8028,-0.9452861547470093,0.0,-7939.2685546875,130.13995361328125
8031,-0.9452861547470093,0.0,-7918.11279296875,130.13995361328125
8032,-0.9452857971191406,0.0,-7918.11279296875,130.13995361328125
8043,-0.9452861547470093,0.0,-7891.97119140625,130.13995361328125
8047,-0.9452861547470093,0.0,-7872.240234375,131.31051635742188
8063,-0.9452857971191406,0.0,-7734.10009765625,132.15005493164062
8065,0.3262426257133484,0.0,-7686.07958984375,132.14990234375
8066,0.32624274492263794,0.0,-7686.91357421875,132.1492919921875
8067,0.3262426257133484,0.0,-7686.98388671875,132.1492462158203
8068,0.3262426257133484,0.0,-7687.869140625,132.15005493164062
8069,0.3262426257133484,0.0,-7688.1630859375,132.15005493164062
8070,0.3262426257133484,0.0,-7688.16455078125,132.15005493164062
8071,0.3262426257133484,0.0,-7688.16455078125,132.15005493164062
8072,0.32624274492263794,0.0,-7688.16455078125,132.15005493164062
8073,0.9150269627571106,0.0,-7701.33349609375,132.15005493164062
8074,0.9452861547470093,0.0,-7707.1015625,132.15005493164062
8075,0.9452861547470093,0.0,-7728.26025390625,132.15005493164062
8076,-0.3262426257133484,0.0,-7781.794921875,132.15005493164062
8077,-0.3262426257133484,0.0,-7838.60986328125,132.15005493164062
8078,-0.3262426257133484,0.0,-7897.2275390625,132.15005493164062
8079,-0.3262426257133484,0.0,-7958.5361328125,132.15005493164062
8080,0.43772992491722107,0.0,-8017.162109375,132.15005493164062
8081,0.43772992491722107,0.0,-8115.57177734375,132.15005493164062
8084,0.9452861547470093,0.0,-8143.63671875,132.15005493164062
8090,0.9452861547470093,0.0,-8164.79931640625,131.42282104492188
8091,0.3262426257133484,0.0,-8104.00048828125,132.0743865966797
8092,0.3262426257133484,0.0,-8042.69140625,132.0743865966797
8094,0.3262426257133484,0.0,-7981.16357421875,130.35569763183594
8096,0.3262426257133484,0.0,-7919.85205078125,130.35569763183594
8098,0.8991066217422485,0.0,-7872.4697265625,130.35569763183594
8102,0.3262426257133484,0.0,-7829.4150390625,130.35569763183594
8103,0.32624274492263794,0.0,-7812.69482421875,130.35569763183594
8104,-0.07921897619962692,0.0,-7806.921875,130.35569763183594
8107,0.9452861547470093,0.0,-7816.53955078125,130.35569763183594
8111,0.9452857971191406,0.0,-7837.69775390625,130.35569763183594
8115,0.43772992491722107,0.0,-7892.24951171875,130.35569763183594
8118,0.43772992491722107,0.0,-7950.56982421875,130.35569763183594
8121,0.43772992491722107,0.0,-8008.880859375,130.35569763183594
8126,0.9452857971191406,0.0,-8034.1630859375,130.35569763183594
8129,0.9452857971191406,0.0,-8055.31884765625,130.35569763183594
8133,0.9452861547470093,0.0,-8072.6298828125,130.35569763183594
8134,-0.9452857971191406,0.0,-8068.78125,130.35569763183594
8137,-0.9452861547470093,0.0,-8047.62548828125,130.35569763183594
8140,-0.9452861547470093,0.0,-8016.0966796875,130.35569763183594
8141,-0.5565946102142334,0.0,-8016.0966796875,130.35569763183594
8146,-0.9452861547470093,0.0,-7994.94091796875,130.35569763183594
8148,-0.9452861547470093,0.0,-7973.78173828125,130.35569763183594
8149,-0.9452861547470093,0.0,-7952.6259765625,130.35569763183594
8150,-0.9452861547470093,0.0,-7931.47021484375,130.35569763183594
8151,-0.9452857971191406,0.0,-7923.77685546875,130.35569763183594
8152,0.43772992491722107,0.0,-7961.47216796875,130.35569763183594
8153,0.9452857971191406,0.0,-7990.126953125,130.35569763183594
8154,0.9452857971191406,0.0,-8011.28662109375,130.35569763183594
8155,0.9452857971191406,0.0,-8032.4443359375,130.35569763183594
8158,0.9452857971191406,0.0,-8053.60009765625,130.35569763183594
8159,0.9452857971191406,0.0,-8074.755859375,130.35569763183594
8160,0.9452857971191406,0.0,-8095.91552734375,130.35569763183594
8161,0.9452857971191406,0.0,-8117.0712890625,130.35569763183594
8162,0.9452861547470093,0.0,-8117.0712890625,130.35569763183594
8164,-0.3262536823749542,0.0,-8178.3798828125,130.35569763183594
8165,-0.326254278421402,0.0,-8200.673828125,130.35569763183594
8166,-0.9464221000671387,0.0,-8187.40087890625,130.35569763183594
8167,-0.945648729801178,0.0,-8166.36572265625,130.35569763183594
8168,-0.9456127882003784,0.0,-8164.44775390625,130.35569763183594
8169,-0.9452939033508301,0.0,-8145.2158203125,130.35569763183594
8170,-0.9452881217002869,0.0,-8124.06005859375,130.35569763183594
8171,-0.9452881217002869,0.0,-8120.21142578125,130.35569763183594
8172,-0.34695926308631897,0.0,-8083.2998046875,130.35569763183594
8173,0.11200293153524399,0.0,-8019.1123046875,130.35569763183594
8174,0.1857263445854187,0.0,-7995.8251953125,130.35569763183594
8177,0.8730148077011108,0.0,-7966.8349609375,130.35569763183594
8179,0.9993394613265991,0.0,-7953.0625,130.35569763183594
8181,0.9997310638427734,0.0,-7953.08056640625,130.35569763183594
8194,0.18559888005256653,0.0,-7906.73095703125,130.35569763183594
8197,0.8261092901229858,0.0,-7864.599609375,130.35569763183594
8201,0.18570469319820404,0.0,-7825.74951171875,130.35569763183594
8206,0.8261300325393677,0.0,-7786.12646484375,130.35569763183594
8209,0.9826025366783142,0.0,-7757.6396484375,130.35569763183594
8212,0.8261300325393677,0.0,-7739.39013671875,130.35569763183594
8216,0.8261300325393677,0.0,-7702.84521484375,130.35569763183594
8219,0.8261300325393677,0.0,-7666.30029296875,130.35569763183594
8222,0.8261300325393677,0.0,-7629.748046875,130.35569763183594
8225,0.8261300325393677,0.0,-7593.203125,130.35569763183594
8227,0.8261300325393677,0.0,-7556.52587890625,130.35569763183594
8229,0.8261300325393677,0.0,-7519.98095703125,130.35569763183594
8231,0.8261300325393677,0.0,-7483.43603515625,130.6497344970703
8233,0.18572193384170532,0.0,-7434.7236328125,130.6497344970703
8235,0.18572203814983368,0.0,-7370.99462890625,130.6497344970703
8239,0.8261300325393677,0.0,-7323.98779296875,130.6497344970703
8241,0.8261300325393677,0.0,-7287.43505859375,130.6497344970703
8243,0.8261300325393677,0.0,-7250.8857421875,130.6497344970703
8247,0.18572203814983368,0.0,-7203.3828125,130.6497344970703
8250,0.18572203814983368,0.0,-7139.65771484375,130.21380615234375
8253,0.8261300325393677,0.0,-7097.5302734375,130.21380615234375
8256,0.8261300325393677,0.0,-7060.720703125,130.21380615234375
8261,0.8261300325393677,0.0,-7025.80322265625,130.21380615234375
8265,0.8261300325393677,0.0,-6989.25830078125,130.21380615234375
8268,0.8261300325393677,0.0,-6952.71337890625,130.21380615234375
8271,0.18572203814983368,0.0,-6891.63818359375,130.6461944580078
8275,0.18572203814983368,0.0,-6827.9091796875,132.34584045410156
8279,0.18572203814983368,0.0,-6764.1806640625,132.34584045410156
8282,0.18572203814983368,0.0,-6700.4521484375,132.34584045410156
8384,0.5634795427322388,0.0,-6132.47998046875,130.1919708251953
8419,-0.18572203814983368,0.0,-6189.94580078125,130.1919708251953
8420,-0.1857219785451889,0.0,-6253.69580078125,130.1919708251953
8421,-0.1857219785451889,0.0,-6317.4248046875,130.6461944580078
8424,-0.1857219785451889,0.0,-6381.15380859375,132.40960693359375
8426,-0.1857219785451889,0.0,-6444.87890625,132.40960693359375
8430,-0.1857219785451889,0.0,-6508.60791015625,132.40960693359375
8434,-0.18572279810905457,0.0,-6560.748046875,132.40960693359375
8437,0.9826021194458008,0.0,-6562.9404296875,132.40960693359375
8442,0.9826021790504456,0.0,-6574.98681640625,132.40960693359375
8445,0.9826022982597351,0.0,-6580.4638671875,132.40960693359375
8458,0.18572208285331726,0.0,-6545.701171875,132.40960693359375
8462,0.8261299729347229,0.0,-6503.57763671875,132.40960693359375
8476,0.18572203814983368,0.0,-6442.505859375,132.40960693359375
8477,0.18572285771369934,0.0,-6401.95458984375,132.40960693359375
8484,-0.8261299729347229,0.0,-6410.1435546875,132.40960693359375
8488,-0.18572206795215607,0.0,-6473.68212890625,132.40960693359375
8492,-0.9826022386550903,0.0,-6475.046875,132.40960693359375
8518,-0.5634795427322388,0.0,-6449.35205078125,132.40960693359375
8523,-0.5634795427322388,0.0,-6395.77001953125,132.40960693359375
8525,-0.0497363917529583,0.0,-6353.00244140625,132.40960693359375
8533,0.18572203814983368,0.0,-6335.62109375,131.63223266601562
8536,0.18572203814983368,0.0,-6271.89599609375,130.1919708251953
8539,0.8261300325393677,0.0,-6224.8017578125,130.1919708251953
8540,0.9825727939605713,0.0,-6220.65185546875,130.1919708251953
8545,-0.1857219785451889,0.0,-6255.41064453125,130.1919708251953
8548,-0.1857219785451889,0.0,-6319.1396484375,130.4993133544922
8551,-0.8261299729347229,0.0,-6366.24658203125,132.53074645996094
8554,-0.8261299729347229,0.0,-6402.79150390625,132.53074645996094
8557,-0.8261299729347229,0.0,-6439.33642578125,132.53074645996094
8561,0.5634795427322388,0.0,-6495.29638671875,132.53074645996094
8567,0.5634795427322388,0.0,-6548.87841796875,132.53074645996094
8572,-0.8261300325393677,0.0,-6598.525390625,132.53074645996094
8575,-0.8261299729347229,0.0,-6635.0703125,132.53074645996094
8578,-0.8261299729347229,0.0,-6671.615234375,132.53074645996094
8583,-0.1857219785451889,0.0,-6732.70263671875,132.53074645996094
8586,-0.1857219785451889,0.0,-6796.427734375,132.53074645996094
8589,-0.1857219785451889,0.0,-6860.15625,130.6461944580078
8592,-0.1857219785451889,0.0,-6923.88525390625,130.6461944580078
8595,0.9826025366783142,0.0,-6953.1572265625,130.19195556640625
8598,0.8261299729347229,0.0,-6952.6337890625,130.19195556640625
8601,0.18572202324867249,0.0,-6911.33349609375,130.62313842773438
8606,0.18572203814983368,0.0,-6847.59326171875,130.62313842773438
8611,0.18572203814983368,0.0,-6783.859375,132.57037353515625
8616,0.18572203814983368,0.0,-6720.13427734375,132.57037353515625
8621,0.8261299729347229,0.0,-6675.533203125,132.57037353515625
8626,0.18572208285331726,0.0,-6629.29443359375,132.57037353515625
8632,0.18572203814983368,0.0,-6565.5654296875,132.57037353515625
8637,0.18572203814983368,0.0,-6501.83642578125,132.57037353515625
8648,0.8261300325393677,0.0,-6461.0546875,132.57037353515625
8655,0.18572193384170532,0.0,-6409.8720703125,132.57037353515625
8660,-0.5634795427322388,0.0,-6355.8720703125,132.57037353515625
8665,-0.5634795427322388,0.0,-6302.2900390625,130.6461944580078
8671,0.18572202324867249,0.0,-6244.904296875,130.2053985595703
8675,0.8261299729347229,0.0,-6205.2509765625,130.2053985595703
8679,0.18572202324867249,0.0,-6154.064453125,130.2053985595703
8683,-0.5634796023368835,0.0,-6094.5322265625,130.2053985595703
8687,-0.9826021194458008,0.0,-6062.82421875,130.2053985595703
8691,-0.9826022386550903,0.0,-6055.15869140625,130.2053985595703
8692,0.9826021194458008,0.0,-6059.53955078125,130.2053985595703
8695,0.5634796023368835,0.0,-6086.20849609375,130.2053985595703
8698,0.563479483127594,0.0,-6139.787109375,130.2053985595703
8701,0.5634795427322388,0.0,-6197.24267578125,130.1919708251953
8704,0.5634795427322388,0.0,-6253.1669921875,130.1919708251953
8708,0.9826021194458008,0.0,-6269.77099609375,130.1919708251953
8710,0.8261299729347229,0.0,-6273.65185546875,130.1919708251953
8712,0.8261300325393677,0.0,-6237.1181640625,130.1919708251953
8716,0.8261300325393677,0.0,-6200.56884765625,130.1919708251953
8718,0.8261300325393677,0.0,-6164.02392578125,130.1919708251953
8720,0.8261300325393677,0.0,-6127.47900390625,130.1919708251953
8722,0.18572203814983368,0.0,-6079.54052734375,130.1919708251953
8723,0.18572285771369934,0.0,-6078.130859375,130.1919708251953
8730,0.18572285771369934,0.0,-6078.130859375,130.1919708251953
8844,0.18572203814983368,0.0,-6048.447265625,130.1919708251953
8847,0.8261299133300781,0.0,-6001.61083984375,131.09605407714844
8850,0.8261300325393677,0.0,-5965.06591796875,131.09605407714844
8852,0.1857219934463501,0.0,-5916.220703125,131.09605407714844
8856,0.18572203814983368,0.0,-5852.49560546875,131.09605407714844
8858,0.18572203814983368,0.0,-5788.7666015625,131.09605407714844
8860,0.18572203814983368,0.0,-5725.03759765625,131.09605407714844
8862,0.18572203814983368,0.0,-5661.30859375,131.09605407714844
8864,0.18572285771369934,0.0,-5614.95751953125,131.09605407714844
8870,0.18572203814983368,0.0,-5597.576171875,131.09605407714844
8874,0.18572203814983368,0.0,-5533.85107421875,131.09605407714844
8878,-0.5634795427322388,0.0,-5476.16162109375,131.09605407714844
8883,-0.5634795427322388,0.0,-5422.57421875,131.09605407714844
8888,-0.5634795427322388,0.0,-5368.9921875,130.1919708251953
8894,0.18572203814983368,0.0,-5306.07958984375,130.1919708251953
8899,0.18572203814983368,0.0,-5242.3505859375,130.1919708251953
8904,0.18572203814983368,0.0,-5178.62158203125,130.1919708251953
8909,-0.563479483127594,0.0,-5119.064453125,130.1919708251953
8913,0.18572203814983368,0.0,-5057.0732421875,130.1919708251953
8916,0.18572203814983368,0.0,-4993.34423828125,130.1919708251953
8919,0.18572203814983368,0.0,-4929.615234375,132.38180541992188
8922,0.18572203814983368,0.0,-4865.89013671875,132.38180541992188
8924,0.18572203814983368,0.0,-4802.1611328125,132.38180541992188
8927,-0.5634796023368835,0.0,-4743.55029296875,132.38180541992188
8929,-0.5634795427322388,0.0,-4689.96533203125,132.38180541992188
8931,0.18572202324867249,0.0,-4635.34326171875,132.38180541992188
8933,0.18572203814983368,0.0,-4571.59326171875,132.38180541992188
8935,0.18572203814983368,0.0,-4507.8642578125,132.38180541992188
8937,0.18572203814983368,0.0,-4444.13525390625,132.38180541992188
8939,-0.5634795427322388,0.0,-4386.43994140625,132.38180541992188
8941,-0.5634795427322388,0.0,-4332.85791015625,132.38180541992188
8943,0.18572203814983368,0.0,-4270.86669921875,131.58978271484375
8945,0.18572203814983368,0.0,-4207.1376953125,131.58978271484375
8947,0.18572203814983368,0.0,-4143.40625,131.58978271484375
8949,-0.5634795427322388,0.0,-4086.64111328125,131.58978271484375
8951,-0.5634795427322388,0.0,-4033.06005859375,131.58978271484375
8953,0.18572202324867249,0.0,-3978.46923828125,130.1919708251953
8958,0.18572203814983368,0.0,-3914.7177734375,130.1919708251953
8960,0.18572203814983368,0.0,-3850.9892578125,130.1919708251953
8963,-0.5634795427322388,0.0,-3794.21044921875,130.1919708251953
8968,-0.5634795427322388,0.0,-3742.880126953125,130.1919708251953
8973,-0.5634795427322388,0.0,-3689.298828125,130.1919708251953
8979,0.18572203814983368,0.0,-3629.1513671875,130.1919708251953
8984,0.18572203814983368,0.0,-3565.42333984375,130.1919708251953
8989,-0.5634796023368835,0.0,-3504.9658203125,130.1919708251953
8997,-0.5634795427322388,0.0,-3451.386474609375,130.1919708251953
9003,0.18572202324867249,0.0,-3396.796630859375,130.1919708251953
9010,0.18572203814983368,0.0,-3333.044921875,130.1919708251953
9017,0.18572203814983368,0.0,-3269.318115234375,130.1919708251953
9024,-0.5634795427322388,0.0,-3214.3955078125,130.1919708251953
9031,-0.5634795427322388,0.0,-3160.814453125,130.1919708251953
9038,0.18572203814983368,0.0,-3096.9765625,130.1919708251953
9045,0.18572203814983368,0.0,-3033.2177734375,130.1919708251953
9052,0.18572203814983368,0.0,-2969.490966796875,130.1919708251953
9057,0.18572203814983368,0.0,-2905.762451171875,130.1919708251953
9066,0.18572203814983368,0.0,-2842.014404296875,130.1919708251953
9071,0.18572203814983368,0.0,-2778.285400390625,130.1919708251953
9076,0.18572203814983368,0.0,-2714.556884765625,130.1919708251953
9081,0.18572203814983368,0.0,-2650.829833984375,130.1919708251953
9085,0.18572203814983368,0.0,-2587.100830078125,130.1919708251953
9090,0.18572203814983368,0.0,-2523.372314453125,130.1919708251953
9095,0.8261300325393677,0.0,-2478.773681640625,130.1919708251953
9099,0.8261300325393677,0.0,-2442.228759765625,130.1919708251953
9104,0.8261300325393677,0.0,-2405.683837890625,130.1919708251953
9109,0.18572203814983368,0.0,-2352.02734375,130.1919708251953
9113,0.18572203814983368,0.0,-2288.300537109375,130.1919708251953
9117,0.18572203814983368,0.0,-2224.533203125,130.1919708251953
9122,0.8261299729347229,0.0,-2187.315185546875,130.1919708251953
9125,0.8261299729347229,0.0,-2150.7685546875,130.1919708251953
9131,0.8261299729347229,0.0,-2114.2236328125,130.1919708251953
9134,0.8261299729347229,0.0,-2077.656005859375,130.1919708251953
9137,0.8261299729347229,0.0,-2041.0770263671875,130.1919708251953
9140,0.8261299729347229,0.0,-2004.5311279296875,130.1919708251953
9143,0.8261299729347229,0.0,-1967.982666015625,130.1919708251953
9146,0.8261299729347229,0.0,-1931.4365234375,130.1919708251953
9149,0.8261299729347229,0.0,-1894.8692626953125,130.1919708251953
9152,0.8261299729347229,0.0,-1858.32373046875,130.1919708251953
9158,0.8261299729347229,0.0,-1821.7783203125,130.1919708251953
9163,0.8261299729347229,0.0,-1785.233154296875,130.1919708251953
9168,0.9826021194458008,0.0,-1765.562744140625,130.1919708251953
9173,0.9826025366783142,0.0,-1777.60693359375,130.1919708251953
9178,0.8261299729347229,0.0,-1763.8333740234375,130.1919708251953
9183,0.8261299729347229,0.0,-1727.2869873046875,130.1919708251953
9192,0.8261299729347229,0.0,-1690.7119140625,130.1919708251953
9198,0.8261299729347229,0.0,-1654.16162109375,130.1919708251953
9203,0.8261299729347229,0.0,-1617.6162109375,130.1919708251953
9208,0.9826025366783142,0.0,-1602.36279296875,130.1919708251953
9213,0.9826021194458008,0.0,-1614.408447265625,130.1919708251953
9217,0.9826021194458008,0.0,-1626.4541015625,130.1919708251953
9221,0.8261299133300781,0.0,-1617.1060791015625,130.1919708251953
9224,0.8261299729347229,0.0,-1580.560546875,130.1919708251953
9227,0.8261299729347229,0.0,-1544.00439453125,130.1919708251953
9230,0.9826025366783142,0.0,-1542.00341796875,130.1919708251953
9233,0.9826025366783142,0.0,-1554.0494384765625,130.1919708251953
9237,0.9826025366783142,0.0,-1566.095458984375,130.1919708251953
9240,0.8261299729347229,0.0,-1574.3045654296875,130.1919708251953
9243,0.8261300325393677,0.0,-1537.8626708984375,130.1919708251953
9246,0.8261300325393677,0.0,-1501.316650390625,130.1919708251953
9250,0.8261300325393677,0.0,-1464.7713623046875,130.1919708251953
9253,0.8261300325393677,0.0,-1428.225830078125,130.1919708251953
9256,0.8261300325393677,0.0,-1391.680419921875,130.1919708251953
9259,0.18572203814983368,0.0,-1333.0823974609375,130.1919708251953
9263,0.18572203814983368,0.0,-1269.3526611328125,130.1919708251953
9266,0.8261299729347229,0.0,-1214.86962890625,130.1919708251953
9270,0.8261299729347229,0.0,-1178.32373046875,130.1919708251953
9271,0.8261299729347229,0.0,-1141.7786865234375,130.1919708251953
9278,0.8261299729347229,0.0,-1105.233154296875,130.1919708251953
9282,0.8261299729347229,0.0,-1068.687255859375,130.1919708251953
9286,0.8261299729347229,0.0,-1032.14111328125,130.1919708251953
9290,0.8261299729347229,0.0,-995.5958251953125,130.1919708251953
9295,0.8261299729347229,0.0,-959.0501098632812,130.1919708251953
9301,0.18572203814983368,0.0,-905.3941650390625,130.1919708251953
9307,0.18572203814983368,0.0,-841.6649169921875,130.1919708251953
9312,0.8261299729347229,0.0,-782.2548828125,130.1919708251953
9317,0.8261300325393677,0.0,-745.6934204101562,130.1919708251953
9324,0.18572203814983368,0.0,-689.5659790039062,130.1919708251953
9330,0.18572203814983368,0.0,-625.8370361328125,130.1919708251953
9336,0.18572203814983368,0.0,-562.107666015625,130.1919708251953
9342,0.8261300325393677,0.0,-524.9230346679688,130.1919708251953
9349,0.8261300325393677,0.0,-488.37725830078125,130.1919708251953
9367,0.18572203814983368,0.0,-427.30743408203125,130.1919708251953
9371,0.18572203814983368,0.0,-363.5133056640625,130.1919708251953
9375,0.18572203814983368,0.0,-299.78460693359375,130.1919708251953
9381,0.18572203814983368,0.0,-236.0555877685547,130.1919708251953
9384,0.18572203814983368,0.0,-172.3265380859375,130.1919708251953
9387,0.18572203814983368,0.0,-108.59777069091797,130.1919708251953
9393,0.18572203814983368,0.0,-44.86861038208008,130.1919708251953
9398,0.8261300325393677,0.0,-0.270012229681015,130.1919708251953
9416,0.18572203814983368,0.0,58.32834243774414,130.1919708251953
9491,0.9826021194458008,0.0,90.98179626464844,130.1919708251953
9516,0.8261299729347229,0.0,101.02316284179688,130.1919708251953
9535,-0.9826025366783142,0.0,460.0656433105469,130.1919708251953
9536,-0.8261300325393677,0.0,463.9443359375,130.1919708251953
9538,-0.8261299729347229,0.0,427.3782043457031,130.1919708251953
9540,-0.1857219785451889,0.0,373.72222900390625,130.1919708251953
9542,-0.1857219785451889,0.0,309.99310302734375,130.1919708251953
9544,-0.1857219785451889,0.0,246.25462341308594,130.1919708251953
9547,-0.1857219785451889,0.0,182.5223388671875,130.1919708251953
9549,-0.1857219785451889,0.0,118.79312896728516,130.1919708251953
9551,-0.9826025366783142,0.0,76.76991271972656,130.1919708251953
9553,-0.9826025366783142,0.0,88.81196594238281,130.1919708251953
9555,-0.5634795427322388,0.0,126.80419921875,130.1919708251953
9557,0.18572203814983368,0.0,188.800537109375,130.1919708251953
9559,0.18572203814983368,0.0,252.52903747558594,130.1919708251953
9562,0.8261299133300781,0.0,309.4807434082031,130.1919708251953
9564,0.8261300325393677,0.0,346.0382385253906,130.1919708251953
9566,0.9826025366783142,0.0,374.5250244140625,130.1919708251953
9568,0.9826022386550903,0.0,370.1641540527344,130.1919708251953
9570,-0.9826025366783142,0.0,377.8302307128906,130.1919708251953
9572,-0.9826025366783142,0.0,389.87567138671875,130.1919708251953
9574,-0.9826025366783142,0.0,401.9211120605469,130.1919708251953
9576,-0.9826025366783142,0.0,413.96630859375,130.1919708251953
9578,-0.9826025366783142,0.0,426.01190185546875,130.1919708251953
9580,-0.9826025366783142,0.0,438.0632019042969,130.1919708251953
9582,-0.9826022386550903,0.0,444.6333923339844,130.1919708251953
9584,0.9826025366783142,0.0,439.1581726074219,130.1919708251953
9587,0.9826021194458008,0.0,427.1127624511719,130.1919708251953
9589,0.5634795427322388,0.0,392.89617919921875,130.1919708251953
9590,0.5634796023368835,0.0,339.3156433105469,130.1919708251953
9591,0.18588250875473022,0.0,316.95513916015625,130.1919708251953
9592,-0.9826021194458008,0.0,324.6204528808594,130.1919708251953
9593,-0.5634795427322388,0.0,358.83697509765625,130.1919708251953
9594,-0.5634795427322388,0.0,412.41741943359375,130.1919708251953
9595,-0.5634795427322388,0.0,465.9980163574219,130.1919708251953
9600,-0.5634801387786865,0.0,971.4177856445312,130.1919708251953
9601,-0.5634795427322388,0.0,1015.2564086914062,130.1919708251953
9602,-0.5634795427322388,0.0,1068.837158203125,130.1919708251953
9603,-0.5634795427322388,0.0,1122.418212890625,130.1919708251953
9605,-0.5634795427322388,0.0,1175.998779296875,130.1919708251953
9606,-0.9826025366783142,0.0,1196.3758544921875,130.1919708251953
9607,-0.8261299729347229,0.0,1178.1837158203125,130.1919708251953
9608,-0.8261299729347229,0.0,1141.63818359375,130.1919708251953
9609,-0.9826021194458008,0.0,1126.3856201171875,130.1919708251953
9613,-0.9826025366783142,0.0,1138.43017578125,130.1919708251953
9632,-0.9826025366783142,0.0,1150.4755859375,130.1919708251953
9637,-0.9826025366783142,0.0,1162.521728515625,130.1919708251953
9643,-0.9826025366783142,0.0,1174.6878662109375,130.1919708251953
9645,-0.9826022386550903,0.0,1179.0673828125,130.1919708251953
9651,-0.18572188913822174,0.0,1138.5126953125,130.1919708251953
9663,-0.1857219785451889,0.0,1074.7841796875,130.1919708251953
9670,-0.1857219785451889,0.0,1011.0560913085938,130.1919708251953
9677,-0.1857219785451889,0.0,947.3270874023438,130.1919708251953
9684,-0.1857219785451889,0.0,883.5961303710938,130.1919708251953
9691,-0.1857219785451889,0.0,819.866455078125,130.1919708251953
9699,-0.1857219785451889,0.0,756.1377563476562,130.1919708251953
9707,-0.9826025366783142,0.0,739.7202758789062,130.1919708251953
9717,-0.9826025366783142,0.0,751.7657470703125,130.1919708251953
9729,-0.9826025366783142,0.0,763.8111572265625,130.1919708251953
9738,-0.9826025366783142,0.0,775.8566284179688,130.1919708251953
9746,-0.9826022386550903,0.0,781.3316650390625,130.1919708251953
9765,-0.563479483127594,0.0,810.5575561523438,130.1919708251953
9781,-0.5634795427322388,0.0,864.1401977539062,130.1919708251953
9790,-0.5634795427322388,0.0,917.7208862304688,130.1919708251953
9798,0.18572203814983368,0.0,980.636474609375,130.1919708251953
9805,0.18572203814983368,0.0,1044.365234375,130.1919708251953
9812,0.8261299729347229,0.0,1103.77490234375,130.1919708251953
9920,-0.18572203814983368,0.0,1040.047119140625,130.1919708251953
9924,0.5634796023368835,0.0,993.5615844726562,130.1919708251953
9973,0.9826021194458008,0.0,958.0810546875,130.1919708251953
9977,0.9826021194458008,0.0,946.0344848632812,130.1919708251953
10011,0.5634796023368835,0.0,930.2132568359375,130.1919708251953
10020,0.5634795427322388,0.0,876.6326293945312,130.1919708251953
10025,0.5634795427322388,0.0,823.0487060546875,130.1919708251953
10030,-0.1857220083475113,0.0,768.4439086914062,130.1919708251953
10037,-0.1857219785451889,0.0,704.711181640625,130.1919708251953
10044,-0.1857219785451889,0.0,640.92333984375,130.1919708251953
10051,-0.1857219785451889,0.0,577.1923828125,130.1919708251953
10058,-0.8261300325393677,0.0,515.3848876953125,130.1919708251953
10064,-0.9826021194458008,0.0,526.5376586914062,130.1919708251953
10070,0.18572202324867249,0.0,580.6437377929688,130.1919708251953
10077,0.18572203814983368,0.0,644.3948974609375,130.1919708251953
10128,-0.04537215456366539,0.0,667.5690307617188,130.1919708251953
10169,0.18572203814983368,0.0,708.1239624023438,130.1919708251953
10171,0.18572203814983368,0.0,771.8529663085938,130.1919708251953
10173,0.18572203814983368,0.0,835.581787109375,130.1919708251953
10175,-0.5634795427322388,0.0,893.2713623046875,130.1919708251953
10176,-0.5634795427322388,0.0,946.8516235351562,130.1919708251953
10178,-0.5634795427322388,0.0,1000.43212890625,130.1919708251953
10182,-0.5634795427322388,0.0,1054.012939453125,130.1919708251953
10184,0.18572203814983368,0.0,1116.9290771484375,130.1919708251953
10186,0.18572203814983368,0.0,1176.6204833984375,130.1919708251953
10187,0.18572287261486053,0.0,1176.6204833984375,130.1919708251953
10191,0.9889024496078491,0.0,1124.4786376953125,130.1919708251953
10208,-0.9826021194458008,0.0,1215.80859375,130.1919708251953
10210,-0.9826021194458008,0.0,1227.8560791015625,130.1919708251953
10211,-0.8261303305625916,0.0,1205.2467041015625,130.1919708251953
10213,-0.8261299729347229,0.0,1168.7012939453125,130.1919708251953
10216,-0.8261299729347229,0.0,1132.1558837890625,130.1919708251953
10217,-0.8261299729347229,0.0,1095.6103515625,130.1919708251953
10220,-0.8261299729347229,0.0,1059.0653076171875,130.1919708251953
10222,-0.8261299729347229,0.0,1022.5193481445312,130.1919708251953
10226,-0.1857219785451889,0.0,961.4497680664062,130.1919708251953
10228,-0.1857219785451889,0.0,897.7208251953125,130.1919708251953
10230,-0.1857219785451889,0.0,833.9918212890625,130.1919708251953
10233,-0.1857219785451889,0.0,770.2631225585938,130.1919708251953
10236,-0.1857219785451889,0.0,706.5343017578125,130.1919708251953
10239,-0.1857219785451889,0.0,642.8057250976562,130.1919708251953
10244,-0.1857219785451889,0.0,579.07666015625,130.1919708251953
10247,-0.1857219785451889,0.0,515.3480834960938,130.1919708251953
10250,-0.1857219785451889,0.0,451.61956787109375,130.49374389648438
10255,-0.1857219785451889,0.0,387.8910827636719,130.49374389648438
10258,-0.1857219785451889,0.0,324.16265869140625,130.49374389648438
10261,-0.1857219785451889,0.0,260.4337463378906,130.49374389648438
10264,-0.1857219785451889,0.0,196.70245361328125,130.49374389648438
10267,-0.18572279810905457,0.0,179.32188415527344,130.49374389648438
10272,0.18572203814983368,0.0,225.66961669921875,130.49374389648438
10275,0.18572203814983368,0.0,289.3987731933594,130.49374389648438
10278,0.18572203814983368,0.0,353.127197265625,130.49374389648438
10281,0.18572203814983368,0.0,416.8558654785156,130.49374389648438
10286,0.18572203814983368,0.0,480.5854797363281,130.49374389648438
10287,0.18572203814983368,0.0,544.3142700195312,130.49374389648438
10293,-0.5634795427322388,0.0,598.312744140625,130.49374389648438
10297,-0.5634795427322388,0.0,651.893310546875,130.49374389648438
10301,0.18572203814983368,0.0,712.964111328125,130.49374389648438
10304,0.18572203814983368,0.0,776.6932373046875,130.49374389648438
10307,0.18572203814983368,0.0,840.421875,130.49374389648438
10311,0.18572203814983368,0.0,904.1511840820312,130.49374389648438
10316,-0.5634795427322388,0.0,965.5289916992188,130.49374389648438
10322,-0.5634795427322388,0.0,1019.1112060546875,130.49374389648438
10329,0.18572202324867249,0.0,1078.3365478515625,130.49374389648438
10334,0.18572203814983368,0.0,1142.0657958984375,130.49374389648438
10339,0.18572203814983368,0.0,1205.7935791015625,130.49374389648438
10344,0.18572203814983368,0.0,1269.52197265625,130.49374389648438
10350,0.18572203814983368,0.0,1333.2510986328125,130.49374389648438
10355,-0.5634795427322388,0.0,1395.54248046875,130.49374389648438
10360,0.18572203814983368,0.0,1451.085693359375,130.49374389648438
10366,0.18572203814983368,0.0,1514.8179931640625,130.49374389648438
10370,0.18572203814983368,0.0,1578.54638671875,130.49374389648438
10373,0.18572203814983368,0.0,1642.2757568359375,130.49374389648438
10376,0.18572203814983368,0.0,1706.0042724609375,130.49374389648438
10379,0.18572203814983368,0.0,1769.7332763671875,130.49374389648438
10382,-0.5634795427322388,0.0,1823.732177734375,130.49374389648438
10385,0.1857219934463501,0.0,1881.112548828125,130.49374389648438
10388,0.18572203814983368,0.0,1944.841552734375,130.49374389648438
10391,0.18572203814983368,0.0,2008.570068359375,130.49374389648438
10394,0.18572203814983368,0.0,2072.2978515625,130.49374389648438
10397,0.18572287261486053,0.0,2107.060302734375,130.49374389648438
10401,-0.9826025366783142,0.0,2112.53466796875,130.49374389648438
10405,-0.9826025366783142,0.0,2124.579833984375,130.49374389648438
10409,-0.9826022386550903,0.0,2124.579833984375,130.49374389648438
10438,0.9826025366783142,0.0,2112.53466796875,130.49374389648438
10443,0.9826025366783142,0.0,2100.489501953125,130.49374389648438
10446,0.5634795427322388,0.0,2051.1533203125,130.49374389648438
10449,0.5634795427322388,0.0,1997.5738525390625,130.49374389648438
10453,0.5634795427322388,0.0,1943.9932861328125,130.49374389648438
10457,0.5634795427322388,0.0,1890.1998291015625,130.49374389648438
10462,0.5634795427322388,0.0,1836.6192626953125,130.49374389648438
10466,0.5634795427322388,0.0,1783.0399169921875,130.49374389648438
10472,0.5634795427322388,0.0,1729.459228515625,130.49374389648438
10478,0.5634795427322388,0.0,1675.87841796875,130.49374389648438
10483,0.5634795427322388,0.0,1622.2987060546875,130.49374389648438
10489,0.5634795427322388,0.0,1566.5023193359375,130.2500457763672
10494,0.5634795427322388,0.0,1510.051025390625,130.2498321533203
10500,-0.1857219934463501,0.0,1450.8516845703125,130.24969482421875
10509,-0.1857219785451889,0.0,1387.1226806640625,130.24969482421875
10514,-0.1857219785451889,0.0,1323.3944091796875,130.24969482421875
10519,-0.1857219785451889,0.0,1259.6658935546875,130.24969482421875
10525,-0.1857219785451889,0.0,1195.9368896484375,130.24969482421875
10530,-0.1857219785451889,0.0,1132.20751953125,130.24969482421875
10535,0.5634795427322388,0.0,1071.751220703125,130.24969482421875
10539,0.5634795427322388,0.0,1018.1614990234375,130.24969482421875
10543,0.5634795427322388,0.0,964.4864501953125,130.24969482421875
10548,-0.1857219785451889,0.0,901.5703735351562,130.24969482421875
10551,-0.1857219785451889,0.0,837.8413696289062,130.24969482421875
10553,-0.1857219785451889,0.0,774.1126708984375,130.24969482421875
10555,-0.1857219785451889,0.0,710.383544921875,130.24969482421875
10558,0.5634796023368835,0.0,654.3199462890625,130.2496795654297
10561,0.5634796023368835,0.0,611.9468383789062,130.2500457763672
10568,0.5634796023368835,0.0,575.4728393554688,130.2500457763672
10572,0.5634796023368835,0.0,538.9978637695312,130.2500457763672
10576,-0.1857219785451889,0.0,484.32763671875,130.2500457763672
10580,-0.1857219785451889,0.0,422.39471435546875,130.49375915527344
10584,-0.1857219785451889,0.0,358.6659851074219,130.49375915527344
10589,-0.1857219785451889,0.0,294.9344482421875,130.49375915527344
10596,-0.1857219785451889,0.0,231.20590209960938,130.49375915527344
10601,-0.1857219785451889,0.0,167.4772186279297,130.49375915527344
10604,-0.1857219785451889,0.0,103.74820709228516,130.49375915527344
10607,-0.1857219785451889,0.0,40.01939010620117,130.49375915527344
10610,-0.1857219785451889,0.0,-23.7122802734375,130.49375915527344
10614,-0.1857219785451889,0.0,-87.44109344482422,130.49375915527344
10617,-0.1857219785451889,0.0,-151.17002868652344,130.49375915527344
10620,-0.1857219785451889,0.0,-214.89889526367188,130.49375915527344
10625,-0.1857219785451889,0.0,-278.64141845703125,130.49375915527344
10628,-0.1857219785451889,0.0,-342.3703308105469,130.49375915527344
10630,-0.1857219785451889,0.0,-406.098876953125,130.49375915527344
10632,-0.1857219785451889,0.0,-469.82781982421875,130.49375915527344
10634,0.5634795427322388,0.0,-526.5946655273438,130.49375915527344
10639,0.5634795427322388,0.0,-566.6412353515625,130.49342346191406
10641,-0.1857219785451889,0.0,-594.7371215820312,130.49269104003906
10643,-0.1857219785451889,0.0,-628.2363891601562,130.4920196533203
10645,-0.1857219785451889,0.0,-661.7564086914062,130.2500457763672
10647,-0.1857219785451889,0.0,-665.115478515625,130.2500457763672
10649,-0.1857219785451889,0.0,-667.6836547851562,130.2500457763672
10651,-0.1857219785451889,0.0,-670.2518310546875,130.2500457763672
10653,-0.1857219785451889,0.0,-672.8200073242188,130.2500457763672
10657,-0.1857219785451889,0.0,-675.3876953125,130.2500457763672
10662,-0.1857219785451889,0.0,-677.9558715820312,130.2500457763672
10667,-0.1857219785451889,0.0,-680.5240478515625,130.2500457763672
10671,-0.1857219785451889,0.0,-683.0922241210938,130.2500457763672
10672,-0.18572279810905457,0.0,-684.0260620117188,130.2500457763672
10687,0.18572187423706055,0.0,-643.47119140625,130.2500457763672
10688,0.18572202324867249,0.0,-579.7380981445312,130.2500457763672
10689,0.18572203814983368,0.0,-516.0073852539062,130.2500457763672
10690,0.18572203814983368,0.0,-452.2786865234375,130.2500457763672
10691,0.18572203814983368,0.0,-388.5500793457031,130.2500457763672
10692,0.18572285771369934,0.0,-382.75653076171875,130.2500457763672
10697,0.18572285771369934,0.0,206.80482482910156,130.2500457763672
10701,0.18572203814983368,0.0,264.7398986816406,130.2500457763672
10703,0.18572203814983368,0.0,328.468505859375,130.2500457763672
10707,0.18572203814983368,0.0,392.1974182128906,130.2500457763672
10709,0.18572285771369934,0.0,444.33966064453125,130.2500457763672
10726,0.9826021194458008,0.0,442.14959716796875,130.2500457763672
10729,0.9826025366783142,0.0,430.10418701171875,130.2500457763672
10732,0.9826025366783142,0.0,418.05877685546875,130.2500457763672
10763,-0.18572193384170532,0.0,359.0289001464844,130.2500457763672
10771,-0.1857219785451889,0.0,295.3001403808594,130.2500457763672
10777,-0.1857219785451889,0.0,231.57159423828125,130.2500457763672
10783,-0.1857219785451889,0.0,167.8428497314453,130.2500457763672
10790,-0.1857219785451889,0.0,104.11402130126953,130.2500457763672
10797,-0.18572279810905457,0.0,104.11402130126953,130.2500457763672
10804,-0.8261299729347229,0.0,52.09616470336914,130.2500457763672
10816,-0.9826025366783142,0.0,50.094810485839844,130.2500457763672
10821,-0.9826025366783142,0.0,62.1401252746582,130.2500457763672
10825,-0.9826025366783142,0.0,74.18566131591797,130.2500457763672
10829,-0.9826022386550903,0.0,85.13597869873047,130.2500457763672
10847,0.9826025366783142,0.0,84.04093933105469,130.2500457763672
10849,0.9826025366783142,0.0,71.99553680419922,130.2500457763672
10850,0.9826021194458008,0.0,59.9500846862793,130.2500457763672
10852,0.9826021194458008,0.0,47.904693603515625,130.2500457763672
10853,0.9826022982597351,0.0,39.144065856933594,130.2500457763672
10902,0.9826021194458008,0.0,35.85896301269531,130.2500457763672
10906,0.9826021194458008,0.0,23.811336517333984,130.2500457763672
10910,0.9826021194458008,0.0,11.765913963317871,130.2500457763672
10914,0.8261300325393677,0.0,47.62721252441406,130.2500457763672
10922,0.18572203814983368,0.0,103.75450897216797,130.2500457763672
10928,0.18572203814983368,0.0,167.4860076904297,130.2500457763672
10931,0.18572203814983368,0.0,231.21505737304688,130.2500457763672
10951,0.18572285771369934,0.0,248.59571838378906,130.2500457763672
10981,0.18572285771369934,0.0,248.59571838378906,130.2500457763672
11128,-0.18572208285331726,0.0,202.24757385253906,130.2500457763672
11130,-0.18572206795215607,0.0,138.51913452148438,130.2500457763672
11134,0.5634794235229492,0.0,77.14140319824219,130.2500457763672
11137,0.5634796023368835,0.0,23.55913734436035,130.2500457763672
11139,0.9826025366783142,0.0,3.182105779647827,130.2500457763672
11141,0.9826025366783142,0.0,-8.863256454467773,130.2500457763672
11143,0.8261299729347229,0.0,-12.73674488067627,130.2500457763672
11145,0.8261299729347229,0.0,23.79267120361328,130.2500457763672
11148,0.9826025366783142,0.0,12.54184341430664,130.2500457763672
11151,0.9826025366783142,0.0,0.49641141295433044,130.2500457763672
11154,0.9826025366783142,0.0,-11.549025535583496,130.2500457763672
11157,0.9826025366783142,0.0,-23.594409942626953,130.2500457763672
11160,0.5634796023368835,0.0,-72.91478729248047,130.2500457763672
11163,0.5634796023368835,0.0,-126.49510955810547,130.2500457763672
11166,0.5634796023368835,0.0,-180.0751190185547,130.2500457763672
11168,0.5634796023368835,0.0,-233.6554718017578,130.2500457763672
11171,0.5634796023368835,0.0,-287.2673645019531,130.2500457763672
11175,-0.1857219785451889,0.0,-350.1835021972656,130.2500457763672
11178,-0.1857219785451889,0.0,-413.9125671386719,130.2500457763672
11182,-0.1857219785451889,0.0,-477.6634216308594,130.2500457763672
11184,-0.1857219785451889,0.0,-541.3923950195312,130.2500457763672
11186,-0.1857219785451889,0.0,-605.1213989257812,130.2500457763672
11188,-0.1857219785451889,0.0,-668.8505249023438,130.2500457763672
11190,-0.1857219785451889,0.0,-732.5791015625,130.2500457763672
11192,-0.1857219785451889,0.0,-796.339111328125,130.2500457763672
11195,-0.8261299729347229,0.0,-853.2915649414062,130.2500457763672
11198,-0.8261299729347229,0.0,-889.8396606445312,130.2500457763672
11201,-0.1857220083475113,0.0,-941.0352172851562,130.2500457763672
11204,-0.1857219785451889,0.0,-1004.7645263671875,130.2500457763672
11207,-0.1857219785451889,0.0,-1068.4927978515625,130.2500457763672
11211,-0.1857219785451889,0.0,-1132.22119140625,130.2500457763672
11214,-0.8261299729347229,0.0,-1174.3494873046875,130.2500457763672
11218,-0.8261299729347229,0.0,-1210.8948974609375,130.2500457763672
11225,-0.8261299729347229,0.0,-1247.4400634765625,130.2500457763672
11229,-0.8261299729347229,0.0,-1283.9853515625,130.2500457763672
11234,-0.8261299729347229,0.0,-1320.58154296875,130.2500457763672
11240,-0.8261299729347229,0.0,-1357.126953125,130.2500457763672
11247,-0.8261299729347229,0.0,-1393.67236328125,130.2500457763672
11251,-0.8261299729347229,0.0,-1428.8250732421875,130.2500457763672
11254,-0.8261299729347229,0.0,-1465.370361328125,130.2500457763672
11257,-0.8261299729347229,0.0,-1501.915771484375,130.2500457763672
11260,-0.1857219785451889,0.0,-1555.5712890625,130.2500457763672
11263,-0.1857219785451889,0.0,-1619.300537109375,130.2500457763672
11266,-0.1857219785451889,0.0,-1683.0301513671875,130.2500457763672
11270,-0.8261299729347229,0.0,-1727.62744140625,130.2500457763672
11274,-0.8261299729347229,0.0,-1764.173828125,130.2500457763672
11277,-0.8261299729347229,0.0,-1800.72119140625,130.2500457763672
11280,-0.8261299729347229,0.0,-1837.2674560546875,130.2500457763672
11284,-0.8261299729347229,0.0,-1873.8126220703125,130.2500457763672
11286,-0.8261299729347229,0.0,-1910.3587646484375,130.2500457763672
11289,-0.8261299729347229,0.0,-1946.904052734375,130.2500457763672
11292,-0.8261299729347229,0.0,-1983.449462890625,130.2500457763672
11294,-0.8261299729347229,0.0,-2020.013427734375,130.2500457763672
11297,-0.8261299729347229,0.0,-2056.559326171875,130.2500457763672
11299,-0.8261299729347229,0.0,-2093.104248046875,130.2500457763672
11302,-0.8261299729347229,0.0,-2129.649169921875,130.2500457763672
11304,-0.8261299729347229,0.0,-2166.194091796875,130.2500457763672
11307,-0.8261299729347229,0.0,-2202.739013671875,130.2500457763672
11310,-0.8261299729347229,0.0,-2239.283935546875,130.2500457763672
11313,-0.4108344614505768,0.0,-2282.2021484375,130.2500457763672
11319,-0.9826025366783142,0.0,-2281.107666015625,130.2500457763672
11323,-0.9961786270141602,0.0,-2272.347900390625,130.2500457763672
11359,-0.5634796023368835,0.0,-2256.406005859375,130.2500457763672
11364,-0.5634795427322388,0.0,-2202.8134765625,130.2500457763672
11369,-0.5634795427322388,0.0,-2149.231201171875,130.2500457763672
11373,-0.5634795427322388,0.0,-2095.623291015625,130.2500457763672
11376,-0.9826022386550903,0.0,-2076.33984375,130.2500457763672
11377,-0.1857219785451889,0.0,-2082.134033203125,130.2500457763672
11380,-0.1857220083475113,0.0,-2145.87939453125,130.2500457763672
11382,-0.8261299729347229,0.0,-2185.54833984375,130.2500457763672
11385,-0.8261299729347229,0.0,-2222.095458984375,130.2500457763672
11388,-0.1857220083475113,0.0,-2273.2783203125,130.2500457763672
11389,-0.1857219785451889,0.0,-2337.012939453125,130.2500457763672
11390,-0.1857219785451889,0.0,-2400.7412109375,130.2500457763672
11391,-0.1857219785451889,0.0,-2464.469970703125,130.2500457763672
11392,-0.1857219785451889,0.0,-2528.198974609375,130.2500457763672
11393,-0.1857219785451889,0.0,-2591.92578125,130.2500457763672
11394,0.5634795427322388,0.0,-2652.383544921875,130.2500457763672
11395,0.5634796023368835,0.0,-2705.966064453125,130.2500457763672
11396,0.5634796023368835,0.0,-2759.547607421875,130.2500457763672
11397,0.5634796023368835,0.0,-2813.127197265625,130.2500457763672
11399,-0.18572187423706055,0.0,-2869.583984375,130.2500457763672
11401,-0.1857219785451889,0.0,-2933.313720703125,130.2500457763672
11403,-0.1857219785451889,0.0,-2997.04248046875,130.2500457763672
11405,-0.1857219785451889,0.0,-3060.772216796875,130.2500457763672
11407,-0.1857219785451889,0.0,-3124.50048828125,130.2500457763672
11411,-0.1857219785451889,0.0,-3188.229248046875,130.2500457763672
11413,0.5634795427322388,0.0,-3244.07275390625,130.2500457763672
11415,-0.1857219636440277,0.0,-3302.375,130.2500457763672
11417,-0.1857219785451889,0.0,-3366.10400390625,130.2500457763672
11420,-0.1857219785451889,0.0,-3429.833740234375,130.2500457763672
11422,-0.1857219785451889,0.0,-3493.560791015625,130.2500457763672
11424,-0.1857219785451889,0.0,-3557.289794921875,130.2500457763672
11426,-0.1857219785451889,0.0,-3621.019287109375,130.2500457763672
11432,-0.1857219785451889,0.0,-3684.747802734375,130.2500457763672
11435,-0.1857219785451889,0.0,-3748.474609375,130.2500457763672
11438,-0.1857219785451889,0.0,-3808.02978515625,131.1153564453125
11442,-0.1857219785451889,0.0,-3871.75830078125,131.60093688964844
11445,-0.1857219785451889,0.0,-3935.4853515625,131.60093688964844
11448,-0.1857219785451889,0.0,-3999.214111328125,131.60093688964844
11452,-0.1857219785451889,0.0,-4062.94287109375,131.60093688964844
11456,-0.1857219785451889,0.0,-4126.67041015625,131.60093688964844
11459,-0.1857219785451889,0.0,-4190.39892578125,130.6881561279297
11462,-0.1857219785451889,0.0,-4254.1279296875,130.14996337890625
11467,-0.1857219785451889,0.0,-4317.85693359375,130.14996337890625
11471,-0.1857219785451889,0.0,-4381.58203125,130.14996337890625
11476,-0.1857219785451889,0.0,-4445.31103515625,130.14996337890625
11480,-0.1857219785451889,0.0,-4509.0400390625,130.14996337890625
11484,-0.1857219785451889,0.0,-4572.76904296875,130.14996337890625
11489,-0.1857219785451889,0.0,-4636.494140625,130.14996337890625
11492,-0.1857219785451889,0.0,-4700.22314453125,130.14996337890625
11499,-0.1857219785451889,0.0,-4763.9521484375,130.14996337890625
11507,-0.1857219785451889,0.0,-4827.68115234375,130.14996337890625
11512,-0.1857219785451889,0.0,-4891.40625,130.14996337890625
11519,0.5634794235229492,0.0,-4952.783203125,130.14996337890625
11524,0.5634796023368835,0.0,-5006.36767578125,130.14996337890625
11532,-0.1857219785451889,0.0,-5065.5947265625,130.14996337890625
11537,-0.1857219785451889,0.0,-5129.32373046875,130.14996337890625
11542,-0.1857219785451889,0.0,-5193.048828125,130.14996337890625
11547,-0.1857219785451889,0.0,-5256.77783203125,130.14996337890625
11552,-0.1857219785451889,0.0,-5320.5068359375,130.14996337890625
11556,-0.1857219785451889,0.0,-5384.23583984375,130.14996337890625
11560,-0.1857219785451889,0.0,-5440.9990234375,130.14996337890625
11565,-0.1857219785451889,0.0,-5504.72802734375,130.14996337890625
11569,-0.1857219785451889,0.0,-5568.4580078125,130.14996337890625
11572,-0.1857219785451889,0.0,-5632.18701171875,130.14996337890625
11575,-0.1857219785451889,0.0,-5695.912109375,130.14996337890625
11578,-0.1857219785451889,0.0,-5759.64794921875,130.14996337890625
11581,-0.1857219785451889,0.0,-5823.373046875,130.8131103515625
11584,-0.8261299729347229,0.0,-5863.0302734375,131.11227416992188
11586,-0.8261299729347229,0.0,-5899.5751953125,131.11227416992188
11589,-0.8261299729347229,0.0,-5936.12353515625,131.11227416992188
11593,-0.1857219785451889,0.0,-5984.8359375,131.11227416992188
11597,-0.1857219785451889,0.0,-6048.56494140625,130.2501678466797
11601,-0.1857219785451889,0.0,-6112.29296875,130.2501678466797
11605,-0.1857219785451889,0.0,-6176.02197265625,130.2501678466797
11608,-0.18572279810905457,0.0,-6181.814453125,130.2501678466797
11741,-0.5634796023368835,0.0,-6130.8427734375,130.2501678466797
11747,0.8261299133300781,0.0,-6084.01171875,130.2501678466797
11752,0.8261300325393677,0.0,-6047.466796875,130.2501678466797
11757,0.9826025366783142,0.0,-6049.88525390625,130.2501678466797
11762,0.9826025366783142,0.0,-6061.931640625,130.2501678466797
11770,-0.18572203814983368,0.0,-6120.673828125,130.2501678466797
11774,-0.1857219785451889,0.0,-6184.4052734375,130.2501678466797
11778,-0.1857219785451889,0.0,-6248.13427734375,130.2501678466797
11783,-0.1857219785451889,0.0,-6311.859375,130.6492156982422
11787,-0.1857219785451889,0.0,-6375.58837890625,130.6492156982422
11791,-0.1857219785451889,0.0,-6439.62744140625,130.6492156982422
11796,-0.1857219785451889,0.0,-6503.3564453125,130.6492156982422
11801,-0.8261299729347229,0.0,-6543.009765625,130.6492156982422
11806,-0.8261299729347229,0.0,-6579.5546875,130.6492156982422
11811,-0.8261299729347229,0.0,-6616.099609375,130.6492156982422
11815,-0.8261299729347229,0.0,-6652.64453125,130.6492156982422
11819,-0.18572181463241577,0.0,-6693.95068359375,130.6492156982422
11823,-0.1857219785451889,0.0,-6757.7275390625,130.6492156982422
11828,-0.1857219785451889,0.0,-6817.3291015625,130.6492156982422
11831,-0.1857219785451889,0.0,-6881.05810546875,130.6492156982422
11832,-0.18572279810905457,0.0,-6881.05810546875,130.6492156982422
11850,-0.1857219785451889,0.0,-6944.783203125,130.19195556640625
11853,-0.1857219785451889,0.0,-7008.51220703125,130.55990600585938
11856,-0.1857219785451889,0.0,-7072.25048828125,130.55990600585938
11862,-0.1857219785451889,0.0,-7135.9794921875,130.9345245361328
11863,-0.18572279810905457,0.0,-7153.36083984375,131.51614379882812
11864,-0.6710637807846069,0.0,-7148.97998046875,132.51544189453125
11875,0.9826021194458008,0.0,-7153.36083984375,131.7577667236328
11876,0.9826021194458008,0.0,-7165.4072265625,130.19195556640625
11879,0.9826021194458008,0.0,-7177.45361328125,130.19195556640625
11880,0.9826022386550903,0.0,-7177.45361328125,130.19195556640625
11883,-0.9826025366783142,0.0,-7165.4072265625,130.19195556640625
11884,-0.5115192532539368,0.0,-7162.12255859375,130.19195556640625
11886,-0.9826025366783142,0.0,-7153.36083984375,131.75804138183594
11888,-0.9826025366783142,0.0,-7141.310546875,132.5155029296875
11889,-0.9826025366783142,0.0,-7129.26416015625,132.1940155029297
11890,-0.9826022386550903,0.0,-7125.9794921875,131.82484436035156
11895,0.1857219934463501,0.0,-7079.6318359375,130.64979553222656
11898,0.8261299729347229,0.0,-7035.0341796875,130.64979553222656
11921,0.8261294364929199,0.0,-7035.0341796875,130.64979553222656
11981,0.9826033115386963,0.0,-7047.08056640625,130.64979553222656
11986,0.9826033115386963,0.0,-7059.126953125,130.64979553222656
11989,0.9826033115386963,0.0,-7071.17724609375,130.19195556640625
11995,0.1857156604528427,0.0,-7040.8056640625,130.19195556640625
12000,-0.5634847283363342,0.0,-6984.03759765625,130.19195556640625
12003,-0.5634850263595581,0.0,-6930.45556640625,130.6549835205078
12006,-0.8261263370513916,0.0,-6903.8056640625,130.6549835205078
12009,-0.8261264562606812,0.0,-6940.345703125,130.34405517578125
12010,-0.8261261582374573,0.0,-6940.345703125,130.34405517578125
12017,0.5634847283363342,0.0,-6993.927734375,130.34405517578125
12020,0.5634850859642029,0.0,-7047.51513671875,130.19195556640625
12023,0.5634856224060059,0.0,-7081.61279296875,130.19195556640625
12026,-0.8261264562606812,0.0,-7094.90185546875,130.19195556640625
12029,-0.18571561574935913,0.0,-7158.439453125,130.19195556640625
12032,-0.8261263370513916,0.0,-7215.390625,130.530029296875
12035,-0.9826037287712097,0.0,-7221.8134765625,132.41590881347656
12038,-0.8261264562606812,0.0,-7235.5869140625,132.41590881347656
12041,-0.8261264562606812,0.0,-7272.14501953125,132.41590881347656
12043,-0.8261264562606812,0.0,-7308.68994140625,132.41590881347656
12044,-0.8261264562606812,0.0,-7345.23486328125,132.41590881347656
12045,-0.8261264562606812,0.0,-7381.77978515625,132.41590881347656
12046,-0.9826033115386963,0.0,-7405.86669921875,132.41590881347656
12047,-0.9826037287712097,0.0,-7393.82421875,132.41590881347656
12050,-0.9826037287712097,0.0,-7381.78125,132.41590881347656
12051,-0.9826037287712097,0.0,-7369.73486328125,132.41590881347656
12052,-0.9826037287712097,0.0,-7357.6884765625,132.41590881347656
12053,-0.9826037287712097,0.0,-7345.64208984375,132.41590881347656
12054,-0.5634850859642029,0.0,-7318.97265625,130.6497344970703
12055,-0.5634850263595581,0.0,-7265.39404296875,130.6497344970703
12056,-0.5634850263595581,0.0,-7211.81201171875,130.6497344970703
12057,-0.5634850263595581,0.0,-7158.22998046875,130.19195556640625
12058,-0.9826033115386963,0.0,-7111.43896484375,130.19195556640625
12062,-0.9826037287712097,0.0,-7099.3720703125,130.19195556640625
12063,-0.9826037287712097,0.0,-7087.32568359375,130.19195556640625
12064,-0.9826037287712097,0.0,-7075.275390625,130.19195556640625
12065,-0.9826037287712097,0.0,-7063.22900390625,130.19195556640625
12066,-0.9826037287712097,0.0,-7051.1826171875,130.19195556640625
12067,-0.9826037287712097,0.0,-7039.13623046875,130.51617431640625
12071,-0.9826037287712097,0.0,-7027.0859375,130.51617431640625
12072,-0.9826037287712097,0.0,-7015.03955078125,130.51617431640625
12073,-0.9826037287712097,0.0,-7002.9931640625,130.51617431640625
12074,-0.9826037287712097,0.0,-6990.93603515625,130.51617431640625
12078,-0.5634848475456238,0.0,-6968.04296875,130.51617431640625
12079,-0.5634850263595581,0.0,-6914.462890625,132.46376037597656
12081,-0.5634850263595581,0.0,-6860.880859375,132.46376037597656
12082,-0.5634850263595581,0.0,-6807.298828125,132.46376037597656
12083,-0.5634850263595581,0.0,-6753.716796875,132.46376037597656
12084,-0.9826037287712097,0.0,-6729.56591796875,132.46376037597656
12085,-0.9826037287712097,0.0,-6717.515625,132.46376037597656
12086,-0.9826037287712097,0.0,-6705.46923828125,132.46376037597656
12087,-0.5634850263595581,0.0,-6667.47509765625,131.34359741210938
12088,-0.5634850263595581,0.0,-6613.888671875,131.34359741210938
12089,-0.9826037287712097,0.0,-6601.0625,131.34359741210938
12090,-0.9826037287712097,0.0,-6589.01611328125,130.50491333007812
12091,-0.9826037287712097,0.0,-6576.9697265625,130.1400604248047
12092,-0.5634850859642029,0.0,-6550.30419921875,130.1400604248047
12093,-0.5634850263595581,0.0,-6496.72119140625,130.1400604248047
12094,-0.5634850263595581,0.0,-6443.13916015625,130.1400604248047
12096,-0.5634850263595581,0.0,-6389.55712890625,130.1400604248047
12098,-0.5634850263595581,0.0,-6335.97314453125,130.1400604248047
12101,-0.5634850263595581,0.0,-6282.39111328125,130.1400604248047
12104,-0.5634850263595581,0.0,-6228.80908203125,130.1400604248047
12109,-0.5634850263595581,0.0,-6175.22705078125,130.1400604248047
12112,-0.5634850263595581,0.0,-6121.64501953125,130.1400604248047
12115,0.8261264562606812,0.0,-6067.349609375,130.1400604248047
12119,0.8261263966560364,0.0,-6030.8037109375,130.1400604248047
12123,0.8261263966560364,0.0,-5994.25390625,130.1400604248047
12127,0.18571583926677704,0.0,-5955.40380859375,130.1400604248047
12131,0.18571561574935913,0.0,-5891.69775390625,130.1400604248047
12137,0.18571561574935913,0.0,-5827.96875,130.1400604248047
12140,0.18571561574935913,0.0,-5764.24365234375,130.1400604248047
12144,0.18571561574935913,0.0,-5700.5146484375,130.1400604248047
12147,0.18571561574935913,0.0,-5636.7861328125,130.1400604248047
12151,0.18571561574935913,0.0,-5573.05712890625,130.1400604248047
12154,0.18571561574935913,0.0,-5509.328125,130.1400604248047
12159,0.18571561574935913,0.0,-5445.60302734375,130.1400604248047
12162,-0.5634850263595581,0.0,-5390.677734375,130.1400604248047
12165,-0.5634850263595581,0.0,-5337.095703125,130.1400604248047
12168,0.18571561574935913,0.0,-5276.95068359375,130.1400604248047
12171,0.18571561574935913,0.0,-5213.197265625,130.1400604248047
12175,0.18571561574935913,0.0,-5149.47216796875,130.1400604248047
12179,0.18571561574935913,0.0,-5085.7431640625,130.1400604248047
12183,-0.5634848475456238,0.0,-5027.13232421875,130.1400604248047
12186,-0.5634850263595581,0.0,-4973.55029296875,130.1400604248047
12189,0.18571561574935913,0.0,-4917.09033203125,130.1400604248047
12191,0.18571561574935913,0.0,-4853.36181640625,130.1400604248047
12195,0.18571561574935913,0.0,-4789.6328125,130.1400604248047
12197,0.18571561574935913,0.0,-4725.90771484375,130.1400604248047
12198,0.18571561574935913,0.0,-4662.1787109375,130.1400604248047
12201,0.18571561574935913,0.0,-4598.44970703125,130.1400604248047
12203,-0.5634847283363342,0.0,-4537.0732421875,130.1400604248047
12205,-0.5634850263595581,0.0,-4483.48876953125,130.9225616455078
12207,-0.5634850263595581,0.0,-4429.9013671875,130.9225616455078
12211,-0.5634850263595581,0.0,-4376.3193359375,132.2501678466797
12217,0.18571561574935913,0.0,-4319.859375,133.40338134765625
12223,0.18571561574935913,0.0,-4256.130859375,133.40338134765625
12229,0.18571561574935913,0.0,-4192.40576171875,130.8214569091797
12235,0.18571561574935913,0.0,-4128.6767578125,130.8214569091797
12241,0.18571561574935913,0.0,-4064.948974609375,130.8214569091797
12247,0.18571561574935913,0.0,-4001.122314453125,130.8214569091797
12253,0.18571561574935913,0.0,-3941.461669921875,130.8214569091797
12261,-0.5634850263595581,0.0,-3881.005615234375,130.8214569091797
12266,-0.5634850263595581,0.0,-3827.425537109375,130.8214569091797
12272,-0.5634850263595581,0.0,-3773.832275390625,130.8214569091797
12275,-0.5634850263595581,0.0,-3724.990966796875,131.42823791503906
12277,-0.5634854435920715,0.0,-3720.12646484375,132.5554656982422
12279,-0.5634850263595581,0.0,-3671.41748046875,133.0637664794922
12338,-0.9826033115386963,0.0,-3625.387939453125,133.0637664794922
12398,-0.8263370394706726,0.0,-3640.893798828125,133.0637664794922
12522,0.5634850859642029,0.0,-3684.55322265625,133.0637664794922
12528,0.5634850859642029,0.0,-3738.1318359375,130.45729064941406
12535,-0.18571537733078003,0.0,-3799.202392578125,130.45729064941406
12539,-0.18571537733078003,0.0,-3862.93115234375,130.45729064941406
12542,-0.18571537733078003,0.0,-3926.3447265625,130.45729064941406
12545,-0.18571537733078003,0.0,-3990.07470703125,130.45729064941406
12548,-0.18571503460407257,0.0,-4053.802978515625,130.45729064941406
12551,-0.18571503460407257,0.0,-4117.5322265625,130.45729064941406
12554,-0.5634847283363342,0.0,-4135.0048828125,130.45729064941406
12557,-0.5634850263595581,0.0,-4081.494140625,130.20074462890625
12560,-0.5634850263595581,0.0,-4027.9140625,130.20074462890625
12563,0.18571558594703674,0.0,-3972.384521484375,131.1294708251953
12566,0.8261264562606812,0.0,-3920.3671875,130.01263427734375
12569,0.9826033115386963,0.0,-3922.783203125,130.01263427734375
12572,0.8261264562606812,0.0,-3930.991455078125,130.2703094482422
12575,0.8261263966560364,0.0,-3894.550537109375,130.2703094482422
12578,0.8261264562606812,0.0,-3850.24365234375,130.52078247070312
12581,0.8261264562606812,0.0,-3813.59521484375,130.52078247070312
12584,0.8261264562606812,0.0,-3769.288818359375,130.7792510986328
12590,0.8261263966560364,0.0,-3732.639892578125,130.7792510986328
12596,0.18571558594703674,0.0,-3691.337646484375,131.0303955078125
12601,0.8261264562606812,0.0,-3648.937255859375,131.0303955078125
12606,0.18571561574935913,0.0,-3605.16455078125,131.0303955078125
12610,-0.5634850263595581,0.0,-3551.16552734375,131.0303955078125
12615,-0.9826037287712097,0.0,-3538.341552734375,131.0303955078125
12619,-0.8261263370513916,0.0,-3530.039306640625,131.0303955078125
12622,-0.8261264562606812,0.0,-3566.482177734375,133.0985565185547
12625,-0.8261264562606812,0.0,-3603.031494140625,133.0985565185547
12628,-0.8261264562606812,0.0,-3639.576171875,133.0985565185547
12631,-0.7838231921195984,0.0,-3654.791748046875,133.0985565185547
12635,0.9316487908363342,0.0,-3605.968505859375,133.0985565185547
12639,0.7110636830329895,0.0,-3643.564453125,133.0985565185547
12640,0.6308954358100891,0.0,-3678.844482421875,133.0985565185547
12747,-0.18570388853549957,0.0,-3696.225341796875,133.0985565185547
12753,-0.18570415675640106,0.0,-3759.957763671875,130.53396606445312
12759,-0.18570415675640106,0.0,-3823.687255859375,130.53396606445312
12770,-0.18570415675640106,0.0,-3887.416748046875,130.53396606445312
12775,-0.18570415675640106,0.0,-3951.144775390625,130.53396606445312
12781,-0.18570415675640106,0.0,-4014.874755859375,130.53396606445312
12786,-0.18570415675640106,0.0,-4078.6025390625,130.53396606445312
12787,0.4787747859954834,0.0,-4114.96337890625,130.53396606445312
12816,0.8781581521034241,0.0,-4103.68505859375,130.53396606445312
12818,0.5346815586090088,0.0,-4064.312744140625,130.53396606445312
12821,0.2570958137512207,0.0,-4026.1279296875,130.53396606445312
12828,-0.5755148530006409,0.0,-4005.2890625,130.53396606445312
12831,-0.8853880763053894,0.0,-3965.677978515625,130.53396606445312
12832,-0.8953817486763,0.0,-3963.0302734375,130.53396606445312
12843,-0.9877598285675049,0.0,-3952.32763671875,130.53396606445312
12844,-0.6932679414749146,0.0,-3976.57958984375,130.2732696533203
12864,0.7205554246902466,0.0,-3988.84375,130.2732696533203
12866,0.6767049431800842,0.0,-4021.549072265625,130.2732696533203
12869,0.720664381980896,0.0,-4033.8115234375,130.2732696533203
12870,0.7206653952598572,0.0,-4058.33837890625,130.2732696533203
12872,0.7206770777702332,0.0,-4078.777099609375,130.2732696533203
12875,0.7206653952598572,0.0,-4082.86328125,130.2732696533203
12880,0.9913374185562134,0.0,-4114.1259765625,130.52886962890625
12883,0.8906980156898499,0.0,-4100.3125,130.52886962890625
12899,-0.693942129611969,0.0,-4104.5595703125,130.52886962890625
12906,-0.6934944987297058,0.0,-4151.27880859375,130.52886962890625
12911,-0.6933508515357971,0.0,-4198.01123046875,130.52886962890625
12912,-0.6933233141899109,0.0,-4219.251953125,131.27011108398438
12921,-0.6932958960533142,0.0,-4244.74609375,133.55210876464844
12926,-0.6932958960533142,0.0,-4291.4873046875,133.55210876464844
12930,-0.6932828426361084,0.0,-4338.224609375,133.55210876464844
12931,-0.6932827830314636,0.0,-4350.9736328125,133.55210876464844
12938,0.9163296818733215,0.0,-4321.43798828125,133.55210876464844
12942,0.99863201379776,0.0,-4314.6904296875,133.55210876464844
12949,0.9455060958862305,0.0,-4318.51171875,133.55210876464844
12956,0.9403561353683472,0.0,-4340.240234375,133.55210876464844
12957,0.939892053604126,0.0,-4344.26513671875,133.55210876464844
12973,0.7537859082221985,0.0,-4323.20458984375,133.55210876464844
12978,0.5205782055854797,0.0,-4281.625,133.55210876464844
13013,0.09201880544424057,0.0,-4270.00439453125,133.55210876464844
13016,-0.6176550984382629,0.0,-4211.0458984375,130.71681213378906
13017,-0.6448978781700134,0.0,-4206.5146484375,130.71681213378906
13032,0.5205873847007751,0.0,-4156.1728515625,130.71681213378906
13035,0.5205873847007751,0.0,-4100.794921875,130.71681213378906
13037,0.520587682723999,0.0,-4050.454345703125,130.71681213378906
13038,0.5205873847007751,0.0,-4045.420166015625,130.71681213378906
13040,-0.8538084626197815,0.0,-3987.609375,130.71681213378906
13042,-0.8538088202476501,0.0,-3953.82861328125,130.71681213378906
13043,-0.8538088202476501,0.0,-3920.066162109375,130.71681213378906
13044,-0.8538079857826233,0.0,-3920.066162109375,130.71681213378906
13045,-0.23562327027320862,0.0,-3863.153076171875,130.71681213378906
13047,-0.23562300205230713,0.0,-3800.11669921875,130.71681213378906
13049,-0.23562300205230713,0.0,-3737.08447265625,130.71681213378906
13052,-0.23562300205230713,0.0,-3674.052978515625,133.09561157226562
13054,-0.8538088202476501,0.0,-3628.98291015625,133.09561157226562
13056,-0.23562300205230713,0.0,-3579.48291015625,133.09561157226562
13058,-0.23562300205230713,0.0,-3516.451904296875,133.09561157226562
13060,-0.23562300205230713,0.0,-3453.42041015625,133.09561157226562
13062,-0.23562300205230713,0.0,-3390.390380859375,133.09561157226562
13064,-0.23562300205230713,0.0,-3327.3515625,133.09561157226562
13066,-0.23562300205230713,0.0,-3264.3203125,133.09561157226562
13069,-0.23562300205230713,0.0,-3201.2890625,133.09561157226562
13071,-0.23562300205230713,0.0,-3138.258056640625,133.09561157226562
13074,-0.23562300205230713,0.0,-3075.226806640625,133.09561157226562
13076,-0.23562300205230713,0.0,-3012.195556640625,130.28334045410156
13078,-0.23562300205230713,0.0,-2949.16455078125,130.28334045410156
13083,-0.23562300205230713,0.0,-2886.13330078125,130.28334045410156
13086,-0.23562300205230713,0.0,-2823.10205078125,130.28334045410156
13089,-0.23562300205230713,0.0,-2760.07177734375,130.28334045410156
13092,-0.23562300205230713,0.0,-2697.0400390625,130.28334045410156
13095,-0.23562300205230713,0.0,-2634.00927734375,130.28334045410156
13099,-0.23562300205230713,0.0,-2570.97802734375,130.28334045410156
13104,-0.23562300205230713,0.0,-2507.94677734375,130.28334045410156
13109,-0.23562300205230713,0.0,-2444.915283203125,130.28334045410156
13114,-0.23562300205230713,0.0,-2381.8837890625,130.28334045410156
13119,0.5205873847007751,0.0,-2326.11328125,130.28334045410156
13124,0.5205873847007751,0.0,-2270.7373046875,130.28334045410156
13129,-0.23562300205230713,0.0,-2207.556640625,130.28334045410156
13134,-0.23562300205230713,0.0,-2144.526611328125,130.28334045410156
13139,-0.23562300205230713,0.0,-2081.4931640625,130.28334045410156
13144,-0.23562300205230713,0.0,-2018.4202880859375,130.28334045410156
13149,-0.23562300205230713,0.0,-1955.389404296875,130.28334045410156
13156,-0.23562300205230713,0.0,-1892.3546142578125,130.28334045410156
13160,-0.23562300205230713,0.0,-1829.3238525390625,130.28334045410156
13164,-0.23562300205230713,0.0,-1766.292724609375,130.6744384765625
13168,-0.23562300205230713,0.0,-1703.26123046875,130.6744384765625
13175,-0.23562300205230713,0.0,-1640.230712890625,130.6744384765625
13180,-0.23562300205230713,0.0,-1577.199462890625,130.6744384765625
13185,-0.23562300205230713,0.0,-1514.1688232421875,130.6744384765625
13190,-0.23562300205230713,0.0,-1451.134765625,130.6744384765625
13195,-0.23562300205230713,0.0,-1388.104248046875,130.6744384765625
13200,0.5205873847007751,0.0,-1326.727294921875,130.6744384765625
13205,0.5205873847007751,0.0,-1271.3497314453125,130.6744384765625
13210,-0.23562300205230713,0.0,-1213.7369384765625,130.6744384765625
13268,-0.23562300205230713,0.0,-1150.7052001953125,130.6744384765625
13304,0.5205873847007751,0.0,-1102.2894287109375,130.3360595703125
13328,-0.8538084626197815,0.0,-1083.0908203125,130.3360595703125
13381,0.8538084626197815,0.0,-761.79345703125,131.2444305419922
13383,0.8538088202476501,0.0,-795.5674438476562,130.65248107910156
13385,0.8538088202476501,0.0,-829.3311767578125,130.65248107910156
13389,0.23562327027320862,0.0,-884.152587890625,130.28390502929688
13394,0.23562327027320862,0.0,-947.1834716796875,130.28390502929688
13399,0.23562327027320862,0.0,-1010.2136840820312,130.28390502929688
13403,-0.5205870866775513,0.0,-1072.8671875,130.28390502929688
13404,-0.03654952719807625,0.0,-1077.9556884765625,130.75689697265625
13412,-0.23562300205230713,0.0,-1042.163330078125,130.1919708251953
13466,0.8538085222244263,0.0,-1008.77392578125,130.1919708251953
13510,0.5205870866775513,0.0,-955.53759765625,130.1919708251953
13514,0.5205873847007751,0.0,-900.092529296875,130.1919708251953
13518,0.5205873847007751,0.0,-844.6954345703125,130.1919708251953
13522,0.5205873847007751,0.0,-789.3200073242188,130.1919708251953
13531,-0.23562300205230713,0.0,-731.0109252929688,130.1919708251953
13535,-0.23562300205230713,0.0,-667.9798583984375,130.1919708251953
13539,-0.23562300205230713,0.0,-604.94921875,130.1919708251953
13543,-0.23562300205230713,0.0,-541.9185180664062,130.1919708251953
13549,0.5205870866775513,0.0,-479.9066467285156,130.1919708251953
13557,0.5205873847007751,0.0,-424.5209045410156,130.1919708251953
13561,0.5205873847007751,0.0,-369.145263671875,130.1919708251953
13566,0.5205873847007751,0.0,-316.4148864746094,130.1919708251953
13571,0.5205873847007751,0.0,-261.034423828125,130.1919708251953
13578,0.5205873847007751,0.0,-205.658935546875,130.1919708251953
13589,0.5205873847007751,0.0,-150.28341674804688,130.1919708251953
13595,0.5205873847007751,0.0,-94.90782165527344,130.1919708251953
13601,-0.23562300205230713,0.0,-37.29207992553711,130.1919708251953
13608,-0.23562300205230713,0.0,25.739402770996094,130.1919708251953
13613,-0.23562300205230713,0.0,88.77032470703125,130.1919708251953
13619,-0.23562300205230713,0.0,151.80136108398438,130.1919708251953
13625,-0.23562300205230713,0.0,214.8321990966797,130.1919708251953
13634,-0.23562300205230713,0.0,277.8631286621094,130.60191345214844
13639,0.5205870866775513,0.0,339.2483825683594,130.60191345214844
13647,0.5205873847007751,0.0,394.62567138671875,130.60191345214844
13652,-0.23562300205230713,0.0,451.53875732421875,130.60191345214844
13657,-0.23562300205230713,0.0,514.573974609375,130.60191345214844
13663,-0.23562300205230713,0.0,577.6450805664062,130.60191345214844
13668,0.5205873847007751,0.0,638.9695434570312,130.60191345214844
13673,0.5205873847007751,0.0,694.3471069335938,130.60191345214844
13676,-0.23562300205230713,0.0,752.7578125,130.60191345214844
13680,-0.23562300205230713,0.0,815.7889404296875,130.60191345214844
13683,-0.23562300205230713,0.0,878.8196411132812,130.60191345214844
13687,-0.23562300205230713,0.0,941.8501586914062,130.19195556640625
13691,-0.23562300205230713,0.0,1004.8811645507812,130.19195556640625
13694,-0.23562300205230713,0.0,1068.07275390625,130.19195556640625
13761,-0.16335710883140564,0.0,1119.6473388671875,130.19195556640625
13795,0.5205870866775513,0.0,1129.7156982421875,130.19195556640625
13799,0.9718445539474487,0.0,1178.5513916015625,130.19195556640625
13804,0.9718445539474487,0.0,1193.85205078125,130.19195556640625
13833,-0.23562300205230713,0.0,1225.416748046875,130.19195556640625
13837,-0.23562300205230713,0.0,1288.4478759765625,130.19195556640625
13842,-0.23562300205230713,0.0,1347.958251953125,130.19195556640625
13848,-0.23562300205230713,0.0,1410.989990234375,130.8829803466797
13852,-0.23562300205230713,0.0,1474.0206298828125,130.8829803466797
13857,0.5205873847007751,0.0,1534.6934814453125,130.8829803466797
13861,0.9718445539474487,0.0,1579.9010009765625,130.8829803466797
13865,0.9718445539474487,0.0,1595.186279296875,130.25587463378906
13869,0.9718445539474487,0.0,1610.46875,130.25587463378906
13873,0.9718445539474487,0.0,1625.7510986328125,130.25587463378906
13879,0.5205873847007751,0.0,1669.7452392578125,130.25587463378906
13884,0.5205873847007751,0.0,1725.125244140625,130.25587463378906
13889,0.9718445539474487,0.0,1748.4659423828125,130.25587463378906
13895,0.5205873847007751,0.0,1781.52099609375,130.25587463378906
13900,-0.23562300205230713,0.0,1844.702392578125,130.25587463378906
13905,-0.23562300205230713,0.0,1907.7335205078125,130.25587463378906
13911,-0.23562300205230713,0.0,1970.7646484375,130.25587463378906
13916,-0.8538088202476501,0.0,2013.1734619140625,130.25587463378906
13923,-0.8538088202476501,0.0,2046.9373779296875,130.25587463378906
13928,-0.23562300205230713,0.0,2099.098388671875,130.25587463378906
13934,-0.23562300205230713,0.0,2162.1279296875,130.25587463378906
13940,-0.23562300205230713,0.0,2225.159423828125,130.25587463378906
13946,-0.23562300205230713,0.0,2288.19091796875,130.25587463378906
13952,-0.23562300205230713,0.0,2351.222412109375,130.25587463378906
13961,-0.23562300205230713,0.0,2414.252685546875,130.25587463378906
13967,-0.23562300205230713,0.0,2477.2822265625,130.25587463378906
13970,-0.23562400043010712,0.0,2511.663330078125,130.25587463378906
13974,-0.23562300205230713,0.0,2543.875732421875,130.25587463378906
13980,-0.23562300205230713,0.0,2606.90673828125,130.25587463378906
13987,-0.23562300205230713,0.0,2669.93896484375,130.25587463378906
13995,-0.23562300205230713,0.0,2732.97021484375,130.25587463378906
14006,-0.23562300205230713,0.0,2796.0009765625,130.25587463378906
14013,0.5205873847007751,0.0,2853.847900390625,130.25587463378906
14023,0.5205873847007751,0.0,2909.223876953125,130.25587463378906
14030,-0.23562300205230713,0.0,2965.417236328125,130.25587463378906
14038,-0.23562300205230713,0.0,3028.4765625,130.25587463378906
14047,-0.23562300205230713,0.0,3088.42578125,130.25587463378906
14055,0.5205873847007751,0.0,3145.577880859375,130.25587463378906
14063,-0.23562300205230713,0.0,3201.771240234375,130.25587463378906
14076,-0.23562300205230713,0.0,3264.8291015625,130.25587463378906
14200,-0.9718446135520935,0.0,3785.729248046875,130.1919708251953
14294,-0.5205870866775513,0.0,3737.638671875,130.1919708251953
14345,-0.5205873847007751,0.0,3686.40625,130.1919708251953
14349,-0.5205873847007751,0.0,3631.02587890625,130.1919708251953
14350,-0.5205875039100647,0.0,3625.99169921875,130.1919708251953
14353,-0.5205875039100647,0.0,3581.86376953125,132.0592498779297
14355,-0.5205873847007751,0.0,3571.79541015625,132.0592498779297
14357,-0.5205873847007751,0.0,3516.41943359375,132.0592498779297
14359,-0.5205873847007751,0.0,3461.04345703125,132.0592498779297
14363,-0.5205873847007751,0.0,3405.6630859375,130.19195556640625
14365,-0.5205873847007751,0.0,3350.287109375,130.19195556640625
14367,-0.5205873847007751,0.0,3294.9111328125,130.19195556640625
14369,-0.5205873847007751,0.0,3239.53515625,130.19195556640625
14371,-0.5205873847007751,0.0,3184.1591796875,130.19195556640625
14373,-0.5205873847007751,0.0,3128.783203125,130.19195556640625
14375,-0.9718445539474487,0.0,3076.404541015625,130.19195556640625
14377,-0.8538084626197815,0.0,3104.89111328125,130.19195556640625
14379,-0.23562327027320862,0.0,3149.070068359375,130.19195556640625
14381,-0.23562300205230713,0.0,3212.101318359375,130.19195556640625
14384,0.5205873847007751,0.0,3274.7529296875,130.19195556640625
14387,0.5205873847007751,0.0,3330.19482421875,130.19195556640625
14391,0.5205873847007751,0.0,3385.57080078125,130.19195556640625
14394,0.5205873847007751,0.0,3440.94677734375,131.2677459716797
14397,0.5205873847007751,0.0,3496.32275390625,132.0153045654297
14400,-0.23562300205230713,0.0,3556.023681640625,132.0153045654297
14403,-0.23562300205230713,0.0,3619.05517578125,132.0153045654297
14406,0.5205873847007751,0.0,3679.684814453125,132.0153045654297
14410,0.9718445539474487,0.0,3706.67138671875,132.0153045654297
14418,0.5205873847007751,0.0,3739.726318359375,132.0153045654297
14421,0.5205873847007751,0.0,3795.102294921875,132.0153045654297
14426,0.5205873847007751,0.0,3846.919677734375,132.0153045654297
14429,0.5205873847007751,0.0,3902.295654296875,132.0153045654297
14432,0.8538084626197815,0.0,3896.757568359375,132.0153045654297
14434,0.8538088202476501,0.0,3862.9931640625,131.311279296875
14436,0.9718445539474487,0.0,3846.277587890625,130.1919708251953
14438,0.9718445539474487,0.0,3861.5576171875,130.1919708251953
14440,0.9718445539474487,0.0,3876.83935546875,130.1919708251953
14442,0.9718445539474487,0.0,3892.119140625,130.1919708251953
14444,0.9718445539474487,0.0,3907.400390625,130.1919708251953
14446,0.8538088202476501,0.0,3874.342041015625,130.1919708251953
14448,0.23562327027320862,0.0,3819.510986328125,130.1919708251953
14450,0.23562327027320862,0.0,3756.48095703125,130.1919708251953
14453,-0.5205873847007751,0.0,3697.242919921875,130.1919708251953
14458,-0.5205873847007751,0.0,3641.866943359375,130.1919708251953
14462,-0.5205873847007751,0.0,3586.490966796875,130.1919708251953
14463,-0.5205875039100647,0.0,3581.456787109375,130.1919708251953
14469,-0.5205873847007751,0.0,3526.080810546875,130.1919708251953
14473,-0.5205873847007751,0.0,3470.704833984375,130.1919708251953
14477,0.23562300205230713,0.0,3410.97412109375,130.1919708251953
14480,0.23562327027320862,0.0,3347.943115234375,130.1919708251953
14483,0.23562327027320862,0.0,3284.90478515625,130.1919708251953
14486,-0.5205873847007751,0.0,3224.27490234375,130.1919708251953
14491,-0.5205873847007751,0.0,3168.899169921875,131.48497009277344
14494,-0.9718445539474487,0.0,3123.690673828125,131.48497009277344
14497,-0.9718445539474487,0.0,3108.406494140625,130.33734130859375
14500,-0.9718445539474487,0.0,3093.122314453125,130.33734130859375
14503,-0.9718445539474487,0.0,3077.842529296875,130.33734130859375
14505,-0.9718445539474487,0.0,3062.560791015625,130.33734130859375
14508,-0.9718445539474487,0.0,3047.277099609375,130.33734130859375
14510,-0.8538084626197815,0.0,3035.85693359375,130.33734130859375
14512,-0.8538088202476501,0.0,3069.5126953125,130.33734130859375
14515,-0.8538088202476501,0.0,3103.280517578125,130.33734130859375
14518,-0.8538088202476501,0.0,3137.1328125,130.33734130859375
14521,-0.8538088202476501,0.0,3170.897216796875,130.33734130859375
14524,-0.2356233447790146,0.0,3207.144287109375,130.33734130859375
14527,0.9718445539474487,0.0,3261.26904296875,130.33734130859375
14530,0.9718445539474487,0.0,3276.671142578125,130.33734130859375
14533,0.5205873847007751,0.0,3313.371826171875,130.33734130859375
14536,0.5205873847007751,0.0,3368.747802734375,130.33734130859375
14539,0.5205873847007751,0.0,3424.123779296875,130.33734130859375
14542,0.5205873847007751,0.0,3479.499755859375,132.15548706054688
14545,0.5205873847007751,0.0,3534.8759765625,132.15548706054688
14550,0.5205873847007751,0.0,3590.251953125,132.15548706054688
14555,0.5205873847007751,0.0,3645.62939453125,132.15548706054688
14558,-0.23562300205230713,0.0,3702.542236328125,132.15548706054688
14560,-0.23562300205230713,0.0,3765.578857421875,132.15548706054688
14562,-0.23562300205230713,0.0,3828.60986328125,132.15548706054688
14564,-0.23562300205230713,0.0,3891.641357421875,132.15548706054688
14568,0.5205873847007751,0.0,3952.271240234375,130.30325317382812
14570,0.5205873847007751,0.0,4007.64697265625,130.30325317382812
14572,-0.23562300205230713,0.0,4064.559814453125,130.30325317382812
14574,-0.23562300205230713,0.0,4127.59375,130.30325317382812
14577,-0.23562300205230713,0.0,4190.62646484375,131.62730407714844
14579,-0.23562300205230713,0.0,4253.65478515625,131.62730407714844
14581,-0.23562300205230713,0.0,4316.68359375,131.62730407714844
14583,-0.23562300205230713,0.0,4379.71630859375,131.62730407714844
14585,-0.23562300205230713,0.0,4442.7451171875,131.62730407714844
14587,0.5205873847007751,0.0,4503.37353515625,131.62730407714844
14595,0.5205873847007751,0.0,4558.75146484375,131.62730407714844
14599,-0.23562300205230713,0.0,4617.75732421875,131.62730407714844
14603,-0.23562300205230713,0.0,4680.81298828125,131.62730407714844
14607,-0.23562300205230713,0.0,4743.841796875,131.62730407714844
14611,-0.23562300205230713,0.0,4806.87451171875,130.1919708251953
14615,0.5205873847007751,0.0,4864.71923828125,130.1919708251953
14619,0.5205873847007751,0.0,4920.1318359375,130.1919708251953
14623,-0.23562300205230713,0.0,4983.31103515625,130.1919708251953
14627,-0.23562300205230713,0.0,5046.36181640625,130.1919708251953
14631,-0.23562300205230713,0.0,5109.390625,130.1919708251953
14732,-0.5205873847007751,0.0,5744.76416015625,130.1919708251953
14764,0.8538088202476501,0.0,5697.24951171875,130.1919708251953
14769,0.8538088202476501,0.0,5663.48486328125,131.6280975341797
14772,0.8538088202476501,0.0,5629.72412109375,131.6280975341797
14810,0.8538084626197815,0.0,5470.3349609375,131.75091552734375
14811,0.8538088202476501,0.0,5436.46630859375,131.1127471923828
14812,0.8538088202476501,0.0,5402.70166015625,130.19195556640625
14824,-0.8538084626197815,0.0,5418.05029296875,130.19195556640625
14827,-0.8538084626197815,0.0,5451.81103515625,131.81947326660156
14828,-0.9718446135520935,0.0,5481.7822265625,130.1919708251953
14829,-0.9718445539474487,0.0,5466.546875,130.1919708251953
14830,-0.5205870866775513,0.0,5422.5595703125,130.1919708251953
14831,-0.5205870866775513,0.0,5367.181640625,130.1919708251953
14832,-0.5205870866775513,0.0,5311.8076171875,130.1919708251953
14833,-0.5205870866775513,0.0,5256.4296875,130.1919708251953
14834,-0.5205870866775513,0.0,5201.0556640625,130.1919708251953
14835,-0.5205870866775513,0.0,5145.677734375,130.1919708251953
14836,-0.5205870866775513,0.0,5090.3037109375,130.1919708251953
14837,-0.8538088202476501,0.0,5042.064453125,130.1919708251953
14838,-0.8538088202476501,0.0,5075.65966796875,130.1919708251953
14840,-0.23562300205230713,0.0,5133.1396484375,130.1919708251953
14845,0.5205870866775513,0.0,5195.1513671875,130.1919708251953
14846,0.5205873847007751,0.0,5250.53515625,130.1919708251953
14847,0.9718445539474487,0.0,5299.37353515625,130.1919708251953
14848,0.9718445539474487,0.0,5314.67529296875,130.1919708251953
14849,0.9718445539474487,0.0,5329.96044921875,130.1919708251953
14850,0.9718445539474487,0.0,5345.24072265625,130.1919708251953
14851,0.9718445539474487,0.0,5360.5224609375,130.1919708251953
14852,0.5205873847007751,0.0,5379.06396484375,130.1919708251953
14853,-0.23562300205230713,0.0,5436.82373046875,130.1919708251953
14854,-0.23562300205230713,0.0,5499.8515625,130.1919708251953
14855,-0.23562300205230713,0.0,5562.88427734375,130.1919708251953
14856,0.5205873847007751,0.0,5618.640625,131.18511962890625
14857,-0.23562300205230713,0.0,5676.9521484375,131.6180877685547
14858,-0.23562300205230713,0.0,5740.01416015625,131.6180877685547
14860,-0.23562300205230713,0.0,5803.04296875,131.6180877685547
14862,-0.23562300205230713,0.0,5866.0751953125,131.6180877685547
14865,-0.8538084626197815,0.0,5927.00048828125,131.6180877685547
14866,-0.8538088202476501,0.0,5960.87451171875,131.6180877685547
14867,-0.8538088202476501,0.0,5994.64892578125,131.09776306152344
14868,-0.8538088202476501,0.0,6028.41357421875,131.09776306152344
14869,-0.8538088202476501,0.0,6062.17431640625,131.09776306152344
14870,-0.8538088202476501,0.0,6095.9375,131.09776306152344
14871,-0.8538088202476501,0.0,6129.7021484375,131.09776306152344
14872,-0.8538088202476501,0.0,6163.462890625,131.09776306152344
14873,-0.2356233447790146,0.0,6199.689453125,130.6475067138672
14874,0.5205873847007751,0.0,6258.9033203125,130.6475067138672
14877,-0.23562300205230713,0.0,6317.90966796875,130.6475067138672
14878,-0.23562300205230713,0.0,6380.9384765625,130.6475067138672
14879,-0.23562300205230713,0.0,6443.96728515625,130.6475067138672
14880,-0.23562300205230713,0.0,6506.99609375,130.6475067138672
14881,0.5205873847007751,0.0,6564.841796875,130.6475067138672
14882,0.5205873847007751,0.0,6620.2197265625,130.6475067138672
14883,-0.23562300205230713,0.0,6682.00927734375,130.07627868652344
14884,-0.23562300205230713,0.0,6745.0380859375,130.07627868652344
14885,0.5205873847007751,0.0,6806.3623046875,130.07627868652344
14886,0.5205873847007751,0.0,6861.73876953125,144.7032012939453
14887,-0.23562300205230713,0.0,6918.65380859375,146.7113037109375
14888,-0.23562300205230713,0.0,6981.685546875,157.55943298339844
14889,0.5205873847007751,0.0,7040.2353515625,183.57835388183594
14890,0.5205873847007751,0.0,7095.609375,208.18734741210938
14893,-0.23562300205230713,0.0,7151.802734375,233.15980529785156
14894,-0.23562300205230713,0.0,7214.87255859375,259.90911865234375
14895,-0.23562300205230713,0.0,7277.9013671875,289.3008117675781
14896,-0.23562300205230713,0.0,7340.93017578125,318.69268798828125
14898,-0.23562300205230713,0.0,7355.38525390625,325.43218994140625
14900,-0.23562300205230713,0.0,7355.24755859375,325.366943359375
14903,0.5205873847007751,0.0,7355.4619140625,325.46746826171875
14904,0.520587682723999,0.0,7355.54345703125,325.505859375
14923,0.5166964530944824,0.0,7355.54345703125,325.5060729980469
14926,-0.23562300205230713,0.0,7355.48681640625,325.47955322265625
14927,-0.23562300205230713,0.0,7355.34912109375,325.414306640625
14928,-0.23562300205230713,0.0,7355.20751953125,325.34930419921875
14929,0.5205870866775513,0.0,7355.1435546875,325.31903076171875
14930,0.9718445539474487,0.0,7355.69140625,325.5753479003906
14931,0.8538088202476501,0.0,7322.4296875,310.0651550292969
14933,0.8538081645965576,0.0,7304.013671875,301.4772033691406
14954,4.203895392974451e-45,0.0,7344.00146484375,2991.3466796875
14970,4.203895392974451e-45,0.0,7338.1044921875,2989.534423828125
14971,4.203895392974451e-45,0.0,7214.28466796875,2936.958984375
14972,4.203895392974451e-45,0.0,7200.357421875,2930.773193359375
14973,4.203895392974451e-45,0.0,7200.244140625,2930.72216796875
14974,-7.152559078349441e-07,0.0,7200.244140625,2930.72216796875
14975,4.203895392974451e-45,0.0,7324.06103515625,2983.93798828125
14976,4.203895392974451e-45,0.0,7447.8798828125,3033.666015625
14977,4.203895392974451e-45,0.0,7571.69677734375,3088.69384765625
14978,4.203895392974451e-45,0.0,7695.509765625,3124.860595703125
14979,4.203895392974451e-45,0.0,7819.326171875,3123.093994140625
14980,4.203895392974451e-45,0.0,7875.33642578125,3123.093994140625
14983,1.0000003576278687,0.0,7875.33642578125,3123.093994140625
14985,-0.7071065902709961,0.0,7924.7724609375,3123.093994140625
14986,4.203895392974451e-45,0.0,8031.279296875,3123.093994140625
14987,4.203895392974451e-45,0.0,8155.09765625,3123.093994140625
14988,-0.9441066384315491,0.0,8160.61767578125,3123.093994140625
14990,1.0000003576278687,0.0,8160.61767578125,3123.093994140625
14992,4.203895392974451e-45,0.0,8154.720703125,3123.093994140625
14993,-7.152559078349441e-07,0.0,8054.45947265625,3123.093994140625
14994,4.203895392974451e-45,0.0,8030.87548828125,3123.093994140625
14995,-7.152559078349441e-07,0.0,7924.74951171875,3123.093994140625
14999,-0.7071065902709961,0.0,7990.8583984375,3123.093994140625
15000,-0.7071065902709961,0.0,8078.4189453125,3123.093994140625
15001,-0.9999997615814209,0.0,8083.3896484375,3123.093994140625
15003,4.203895392974451e-45,0.0,8006.7412109375,3123.093994140625
15004,-7.152559078349441e-07,0.0,7906.50830078125,3123.093994140625
15005,4.203895392974451e-45,0.0,7930.09619140625,3123.093994140625
15008,1.0000003576278687,0.0,8022.0244140625,3123.093994140625
15011,0.7071065902709961,0.0,7963.46923828125,3123.093994140625
15012,0.7826788425445557,0.0,7962.65283203125,3123.093994140625
15013,-0.48294124007225037,0.0,7980.50341796875,3123.093994140625
15014,-0.48294124007225037,0.0,8007.28564453125,3155.3232421875
15015,-0.48294124007225037,0.0,8034.05859375,3212.193359375
15016,-0.48294124007225037,0.0,8060.8359375,3261.808837890625
15017,-0.48294124007225037,0.0,8087.6162109375,3318.9345703125
15018,-0.48294124007225037,0.0,8114.392578125,3375.539794921875
15019,-0.48294124007225037,0.0,8141.17333984375,3402.963623046875
15020,-0.48294124007225037,0.0,8167.9501953125,3390.501220703125
15021,-0.48294124007225037,0.0,8266.15234375,3372.140625
15022,-0.48294124007225037,0.0,8386.369140625,3372.140625
15025,-0.48294124007225037,0.0,8506.580078125,3372.140625
15026,-0.48294124007225037,0.0,8626.7900390625,3372.140625
15027,-0.48294124007225037,0.0,8747.0009765625,3372.140625
15028,-0.48294124007225037,0.0,8867.2080078125,3384.85302734375
15029,-0.48294124007225037,0.0,8987.4208984375,3383.328857421875
15030,-0.48294124007225037,0.0,9107.626953125,3372.140625
15031,-0.48294124007225037,0.0,9227.8349609375,3372.140625
15032,-0.48294124007225037,0.0,9348.037109375,3372.140625
15033,-0.48294124007225037,0.0,9468.244140625,3372.140625
15034,-0.48294124007225037,0.0,9588.4501953125,3372.140625
15035,-0.48294124007225037,0.0,9708.6669921875,3372.140625
15038,-0.48294124007225037,0.0,9828.8720703125,3372.140625
15039,-0.48294124007225037,0.0,9949.0791015625,3372.140625
15040,-0.48294124007225037,0.0,10072.0390625,3372.140625
15041,-0.48294124007225037,0.0,10165.734375,3372.140625
15042,0.8911105990409851,0.0,10168.02734375,3372.140625
15048,0.8930936455726624,0.0,10091.052734375,3372.140625
15049,0.8930936455726624,0.0,9969.0,3372.140625
15050,0.8930936455726624,0.0,9882.2978515625,3372.140625
15051,0.8930936455726624,0.0,9841.0263671875,3372.140625
15052,0.8930936455726624,0.0,9802.0166015625,3373.576171875
15053,0.8930936455726624,0.0,9763.0146484375,3372.303466796875
15054,0.8930936455726624,0.0,9724.0048828125,3372.303466796875
15055,0.8930936455726624,0.0,9685.0029296875,3372.303466796875
15056,0.8930936455726624,0.0,9645.994140625,3372.303466796875
15059,0.8930936455726624,0.0,9606.98046875,3372.303466796875
15060,0.9832426905632019,0.0,9596.63671875,3372.303466796875
15067,0.7102408409118652,0.0,9543.3046875,3372.303466796875
15068,0.7102408409118652,0.0,9454.73046875,3372.0390625
15069,0.7102408409118652,0.0,9368.068359375,3372.653564453125
15070,0.7102408409118652,0.0,9281.3984375,3372.653564453125
15071,0.7102408409118652,0.0,9194.7373046875,3372.653564453125
15072,0.7102408409118652,0.0,9108.0673828125,3372.653564453125
15073,0.7102408409118652,0.0,9021.4052734375,3372.0390625
15074,0.7102408409118652,0.0,8934.7353515625,3372.0390625
15075,0.7102408409118652,0.0,8848.072265625,3372.0390625
15076,0.7102408409118652,0.0,8761.412109375,3372.0390625
15079,0.7102408409118652,0.0,8674.7548828125,3372.0390625
15080,0.7140921950340271,0.0,8633.490234375,3372.0390625
15086,-0.7441003918647766,0.0,8666.6298828125,3372.0390625
15087,-0.7441003918647766,0.0,8736.2265625,3372.0390625
15088,-0.7441003918647766,0.0,8805.853515625,3372.0390625
15089,-0.7441003918647766,0.0,8875.4501953125,3372.0390625
15090,-0.7441003918647766,0.0,8945.04296875,3372.585205078125
15091,-0.7441003918647766,0.0,9014.63671875,3372.585205078125
15092,-0.7441003918647766,0.0,9084.236328125,3372.585205078125
15093,-0.7441003918647766,0.0,9153.8525390625,3372.585205078125
15094,-0.7441003918647766,0.0,9223.4462890625,3372.585205078125
15095,-0.7441003918647766,0.0,9293.056640625,3372.585205078125
15096,-0.7441003918647766,0.0,9362.64453125,3372.585205078125
15097,-0.7441003918647766,0.0,9432.2412109375,3372.140625
15098,-0.7441003918647766,0.0,9501.8291015625,3372.140625
15099,-0.7441003918647766,0.0,9571.4248046875,3372.140625
15100,-0.7441003918647766,0.0,9641.0126953125,3372.140625
15101,-0.7441003918647766,0.0,9710.6083984375,3372.140625
15104,-0.7441003918647766,0.0,9780.2021484375,3372.140625
15105,-0.7441003918647766,0.0,9849.7900390625,3372.140625
15106,-0.7441003918647766,0.0,9929.5986328125,3372.140625
15107,-0.7441003918647766,0.0,10034.380859375,3372.140625
15108,-0.7441003918647766,0.0,10141.546875,3372.140625
15109,0.8924472332000732,0.0,10167.2998046875,3372.140625
15119,0.5402870774269104,0.0,10140.666015625,3372.140625
15120,0.5402870774269104,0.0,10033.0087890625,3372.140625
15121,0.5402870774269104,0.0,9916.599609375,3372.140625
15122,0.5402870774269104,0.0,9806.923828125,3372.140625
15123,0.5402870774269104,0.0,9697.248046875,3372.140625
15124,0.5402870774269104,0.0,9587.572265625,3372.140625
15125,0.5402870774269104,0.0,9477.896484375,3372.140625
15126,0.5402870774269104,0.0,9368.21484375,3372.140625
15127,0.5402870774269104,0.0,9258.5390625,3372.140625
15128,0.5402870774269104,0.0,9148.8662109375,3372.140625
15129,0.5402870774269104,0.0,9039.1796875,3372.140625
15130,0.5402870774269104,0.0,8929.50390625,3372.140625
15131,0.5402870774269104,0.0,8882.0087890625,3372.140625
15132,0.5402870774269104,0.0,8865.6025390625,3372.62158203125
15133,0.5402870774269104,0.0,8849.1962890625,3372.62158203125
15134,0.5402870774269104,0.0,8832.7900390625,3372.62158203125
15135,0.5402870774269104,0.0,8816.3837890625,3372.62158203125
15136,0.5402870774269104,0.0,8799.9775390625,3372.3212890625
15137,0.5402870774269104,0.0,8783.5712890625,3372.3212890625
15138,0.5402870774269104,0.0,8767.1650390625,3372.3212890625
15139,0.5402870774269104,0.0,8750.7607421875,3372.3212890625
15140,0.5402870774269104,0.0,8734.3544921875,3372.3212890625
15141,0.5402870774269104,0.0,8717.953125,3372.3212890625
15142,0.5402870774269104,0.0,8701.560546875,3372.3212890625
15143,0.5402870774269104,0.0,8621.140625,3372.3212890625
15144,0.5402870774269104,0.0,8522.841796875,3372.3212890625
15145,0.5402870774269104,0.0,8403.76953125,3372.3212890625
15146,0.5402870774269104,0.0,8284.705078125,3372.3212890625
15147,0.5402870774269104,0.0,8165.63525390625,3372.3212890625
15148,0.5402870774269104,0.0,8046.56689453125,3372.3212890625
15149,0.5402870774269104,0.0,7927.49853515625,3372.3212890625
15150,0.5402870774269104,0.0,7808.4306640625,3372.3212890625
15151,0.5402870774269104,0.0,7689.35986328125,3372.3212890625
15154,0.5402870774269104,0.0,7570.29150390625,3372.3212890625
15155,0.5402870774269104,0.0,7451.2236328125,3372.3212890625
15156,0.5402870774269104,0.0,7332.15087890625,3372.3212890625
15157,0.5402870774269104,0.0,7213.08251953125,3372.3212890625
15158,0.5402870774269104,0.0,7094.01025390625,3372.3212890625
15159,0.5402870774269104,0.0,6974.9423828125,3381.02978515625
15160,0.5402870774269104,0.0,6855.8740234375,3363.185791015625
15161,0.5402870774269104,0.0,6736.8056640625,3363.185791015625
15162,0.5402870774269104,0.0,6617.7373046875,3363.185791015625
15163,0.5402870774269104,0.0,6498.6474609375,3363.185791015625
15164,0.5402870774269104,0.0,6379.56884765625,3363.185791015625
15165,0.5402870774269104,0.0,6260.47998046875,3363.185791015625
15166,0.5402870774269104,0.0,6141.41162109375,3363.185791015625
15167,0.5402870774269104,0.0,6022.302734375,3363.185791015625
15168,0.5402870774269104,0.0,5903.23388671875,3381.126220703125
15171,0.5402870774269104,0.0,5784.16357421875,3371.103515625
15172,0.5402870774269104,0.0,5665.08984375,3371.103515625
15173,0.27422788739204407,0.0,5659.419921875,3371.103515625
15233,-0.9999997615814209,0.0,6260.00146484375,2171.473876953125
15346,-1.0000003576278687,0.0,6260.00146484375,2171.473876953125
15348,-1.0000003576278687,0.0,6260.00146484375,2171.473876953125
15349,-1.0000003576278687,0.0,6260.00146484375,2171.473876953125
15352,-1.0000003576278687,0.0,6260.00146484375,2171.473876953125
15353,-0.7071067094802856,0.0,6218.90234375,2171.473876953125
15354,-1.0000003576278687,0.0,6201.423828125,2173.140380859375
15355,-1.0000003576278687,0.0,6201.423828125,2173.140380859375
15358,-1.0000003576278687,0.0,6201.423828125,2173.140380859375
15359,-1.0000003576278687,0.0,6201.423828125,2173.140380859375
15360,-1.0000003576278687,0.0,6201.423828125,2173.140380859375
15361,-0.9999997615814209,0.0,6201.423828125,2173.140380859375
15363,1.7881397695873602e-07,0.0,6213.21728515625,2171.4736328125
15365,1.7881397695873602e-07,0.0,6253.05126953125,2171.4736328125
15367,1.7881397695873602e-07,0.0,6289.0673828125,2171.4736328125
15369,4.203895392974451e-45,0.0,6310.72216796875,2171.4736328125
15392,4.203895392974451e-45,0.0,6310.72216796875,2171.4736328125
15407,-1.0000003576278687,0.0,6300.9931640625,2171.4736328125
15409,-0.7071067094802856,0.0,6286.091796875,2171.4736328125
15411,-0.9999997615814209,0.0,6303.33740234375,2171.4736328125
15413,-0.707106351852417,0.0,6291.166015625,2171.4736328125
15415,-1.0000003576278687,0.0,6287.73828125,2171.4736328125
15417,-1.0000003576278687,0.0,6254.91552734375,2171.4736328125
15419,-1.0000003576278687,0.0,6241.88671875,2171.4736328125
15421,-0.707106351852417,0.0,6245.55126953125,2171.4736328125
15423,1.7881397695873602e-07,0.0,6298.19189453125,2171.4736328125
15424,1.7881397695873602e-07,0.0,6363.046875,2172.958740234375
15425,-0.7071067094802856,0.0,6424.9755859375,2172.958740234375
15458,-1.0000003576278687,0.0,6433.3271484375,2172.958740234375
15461,0.7071070075035095,0.0,6387.46630859375,2172.958740234375
15462,-1.7881397695873602e-07,0.0,6331.28173828125,2171.4736328125
15463,-1.7881397695873602e-07,0.0,6266.4267578125,2171.4736328125
15464,0.7071070075035095,0.0,6211.3935546875,2171.4736328125
15465,1.0000003576278687,0.0,6189.74462890625,2173.370849609375
15466,0.9999997615814209,0.0,6189.74462890625,2173.370849609375
15467,0.9999997615814209,0.0,6189.74462890625,2173.370849609375
15470,0.9999997615814209,0.0,6189.74462890625,2173.370849609375
15471,0.7071069478988647,0.0,6201.66162109375,2173.370849609375
15473,1.0000003576278687,0.0,6231.6435546875,2171.701171875
15474,0.9999997615814209,0.0,6231.64306640625,2171.701171875
15476,-0.9999997615814209,0.0,6223.10302734375,2171.701171875
15479,-0.9999997615814209,0.0,6223.099609375,2171.701171875
15480,-1.0000003576278687,0.0,6223.099609375,2171.701171875
15481,-1.0000003576278687,0.0,6223.099609375,2171.701171875
15482,-1.0000003576278687,0.0,6223.099609375,2171.701171875
15483,-1.0000003576278687,0.0,6223.099609375,2171.701171875
15484,-1.0000003576278687,0.0,6239.98583984375,2171.701171875
15485,-1.0000003576278687,0.0,6239.98583984375,2171.701171875
15487,-1.0000003576278687,0.0,6239.98583984375,2171.701171875
15488,-1.0000003576278687,0.0,6239.98583984375,2171.701171875
15489,-1.0000003576278687,0.0,6239.98583984375,2171.701171875
15490,-1.0000003576278687,0.0,6239.98583984375,2171.701171875
15492,-1.0000003576278687,0.0,6239.98583984375,2171.701171875
15495,-1.0000003576278687,0.0,6239.98583984375,2171.701171875
15497,-0.9999997615814209,0.0,6239.98583984375,2171.701171875
15499,1.0000003576278687,0.0,6239.98583984375,2171.701171875
15501,0.9999997615814209,0.0,6239.98583984375,2171.701171875
15504,1.0000003576278687,0.0,6239.98583984375,2171.701171875
15506,0.7071065902709961,0.0,6260.234375,2171.701171875
15508,0.7071069478988647,0.0,6306.095703125,2171.701171875
15510,0.7071069478988647,0.0,6351.95703125,2172.457763671875
15517,1.0000003576278687,0.0,6373.603515625,2172.91357421875
15521,0.9999997615814209,0.0,6373.603515625,2172.91357421875
15523,0.9999997615814209,0.0,6373.603515625,2172.91357421875
15526,0.9999997615814209,0.0,6373.603515625,2172.91357421875
15528,0.9999997615814209,0.0,6384.4951171875,2171.70361328125
15530,0.9999997615814209,0.0,6406.0546875,2171.70361328125
15532,0.9999997615814209,0.0,6406.1025390625,2171.70361328125
15534,0.9999997615814209,0.0,6406.1025390625,2171.70361328125
15536,0.7071070075035095,0.0,6390.02099609375,2171.70361328125
15539,-1.7881397695873602e-07,0.0,6325.20458984375,2171.70361328125
15540,-9.536746574667632e-07,0.0,6325.20458984375,2171.70361328125
15617,-0.9999793767929077,0.0,6325.20458984375,2171.70361328125
15640,-0.9999793767929077,0.0,6325.20458984375,2171.70361328125
15688,-0.9999793767929077,0.0,6325.20458984375,2171.70361328125
15706,-0.7071067094802856,0.0,6279.27392578125,2171.70361328125
15711,-0.7071067094802856,0.0,6233.3125,2171.70361328125
15715,-0.48903024196624756,0.0,6188.2080078125,2173.34716796875
15718,1.0000003576278687,0.0,6188.2080078125,2173.34716796875
15721,0.7071069478988647,0.0,6231.80126953125,2171.4736328125
15724,1.0000003576278687,0.0,6270.10693359375,2171.4736328125
15725,0.891499936580658,0.0,6270.10693359375,2171.4736328125
15730,-0.7071069478988647,0.0,6221.98193359375,2171.4736328125
15732,-0.7071067094802856,0.0,6176.1171875,2173.288330078125
15734,-0.7071067094802856,0.0,6174.7255859375,2173.288330078125
15736,1.7881397695873602e-07,0.0,6239.54248046875,2171.681640625
15738,-0.9999997615814209,0.0,6259.28369140625,2171.681640625
15740,-0.9999997615814209,0.0,6259.28369140625,2171.681640625
15742,-0.9999997615814209,0.0,6259.28369140625,2171.681640625
15744,-0.9999997615814209,0.0,6259.28369140625,2171.681640625
15746,-0.9999997615814209,0.0,6259.28369140625,2171.681640625
15748,-0.9999997615814209,0.0,6259.28369140625,2171.681640625
15753,-0.9999997615814209,0.0,6259.28369140625,2171.681640625
15756,-0.9999997615814209,0.0,6259.28369140625,2171.681640625
15758,-0.9999997615814209,0.0,6259.28369140625,2171.681640625
15759,-0.7071067094802856,0.0,6230.693359375,2171.681640625
15760,-0.7071067094802856,0.0,6184.8349609375,2171.681640625
15761,1.7881397695873602e-07,0.0,6137.2861328125,2171.681640625
15762,0.7071070075035095,0.0,6075.3603515625,2171.681640625
15763,0.9999997615814209,0.0,6066.20849609375,2171.681640625
15764,0.9999997615814209,0.0,6066.20849609375,2171.681640625
15765,0.9999997615814209,0.0,6066.20849609375,2171.681640625
15766,0.9999997615814209,0.0,6066.20849609375,2171.681640625
15768,0.9999997615814209,0.0,6066.20849609375,2171.681640625
15769,0.7071068286895752,0.0,6111.47265625,2171.681640625
15771,0.7071068286895752,0.0,6157.33740234375,2171.681640625
15773,0.7071068286895752,0.0,6203.1953125,2171.681640625
15775,1.0000003576278687,0.0,6220.7060546875,2171.681640625
15778,1.0000003576278687,0.0,6220.7060546875,2171.681640625
15780,0.7071070075035095,0.0,6179.60791015625,2173.32666015625
15782,0.7071070075035095,0.0,6133.72412109375,2173.32666015625
15784,0.7071070075035095,0.0,6087.8623046875,2173.32666015625
15787,0.7971797585487366,0.0,6049.6494140625,2173.32666015625
15843,0.7971797585487366,0.0,6049.6494140625,2173.32666015625
15850,-1.0000003576278687,0.0,6049.6494140625,2173.32666015625
15851,-1.0000003576278687,0.0,6049.6494140625,2173.32666015625
15852,-0.9067541360855103,0.0,6049.6494140625,2173.32666015625
15853,-1.0000003576278687,0.0,6049.6494140625,2173.32666015625
15854,-1.0000003576278687,0.0,6049.6494140625,2173.32666015625
15855,-1.0000003576278687,0.0,6049.6494140625,2171.59521484375
15856,-1.0000003576278687,0.0,6049.6494140625,2171.59521484375
15857,-0.707106351852417,0.0,6065.7314453125,2171.59521484375
15858,-0.9999997615814209,0.0,6104.0341796875,2171.59521484375
15859,-1.0000003576278687,0.0,6104.0537109375,2171.59521484375
15860,-1.0000003576278687,0.0,6104.0537109375,2171.59521484375
15861,-0.707106351852417,0.0,6145.1513671875,2171.59521484375
15863,-1.0000003576278687,0.0,6183.453125,2171.59521484375
15868,-0.9999997615814209,0.0,6183.47265625,2171.59521484375
15869,-0.7071067094802856,0.0,6203.72509765625,2171.59521484375
15870,-0.707106351852417,0.0,6249.5869140625,2171.59521484375
15871,-0.707106351852417,0.0,6295.44580078125,2171.59521484375
15909,-1.0000003576278687,0.0,6312.92431640625,2171.59521484375
15910,-0.7071067094802856,0.0,6275.99609375,2171.59521484375
15916,-0.7071067094802856,0.0,6232.43505859375,2171.59521484375
15921,-1.0000003576278687,0.0,6206.615234375,2171.59521484375
15930,-1.0000003576278687,0.0,6206.615234375,2171.59521484375
15938,-1.0000003576278687,0.0,6206.615234375,2171.59521484375
15943,-1.0000003576278687,0.0,6206.615234375,2171.59521484375
15949,-1.0000003576278687,0.0,6206.615234375,2171.59521484375
15954,-0.7071068286895752,0.0,6194.7021484375,2172.56884765625
15960,-0.7071067094802856,0.0,6148.84228515625,2172.56884765625
15966,-1.0000003576278687,0.0,6114.689453125,2172.56884765625
15971,-5.96046660916727e-08,0.0,6157.77978515625,2172.56884765625
15976,1.7881397695873602e-07,0.0,6222.63818359375,2171.54052734375
15981,0.7071069478988647,0.0,6286.21484375,2171.54052734375
15986,0.7071069478988647,0.0,6332.1640625,2171.54052734375
15991,0.9999997615814209,0.0,6357.98046875,2171.54052734375
15996,0.707106351852417,0.0,6354.31982421875,2171.54052734375
16000,0.7071070075035095,0.0,6308.54345703125,2171.54052734375
16009,0.7071070075035095,0.0,6262.6826171875,2171.54052734375
16014,0.7071070075035095,0.0,6216.8212890625,2171.54052734375
16018,0.7071070075035095,0.0,6170.95947265625,2172.525634765625
16024,0.7071070075035095,0.0,6125.09765625,2172.525634765625
16029,1.0000003576278687,0.0,6082.728515625,2172.525634765625
16034,0.9999997615814209,0.0,6082.603515625,2171.4736328125
16039,0.9999997615814209,0.0,6082.603515625,2171.4736328125
16044,0.9999997615814209,0.0,6082.603515625,2171.4736328125
16050,0.9999997615814209,0.0,6082.603515625,2171.4736328125
16057,0.9999997615814209,0.0,6082.603515625,2171.4736328125
16063,0.7071065902709961,0.0,6102.85595703125,2171.4736328125
16069,1.0000003576278687,0.0,6128.6728515625,2171.4736328125
16070,0.9950681924819946,0.0,6128.6728515625,2171.4736328125
16148,1.7881397695873602e-07,0.0,6193.52783203125,2171.4736328125
16153,1.7476993718901213e-07,0.0,6223.0087890625,2171.4736328125
16158,-0.7071069478988647,0.0,6194.00341796875,2171.4736328125
16163,-0.7071068286895752,0.0,6148.1416015625,2171.4736328125
16168,-0.9999997615814209,0.0,6122.3251953125,2171.4736328125
16173,-1.0000003576278687,0.0,6122.3251953125,2171.4736328125
16178,-1.0000003576278687,0.0,6122.3251953125,2171.4736328125
16184,-1.0000003576278687,0.0,6122.3251953125,2171.4736328125
16190,-1.0000003576278687,0.0,6122.3251953125,2171.4736328125
16196,-1.0000003576278687,0.0,6122.3251953125,2172.57421875
16202,-1.0000003576278687,0.0,6122.3251953125,2172.57421875
16210,-1.0000003576278687,0.0,6122.3251953125,2172.57421875
16217,-1.0000003576278687,0.0,6122.3251953125,2172.57421875
16224,-0.9999997615814209,0.0,6126.57763671875,2172.57421875
16235,-1.0000003576278687,0.0,6126.68359375,2172.57421875
16241,-1.0000003576278687,0.0,6126.68359375,2172.57421875
16247,-0.707106351852417,0.0,6171.94921875,2172.57421875
16251,-0.9999997615814209,0.0,6201.93701171875,2171.933349609375
16255,-1.0000003576278687,0.0,6201.9365234375,2171.933349609375
16260,-1.0000003576278687,0.0,6201.9365234375,2171.933349609375
16266,-1.0000003576278687,0.0,6201.9365234375,2171.54052734375
16270,-1.0000003576278687,0.0,6201.9365234375,2171.54052734375
16274,-0.7071069478988647,0.0,6185.85498046875,2171.85498046875
16277,-0.7071067094802856,0.0,6196.9658203125,2171.85498046875
16281,-1.0000003576278687,0.0,6201.93701171875,2171.85498046875
16285,-1.0000003576278687,0.0,6201.93701171875,2171.85498046875
16289,-1.0000003576278687,0.0,6201.93701171875,2171.85498046875
16294,-1.0000003576278687,0.0,6201.93701171875,2171.85498046875
16303,-1.0000003576278687,0.0,6201.93701171875,2171.85498046875
16311,-0.7071070075035095,0.0,6222.185546875,2171.85498046875
16316,-1.0000003576278687,0.0,6252.169921875,2171.85498046875
16321,-1.0000003576278687,0.0,6252.17333984375,2171.85498046875
16326,-1.0000003576278687,0.0,6252.17333984375,2171.85498046875
16331,-1.0000003576278687,0.0,6252.17333984375,2171.85498046875
16336,-1.0000003576278687,0.0,6252.17333984375,2171.85498046875
16341,-1.0000003576278687,0.0,6252.17333984375,2174.42578125
16347,-0.7071070075035095,0.0,6264.08642578125,2175.96337890625
16352,-0.707106351852417,0.0,6309.94384765625,2171.85498046875
16357,-0.707106351852417,0.0,6355.802734375,2172.201171875
16362,-0.707106351852417,0.0,6401.681640625,2172.201171875
16368,-0.707106351852417,0.0,6447.54443359375,2172.201171875
16375,-0.707106351852417,0.0,6493.40380859375,2172.201171875
16382,-1.0000003576278687,0.0,6502.54150390625,2172.201171875
16390,-0.7071067094802856,0.0,6510.29931640625,2172.201171875
16398,-0.707106351852417,0.0,6556.14453125,2172.201171875
16406,-0.707106351852417,0.0,6602.00390625,2172.201171875
16412,-0.9999997615814209,0.0,6606.97509765625,2172.201171875
16418,-0.9999997615814209,0.0,6606.97509765625,2172.201171875
16424,-0.9999997615814209,0.0,6606.97509765625,2172.201171875
16430,-0.9999997615814209,0.0,6606.97509765625,2175.15673828125
16439,-0.707106351852417,0.0,6635.5654296875,2175.15673828125
16445,-0.707106351852417,0.0,6681.42529296875,2175.15673828125
16543,-0.9999997615814209,0.0,6702.943359375,2175.15673828125
16550,-0.7071068286895752,0.0,6691.0302734375,2175.58154296875
16616,-0.7071069478988647,0.0,6653.509765625,2176.14990234375
16651,-0.9999997615814209,0.0,6654.31396484375,2176.14990234375
16652,-1.0000003576278687,0.0,6654.31396484375,2176.14990234375
16667,-0.7071067094802856,0.0,6612.6220703125,2176.14990234375
16671,-0.7071067094802856,0.0,6566.76171875,2176.14990234375
16674,-1.0000003576278687,0.0,6565.96142578125,2176.14990234375
16675,-1.0000003576278687,0.0,6565.96142578125,2176.14990234375
16681,-1.0000003576278687,0.0,6565.96142578125,2176.14990234375
16682,-1.0000003576278687,0.0,6565.96142578125,2176.14990234375
16683,-1.0000003576278687,0.0,6565.96142578125,2172.07861328125
16685,-0.7071070075035095,0.0,6586.2138671875,2172.07861328125
16686,-0.707106351852417,0.0,6632.49853515625,2174.414794921875
16687,1.7881397695873602e-07,0.0,6693.859375,2174.414794921875
16688,0.7071068286895752,0.0,6747.1669921875,2174.414794921875
16690,0.7071068286895752,0.0,6793.02685546875,2172.07861328125
16695,0.7071068286895752,0.0,6838.8857421875,2172.776611328125
16696,1.0000003576278687,0.0,6881.255859375,2176.09765625
16697,0.707106351852417,0.0,6869.46728515625,2176.09765625
16699,0.7071070075035095,0.0,6852.58544921875,2176.09765625
16702,0.707106351852417,0.0,6806.69384765625,2176.09765625
16704,0.707106351852417,0.0,6760.83740234375,2176.09765625
16705,-3.5762795391747204e-07,0.0,6706.1201171875,2176.09765625
16706,-0.7071068286895752,0.0,6649.3603515625,2176.09765625
16708,-1.0000003576278687,0.0,6611.05810546875,2176.09765625
16711,-1.0000003576278687,0.0,6611.03857421875,2176.09765625
16713,-1.0000003576278687,0.0,6611.03857421875,2176.09765625
16715,-0.7071067094802856,0.0,6582.4453125,2176.09765625
16717,-0.7071067094802856,0.0,6536.5888671875,2172.243896484375
16720,-0.7071067094802856,0.0,6490.69287109375,2172.243896484375
16724,-0.7071067094802856,0.0,6444.830078125,2174.323486328125
16746,-1.0000003576278687,0.0,6423.18701171875,2174.323486328125
16749,-1.0000003576278687,0.0,6423.18701171875,2174.323486328125
16753,-0.7071068286895752,0.0,6398.763671875,2174.323486328125
16756,-0.7071067094802856,0.0,6352.90576171875,2174.323486328125
16761,-1.0000003576278687,0.0,6322.92041015625,2174.323486328125
16765,-0.9999997615814209,0.0,6322.9208984375,2174.323486328125
16769,-0.9999997615814209,0.0,6322.9208984375,2174.323486328125
16772,-0.9999997615814209,0.0,6322.9208984375,2174.323486328125
16777,-0.7071065902709961,0.0,6315.16259765625,2174.323486328125
16780,-0.7071067094802856,0.0,6269.27490234375,2174.323486328125
16782,-0.7071067094802856,0.0,6223.41259765625,2173.15478515625
16784,-0.7071067094802856,0.0,6177.55322265625,2173.15478515625
16786,-1.0000003576278687,0.0,6160.07421875,2173.15478515625
16788,-1.0000003576278687,0.0,6160.07421875,2173.15478515625
16790,-1.0000003576278687,0.0,6160.07421875,2173.15478515625
16792,-0.7071067094802856,0.0,6127.31689453125,2173.15478515625
16795,-1.0000003576278687,0.0,6097.33251953125,2173.15478515625
16800,-1.0000003576278687,0.0,6097.3330078125,2173.15478515625
16802,-1.0000003576278687,0.0,6097.3330078125,2173.420166015625
16804,-1.0000003576278687,0.0,6097.3330078125,2173.420166015625
16810,-1.0000003576278687,0.0,6097.3330078125,2173.420166015625
16816,-1.0000003576278687,0.0,6097.3330078125,2173.420166015625
16823,-1.0000003576278687,0.0,6097.3330078125,2173.420166015625
16830,-0.7071067094802856,0.0,6064.57568359375,2173.420166015625
16837,-0.7071067094802856,0.0,6018.71630859375,2173.420166015625
16853,-1.0000003576278687,0.0,6013.74560546875,2173.420166015625
16860,-1.0000003576278687,0.0,6013.74560546875,2173.420166015625
17024,-0.8905178308486938,0.0,6013.74560546875,2173.420166015625
17083,1.0000003576278687,0.0,6012.00244140625,2173.420166015625
17113,0.7071069478988647,0.0,6016.986328125,2173.420166015625
17115,0.7071068286895752,0.0,6062.84765625,2173.420166015625
17117,1.0000003576278687,0.0,6101.15087890625,2173.420166015625
17121,1.0000003576278687,0.0,6101.17041015625,2173.420166015625
17123,1.0000003576278687,0.0,6101.17041015625,2173.420166015625
17126,1.0000003576278687,0.0,6101.17041015625,2173.420166015625
17128,1.0000003576278687,0.0,6101.17041015625,2173.420166015625
17130,1.0000003576278687,0.0,6101.17041015625,2173.420166015625
17133,1.0000003576278687,0.0,6101.17041015625,2173.420166015625
17135,0.707106351852417,0.0,6093.41259765625,2173.15478515625
17137,-3.5762795391747204e-07,0.0,6028.59814453125,2173.15478515625
17140,-3.5762795391747204e-07,0.0,5963.7431640625,2173.15478515625
17142,-3.5762795391747204e-07,0.0,5898.88818359375,2173.15478515625
17145,-7.152559078349441e-07,0.0,5857.61328125,2173.15478515625
17238,-7.152559078349441e-07,0.0,5257.61328125,2172.079345703125
17308,1.0000003576278687,0.0,5257.61328125,2172.079345703125
17311,1.0000003576278687,0.0,5257.61328125,2174.583251953125
17316,1.0000003576278687,0.0,5257.61328125,2174.583251953125
17320,1.0000003576278687,0.0,5257.61328125,2174.583251953125
17325,1.0000003576278687,0.0,5257.61328125,2174.583251953125
17331,1.0000003576278687,0.0,5257.61328125,2179.669921875
17335,1.0000003576278687,0.0,5256.1611328125,2180.023193359375
17339,1.0000003576278687,0.0,5243.9033203125,2180.023193359375
17343,1.0000003576278687,0.0,5210.8701171875,2180.023193359375
17347,1.0000003576278687,0.0,5207.26513671875,2180.023193359375
17352,1.0000003576278687,0.0,5207.2587890625,2180.023193359375
17357,1.0000003576278687,0.0,5207.25244140625,2180.023193359375
17360,1.0000003576278687,0.0,5207.25341796875,2180.023193359375
17367,-0.7071068286895752,0.0,5158.8330078125,2180.023193359375
17373,-0.7071068286895752,0.0,5112.9716796875,2180.023193359375
17379,-0.7071068286895752,0.0,5067.11181640625,2174.7080078125
17386,-0.7071068286895752,0.0,5021.2529296875,2174.7080078125
17394,-0.7071068286895752,0.0,4975.39306640625,2174.7080078125
17403,-0.7071068286895752,0.0,4929.5341796875,2174.7080078125
17416,-0.7071068286895752,0.0,4883.67431640625,2174.7080078125
17425,-0.7071068286895752,0.0,4837.81591796875,2174.7080078125
17434,-0.7071068286895752,0.0,4791.953125,2174.1064453125
17444,-1.7881397695873602e-07,0.0,4742.6826171875,2174.1064453125
17455,-0.7071067094802856,0.0,4689.375,2173.050048828125
17509,-9.536746574667632e-07,0.0,4649.15478515625,2171.879150390625
17564,-0.7071067094802856,0.0,4636.64990234375,2171.879150390625
17685,-0.7071068286895752,0.0,4575.2861328125,2171.879150390625
17694,-0.7071067094802856,0.0,4529.4267578125,2171.879150390625
17701,-0.7071067094802856,0.0,4486.8232421875,2173.3876953125
17709,-0.7071067094802856,0.0,4440.962890625,2171.91748046875
17773,-0.7900418639183044,0.0,4424.28759765625,2171.91748046875
17843,-3.5762795391747204e-07,0.0,4383.0166015625,2171.91748046875
17851,-3.5762795391747204e-07,0.0,4318.16162109375,2171.91748046875
17858,-3.5762795391747204e-07,0.0,4253.302734375,2171.91748046875
17867,-0.7071067094802856,0.0,4199.99951171875,2171.91748046875
17874,-0.9999997615814209,0.0,4178.349609375,2171.91748046875
17883,-1.0000003576278687,0.0,4178.349609375,2171.91748046875
17891,-1.0000003576278687,0.0,4178.349609375,2171.91748046875
17900,-1.0000003576278687,0.0,4178.349609375,2171.91748046875
17907,-1.0000003576278687,0.0,4178.349609375,2171.91748046875
17915,-0.7071067094802856,0.0,4133.08544921875,2171.91748046875
17923,-0.9999997615814209,0.0,4107.2685546875,2171.91748046875
17932,-0.9999997615814209,0.0,4107.2685546875,2171.91748046875
17941,-0.9999997615814209,0.0,4107.2685546875,2171.91748046875
17954,-0.9999997615814209,0.0,4107.2685546875,2171.91748046875
17962,-0.9999997615814209,0.0,4107.2685546875,2171.91748046875
17969,-0.9999997615814209,0.0,4107.2685546875,2171.91748046875
17976,-0.7071067094802856,0.0,4078.679443359375,2171.91748046875
17984,-1.0000003576278687,0.0,4040.37451171875,2171.91748046875
17986,-1.0000003576278687,0.0,4040.354736328125,2171.91748046875
17994,-1.0000003576278687,0.0,4040.354736328125,2171.91748046875
18011,-1.0000003576278687,0.0,4040.354736328125,2171.91748046875
18018,-1.0000003576278687,0.0,4040.354736328125,2171.91748046875
18026,-1.0000003576278687,0.0,4040.354736328125,2171.91748046875
18033,-1.0000003576278687,0.0,4040.354736328125,2171.91748046875
18040,-1.0000003576278687,0.0,4040.354736328125,2171.91748046875
18047,-1.0000003576278687,0.0,4040.354736328125,2171.91748046875
18055,-0.707106351852417,0.0,4085.62158203125,2171.91748046875
18061,-0.9999997615814209,0.0,4103.09765625,2171.91748046875
18066,-0.9999997615814209,0.0,4103.09765625,2171.91748046875
18071,-0.9999997615814209,0.0,4103.09765625,2171.91748046875
18075,-0.9999997615814209,0.0,4103.09765625,2171.91748046875
18079,-0.9999997615814209,0.0,4103.09765625,2171.91748046875
18083,-0.9999997615814209,0.0,4103.09765625,2171.91748046875
18087,-0.9999997615814209,0.0,4103.09765625,2173.037353515625
18092,-0.9999997615814209,0.0,4103.09765625,2173.037353515625
18098,-0.9999997615814209,0.0,4103.09765625,2173.037353515625
18101,-0.7071069478988647,0.0,4078.679443359375,2172.117919921875
18105,-1.0000003576278687,0.0,4065.370849609375,2172.117919921875
18156,-1.0000003576278687,0.0,4065.370849609375,2172.117919921875
18166,-1.0000003576278687,0.0,4065.370849609375,2172.117919921875
18175,-1.0000003576278687,0.0,4065.370849609375,2172.117919921875
18184,-1.0000003576278687,0.0,4065.370849609375,2172.117919921875
18193,-1.0000003576278687,0.0,4065.370849609375,2172.117919921875
18205,-1.0000003576278687,0.0,4065.370849609375,2172.117919921875
18214,-1.0000003576278687,0.0,4065.370849609375,2172.117919921875
18223,-1.0000003576278687,0.0,4065.370849609375,2172.117919921875
18233,-0.7071067094802856,0.0,4032.6103515625,2172.117919921875
18303,-1.0000003576278687,0.0,4011.764892578125,2172.117919921875
18417,1.0000003576278687,0.0,4011.7646484375,2173.0712890625
18422,0.9999997615814209,0.0,4011.7646484375,2173.0712890625
18460,0.7071065902709961,0.0,4032.612060546875,2173.0712890625
18515,0.7071069478988647,0.0,4078.510009765625,2173.0712890625
18523,1.0000003576278687,0.0,4083.481201171875,2173.0712890625
18612,1.7881397695873602e-07,0.0,4095.273193359375,2173.0712890625
18617,1.7881397695873602e-07,0.0,4160.126953125,2173.0712890625
18658,-0.7071067094802856,0.0,4133.26708984375,2173.0712890625
18663,-1.7881397695873602e-07,0.0,4075.35791015625,2173.0712890625
18666,9.536746574667632e-07,0.0,4034.08447265625,2173.0712890625
18669,3.5762795391747204e-07,0.0,4057.66796875,2173.0712890625
18672,1.7881397695873602e-07,0.0,4122.52978515625,2173.0712890625
18727,1.0000003576278687,0.0,4098.11083984375,2173.0712890625
18731,0.9999997615814209,0.0,4098.11083984375,2172.250732421875
18735,0.9999997615814209,0.0,4098.11083984375,2172.250732421875
18739,0.9999997615814209,0.0,4098.11083984375,2172.250732421875
18745,0.9999997615814209,0.0,4098.11083984375,2172.250732421875
18749,0.9999997615814209,0.0,4098.11083984375,2172.250732421875
18754,0.9999997615814209,0.0,4098.11083984375,2172.250732421875
18765,0.9999997615814209,0.0,4098.11083984375,2172.250732421875
18766,0.9999997615814209,0.0,4098.11083984375,2172.250732421875
19472,0.7071069478988647,0.0,3682.18408203125,2173.0712890625
19476,1.0000003576278687,0.0,3720.48974609375,2172.149658203125
19480,1.0000003576278687,0.0,3720.5048828125,2172.149658203125
19486,1.0000003576278687,0.0,3720.5048828125,2172.149658203125
19492,1.0000003576278687,0.0,3720.5048828125,2172.149658203125
19496,1.0000003576278687,0.0,3720.5048828125,2172.149658203125
19501,1.0000003576278687,0.0,3720.5048828125,2172.149658203125
19505,1.0000003576278687,0.0,3720.5048828125,2172.149658203125
19508,1.0000003576278687,0.0,3720.5048828125,2172.149658203125
19511,1.0000003576278687,0.0,3720.5048828125,2172.149658203125
19514,1.7881397695873602e-07,0.0,3771.925537109375,2172.149658203125
19517,-1.0000003576278687,0.0,3825.192626953125,2172.149658203125
19520,-1.0000003576278687,0.0,3825.31787109375,2172.149658203125
19523,-1.0000003576278687,0.0,3825.31787109375,2172.149658203125
19527,-1.0000003576278687,0.0,3825.31787109375,2172.149658203125
19540,-1.0000003576278687,0.0,3825.31787109375,2172.149658203125
19543,-1.0000003576278687,0.0,3825.31787109375,2172.149658203125
19553,-0.7071069478988647,0.0,3817.559814453125,2172.149658203125
19556,-0.7071067094802856,0.0,3771.710693359375,2172.149658203125
19560,-1.0000003576278687,0.0,3758.40185546875,2172.149658203125
19563,-1.0000003576278687,0.0,3758.40185546875,2172.92431640625
19566,-0.7071070075035095,0.0,3785.43017578125,2172.92431640625
19568,1.7881397695873602e-07,0.0,3845.0654296875,2172.92431640625
19569,5.326319296727888e-07,0.0,3856.859130859375,2172.92431640625
19574,1.0000003576278687,0.0,3856.859130859375,2172.92431640625
19577,1.0000003576278687,0.0,3856.859130859375,2172.250732421875
19580,0.7071070075035095,0.0,3836.606689453125,2172.250732421875
19581,0.7071070075035095,0.0,3793.853759765625,2172.250732421875
19585,1.0000003576278687,0.0,3784.7138671875,2172.250732421875
19590,1.7881397695873602e-07,0.0,3843.75830078125,2172.250732421875
19594,1.7881397695873602e-07,0.0,3908.616455078125,2172.250732421875
19598,1.7881397695873602e-07,0.0,3973.47412109375,2172.250732421875
19602,1.7881397695873602e-07,0.0,4038.34814453125,2172.250732421875
19607,1.7881397695873602e-07,0.0,4103.20654296875,2172.250732421875
19612,-0.707106351852417,0.0,4154.78369140625,2172.250732421875
19617,-1.0000003576278687,0.0,4172.259765625,2172.250732421875
19621,-1.0000003576278687,0.0,4172.259765625,2172.250732421875
19625,-1.0000003576278687,0.0,4172.259765625,2173.072998046875
19632,-0.7071067094802856,0.0,4180.01806640625,2173.072998046875
19662,-1.0000003576278687,0.0,4213.36083984375,2173.072998046875
19672,-1.0000003576278687,0.0,4213.36083984375,2173.072998046875
19681,-0.707106351852417,0.0,4247.845703125,2173.072998046875
19685,-0.707106351852417,0.0,4293.705078125,2172.250732421875
19689,-0.707106351852417,0.0,4337.638671875,2172.250732421875
19693,-1.0000003576278687,0.0,4375.94482421875,2172.250732421875
19697,-1.0000003576278687,0.0,4375.96435546875,2172.250732421875
19702,-0.7071068286895752,0.0,4351.541015625,2172.250732421875
19709,-0.9999997615814209,0.0,4309.1767578125,2172.250732421875
19714,-1.0000003576278687,0.0,4309.0517578125,2173.90234375
19719,-1.0000003576278687,0.0,4309.0517578125,2173.90234375
19724,-1.0000003576278687,0.0,4309.0517578125,2173.90234375
19729,-1.0000003576278687,0.0,4309.0517578125,2173.90234375
19734,-0.7071068286895752,0.0,4305.38720703125,2173.90234375
19740,-0.7071067094802856,0.0,4259.615234375,2173.90234375
19745,-0.7071067094802856,0.0,4213.7587890625,2172.185791015625
19749,-0.9999997615814209,0.0,4187.94189453125,2173.444580078125
19754,-1.0000003576278687,0.0,4187.94189453125,2173.444580078125
19759,-1.0000003576278687,0.0,4187.94189453125,2173.444580078125
19763,-1.0000003576278687,0.0,4187.94189453125,2173.444580078125
19767,-1.0000003576278687,0.0,4187.94189453125,2173.444580078125
19771,-1.0000003576278687,0.0,4187.94189453125,2173.444580078125
19776,-1.0000003576278687,0.0,4187.94189453125,2173.444580078125
19780,-1.0000003576278687,0.0,4187.94189453125,2173.444580078125
19784,-0.7071069478988647,0.0,4171.8603515625,2173.444580078125
19788,-0.7071067094802856,0.0,4126.00146484375,2173.444580078125
19792,-0.9999997615814209,0.0,4087.695556640625,2173.444580078125
19796,-1.0000003576278687,0.0,4087.67578125,2172.304443359375
19801,-0.9999997615814209,0.0,4087.67578125,2172.304443359375
19894,-1.0000003576278687,0.0,4087.67578125,2172.304443359375
19914,-0.7071068286895752,0.0,4084.01318359375,2172.304443359375
19917,-0.7071067094802856,0.0,4038.240478515625,2172.304443359375
19921,-0.9999997615814209,0.0,4008.256591796875,2172.304443359375
19924,-1.0000003576278687,0.0,4008.255126953125,2172.304443359375
19927,-1.0000003576278687,0.0,4008.255126953125,2172.304443359375
19930,-1.0000003576278687,0.0,4008.255126953125,2172.304443359375
19933,-1.0000003576278687,0.0,4008.255126953125,2172.304443359375
19938,-1.0000003576278687,0.0,4008.255126953125,2180.9794921875
19945,-1.0000003576278687,0.0,4008.255126953125,2180.9794921875
19950,-1.0000003576278687,0.0,4008.255126953125,2180.9794921875
19953,-1.0000003576278687,0.0,4008.255126953125,2180.9794921875
19958,-1.0000003576278687,0.0,4008.255126953125,2179.24365234375
19966,-1.0000003576278687,0.0,4008.255126953125,2175.59716796875
19974,-1.0000003576278687,0.0,4008.255126953125,2171.999755859375
19978,-1.0000003576278687,0.0,4008.255126953125,2171.999755859375
19982,-1.0000003576278687,0.0,4008.255126953125,2171.999755859375
19987,-1.0000003576278687,0.0,4008.255126953125,2171.999755859375
19991,-1.0000003576278687,0.0,4008.255126953125,2171.999755859375
19996,-1.0000003576278687,0.0,4008.255126953125,2171.999755859375
20000,-1.0000003576278687,0.0,4008.255126953125,2171.999755859375
20005,-1.0000003576278687,0.0,4008.255126953125,2172.646728515625
20009,-1.0000003576278687,0.0,4008.255126953125,2172.646728515625
20015,-1.0000003576278687,0.0,4008.255126953125,2172.646728515625
20022,-1.0000003576278687,0.0,4008.255126953125,2172.646728515625
20028,-1.0000003576278687,0.0,4008.255126953125,2172.646728515625
20204,1.0000003576278687,0.0,4351.00146484375,2173.8681640625
20209,1.0000003576278687,0.0,4351.00146484375,2173.8681640625
20214,1.0000003576278687,0.0,4351.00146484375,2173.8681640625
20237,1.0000003576278687,0.0,4322.4111328125,2173.8681640625
20275,0.7071070075035095,0.0,4301.5654296875,2173.8681640625
20280,0.9999997615814209,0.0,4267.41259765625,2173.8681640625
20284,1.0000003576278687,0.0,4267.41162109375,2173.8681640625
20288,1.0000003576278687,0.0,4267.41162109375,2173.8681640625
20322,0.707106351852417,0.0,4235.15673828125,2173.8681640625
20325,0.707106351852417,0.0,4189.2978515625,2173.8681640625
20328,0.707106351852417,0.0,4143.43701171875,2172.8037109375
20331,0.707106351852417,0.0,4097.57470703125,2172.8037109375
20335,1.0000003576278687,0.0,4055.207763671875,2172.8037109375
20339,1.0000003576278687,0.0,4055.08251953125,2172.8037109375
20342,1.0000003576278687,0.0,4055.08251953125,2172.8037109375
20345,1.0000003576278687,0.0,4055.08251953125,2172.8037109375
20348,0.7071069478988647,0.0,4079.501953125,2171.999755859375
20351,1.7881397695873602e-07,0.0,4142.5927734375,2171.999755859375
20354,-0.707106351852417,0.0,4192.44677734375,2172.324462890625
20359,-0.9999997615814209,0.0,4209.92236328125,2172.677978515625
20362,-0.9999997615814209,0.0,4209.92236328125,2172.677978515625
20365,-0.7071068286895752,0.0,4198.00537109375,2172.677978515625
20369,-0.7071068286895752,0.0,4152.1455078125,2172.677978515625
20372,-0.9999997615814209,0.0,4126.32421875,2172.677978515625
20376,-1.0000003576278687,0.0,4126.32421875,2172.677978515625
20379,-0.7071067094802856,0.0,4097.73779296875,2172.677978515625
20382,-0.7071067094802856,0.0,4051.87548828125,2172.677978515625
20386,-1.0000003576278687,0.0,4042.735595703125,2172.677978515625
20390,-1.0000003576278687,0.0,4042.735595703125,2172.677978515625
20393,-1.0000003576278687,0.0,4042.735595703125,2172.677978515625
20397,-0.9999997615814209,0.0,4042.735595703125,2171.7041015625
20424,0.9999997615814209,0.0,4042.735595703125,2171.7041015625
20428,0.9999997615814209,0.0,4042.735595703125,2172.699951171875
20458,1.0000003576278687,0.0,4042.735595703125,2172.699951171875
20461,1.0000003576278687,0.0,4042.735595703125,2172.699951171875
20465,1.0000003576278687,0.0,4042.735595703125,2172.699951171875
20468,1.0000003576278687,0.0,4042.735595703125,2172.699951171875
20471,1.0000003576278687,0.0,4042.735595703125,2172.699951171875
20475,1.0000003576278687,0.0,4042.735595703125,2172.699951171875
20478,0.7071070075035095,0.0,4030.820556640625,2172.699951171875
20481,0.7071070075035095,0.0,3984.962646484375,2172.699951171875
20483,0.7071070075035095,0.0,3939.101318359375,2172.699951171875
20485,0.7071070075035095,0.0,3893.23974609375,2172.699951171875
20487,0.9999997615814209,0.0,3867.423095703125,2171.999755859375
20489,1.0000003576278687,0.0,3867.423095703125,2171.999755859375
20493,1.0000003576278687,0.0,3867.423095703125,2171.999755859375
20498,1.0000003576278687,0.0,3867.423095703125,2171.999755859375
20499,0.7071069478988647,0.0,3912.689697265625,2171.999755859375
20503,0.7071069478988647,0.0,3958.55126953125,2171.999755859375
20505,0.7071069478988647,0.0,4004.412841796875,2171.999755859375
20506,3.5762795391747204e-07,0.0,4060.595458984375,2171.999755859375
20511,1.7881397695873602e-07,0.0,4125.5048828125,2173.59326171875
20515,1.7881397695873602e-07,0.0,4190.35986328125,2173.59326171875
20519,-1.0000003576278687,0.0,4222.6103515625,2173.59326171875
20523,-1.0000003576278687,0.0,4222.60986328125,2173.59326171875
20527,-0.7071065902709961,0.0,4210.69677734375,2173.59326171875
20531,-0.7071067094802856,0.0,4164.8349609375,2173.59326171875
20535,-0.7071067094802856,0.0,4118.97314453125,2173.59326171875
20539,-0.7071067094802856,0.0,4073.112548828125,2171.999755859375
20543,-0.7071067094802856,0.0,4027.2509765625,2171.999755859375
20548,1.7881397695873602e-07,0.0,3972.796630859375,2172.4814453125
20552,-3.5762795391747204e-07,0.0,3907.93896484375,2172.4814453125
20555,-3.5762795391747204e-07,0.0,3843.081787109375,2172.4814453125
20560,-3.5762795391747204e-07,0.0,3778.2236328125,2172.4814453125
20563,-3.5762795391747204e-07,0.0,3713.36767578125,2172.4814453125
20566,-3.5762795391747204e-07,0.0,3648.510009765625,2172.4814453125
20571,-3.5762795391747204e-07,0.0,3583.65283203125,2172.4814453125
20575,-3.5762795391747204e-07,0.0,3518.79541015625,2170.332275390625
20578,-3.5762795391747204e-07,0.0,3453.937744140625,2170.332275390625
20581,-3.5762795391747204e-07,0.0,3389.081787109375,2170.332275390625
20585,0.707106351852417,0.0,3328.868408203125,2170.332275390625
20589,1.0000003576278687,0.0,3298.878662109375,2170.332275390625
20592,1.0000003576278687,0.0,3298.877197265625,2170.332275390625
20595,1.0000003576278687,0.0,3298.877197265625,2170.332275390625
20598,1.0000003576278687,0.0,3298.877197265625,2170.332275390625
20601,1.0000003576278687,0.0,3298.877197265625,2170.332275390625
20604,1.0000003576278687,0.0,3298.877197265625,2170.332275390625
20611,1.0000003576278687,0.0,3298.877197265625,2170.332275390625
20617,1.0000003576278687,0.0,3298.877197265625,2170.332275390625
20622,0.7071070075035095,0.0,3263.10986328125,2162.53759765625
20625,0.7071070075035095,0.0,3217.248291015625,2162.53759765625
20630,0.9999997615814209,0.0,3191.26953125,2162.53759765625
20633,1.0000003576278687,0.0,3191.27001953125,2162.53759765625
20636,1.0000003576278687,0.0,3191.27001953125,2162.53759765625
20643,1.0000003576278687,0.0,3191.27001953125,2162.53759765625
20647,1.0000003576278687,0.0,3191.27001953125,2162.53759765625
20651,0.707106351852417,0.0,3150.171875,2162.53759765625
20655,0.707106351852417,0.0,3104.312255859375,2162.53759765625
20659,0.707106351852417,0.0,3058.45068359375,2162.53759765625
20663,1.0000003576278687,0.0,3053.4794921875,2162.53759765625
20672,1.0000003576278687,0.0,3053.4794921875,2162.53759765625
20676,1.0000003576278687,0.0,3053.4794921875,2167.132568359375
20678,1.0000003576278687,0.0,3053.4794921875,2170.142578125
20682,3.5762795391747204e-07,0.0,3082.961669921875,2170.142578125
20686,-0.7071067094802856,0.0,3143.173095703125,2170.142578125
20809,-0.8794324994087219,0.0,3176.5283203125,2162.536865234375
20820,-0.8794312477111816,0.0,3176.5283203125,2162.536865234375
20896,-1.7881397695873602e-07,0.0,3158.841552734375,2162.536865234375
20900,-3.5762795391747204e-07,0.0,3093.983642578125,2162.536865234375
20904,-3.5762795391747204e-07,0.0,3029.1259765625,2162.536865234375
20908,-3.5762795391747204e-07,0.0,2964.270263671875,2162.536865234375
20914,-3.5762795391747204e-07,0.0,2899.412353515625,2162.536865234375
20921,-0.7071068286895752,0.0,2840.923828125,2162.536865234375
20930,-0.9999997615814209,0.0,2814.35302734375,2162.536865234375
20935,-0.9999997615814209,0.0,2814.353271484375,2162.536865234375
20939,-0.7071067094802856,0.0,2818.015869140625,2162.536865234375
20943,3.5762795391747204e-07,0.0,2872.3818359375,2162.536865234375
20953,1.7881397695873602e-07,0.0,2937.2431640625,2162.536865234375
20963,0.7071069478988647,0.0,2992.27978515625,2162.536865234375
20969,0.7071069478988647,0.0,3038.141357421875,2162.536865234375
20981,0.7071069478988647,0.0,3081.701904296875,2162.536865234375
20988,0.7071069478988647,0.0,3127.5615234375,2162.536865234375
20998,0.9999997615814209,0.0,3145.039794921875,2162.536865234375
21003,-3.5762795391747204e-07,0.0,3085.994140625,2168.59228515625
21009,-3.5762795391747204e-07,0.0,3025.90771484375,2168.59228515625
21016,-3.5762795391747204e-07,0.0,2961.048828125,2168.59228515625
21023,-0.9999997615814209,0.0,2907.983642578125,2162.53515625
21028,-0.7071067094802856,0.0,2948.96142578125,2162.53515625
21033,-0.707106351852417,0.0,2991.998291015625,2162.53515625
21038,-0.707106351852417,0.0,3037.85986328125,2162.53515625
21042,-0.707106351852417,0.0,3083.721435546875,2162.53515625
21048,-0.707106351852417,0.0,3129.5810546875,2162.53515625
21052,1.7881397695873602e-07,0.0,3189.21826171875,2162.53515625
21058,4.203895392974451e-45,0.0,3201.010009765625,2162.53515625
21063,0.7071067094802856,0.0,3154.314697265625,2162.53515625
21068,0.707106351852417,0.0,3108.451416015625,2162.53515625
21072,0.707106351852417,0.0,3062.58935546875,2162.53515625
21077,0.707106351852417,0.0,3016.727783203125,2162.53515625
21081,0.707106351852417,0.0,2970.8662109375,2162.53515625
21086,0.7071069478988647,0.0,2981.985595703125,2166.05712890625
21091,0.7071069478988647,0.0,3027.84716796875,2170.310791015625
21097,0.7071069478988647,0.0,3073.708740234375,2170.310791015625
21101,0.7071069478988647,0.0,3119.568359375,2170.310791015625
21105,0.7071069478988647,0.0,3166.362060546875,2170.310791015625
21109,0.7071069478988647,0.0,3212.2216796875,2170.310791015625
21113,0.707106351852417,0.0,3230.24951171875,2170.310791015625
21121,-1.7881397695873602e-07,0.0,3185.096435546875,2170.332275390625
21124,-3.5762795391747204e-07,0.0,3163.412353515625,2170.332275390625
21128,-0.7071067094802856,0.0,3124.71142578125,2170.332275390625
21138,-0.7071067094802856,0.0,3078.849853515625,2170.332275390625
21141,-0.7071067094802856,0.0,3032.989013671875,2170.332275390625
21142,-0.7071067094802856,0.0,2987.12744140625,2170.332275390625
21146,-0.7071067094802856,0.0,2941.265869140625,2170.332275390625
21153,-0.7071067094802856,0.0,2895.404296875,2165.43505859375
21157,-0.7071067094802856,0.0,2849.544677734375,2162.53515625
21161,-0.7071067094802856,0.0,2803.68310546875,2162.53515625
21165,-0.7071067094802856,0.0,2757.821533203125,2162.53515625
21171,-0.7071067094802856,0.0,2711.9599609375,2162.53515625
21175,-0.7071067094802856,0.0,2666.09912109375,2162.53515625
21179,-0.7071067094802856,0.0,2620.237548828125,2162.53515625
21182,-0.7071067094802856,0.0,2574.3759765625,2162.53515625
21185,-0.7071067094802856,0.0,2528.516357421875,2162.53515625
21190,-0.7071067094802856,0.0,2482.65478515625,2162.53515625
21192,-0.7071067094802856,0.0,2436.793212890625,2162.53515625
21194,-0.7071067094802856,0.0,2390.928466796875,2162.53515625
21196,-0.7071067094802856,0.0,2345.06689453125,2162.53515625
21198,-0.7071067094802856,0.0,2299.205322265625,2170.32421875
21200,-0.9999997615814209,0.0,2269.221435546875,2170.32421875
21202,-1.0000003576278687,0.0,2269.219970703125,2170.32421875
21217,-1.0000003576278687,0.0,2269.219970703125,2170.32421875
21220,-1.0000003576278687,0.0,2269.219970703125,2170.32421875
21223,-1.0000003576278687,0.0,2269.219970703125,2170.32421875
21226,-0.7071068286895752,0.0,2247.59228515625,2170.32421875
21229,-0.7071067094802856,0.0,2201.73046875,2170.32421875
21233,-0.7071067094802856,0.0,2155.870849609375,2170.32421875
21237,-1.0000003576278687,0.0,2134.222900390625,2170.32421875
21241,-1.0000003576278687,0.0,2134.222900390625,2170.32421875
21245,-1.0000003576278687,0.0,2134.222900390625,2170.32421875
21248,-1.0000003576278687,0.0,2134.222900390625,2170.32421875
21251,-1.0000003576278687,0.0,2134.222900390625,2172.736328125
21254,-1.0000003576278687,0.0,2134.222900390625,2172.736328125
21258,-1.0000003576278687,0.0,2134.222900390625,2172.736328125
21265,-0.7071067094802856,0.0,2101.464111328125,2172.736328125
21272,-0.7071067094802856,0.0,2055.6025390625,2172.736328125
21280,-0.7071067094802856,0.0,2009.74169921875,2172.736328125
21293,-0.7071067094802856,0.0,1963.88037109375,2172.736328125
21300,-0.7071067094802856,0.0,1918.018798828125,2172.736328125
21307,-0.7071067094802856,0.0,1872.1572265625,2172.736328125
21313,-0.7071067094802856,0.0,1828.18310546875,2172.736328125
21408,-0.9626883864402771,0.0,1798.9998779296875,2172.736328125
21448,-1.7881397695873602e-07,0.0,1778.8980712890625,2172.736328125
21461,-0.7071068286895752,0.0,1739.4434814453125,2172.736328125
21539,-5.96046660916727e-08,0.0,1367.0655517578125,2171.809814453125
21543,0.7071065902709961,0.0,1405.50830078125,2174.035400390625
21548,0.7071065902709961,0.0,1446.3663330078125,2174.035400390625
21553,0.7071065902709961,0.0,1492.2279052734375,2174.035400390625
21555,0.7071065902709961,0.0,1535.25830078125,2174.035400390625
21557,0.7071065902709961,0.0,1581.1199951171875,2174.035400390625
21560,0.7071065902709961,0.0,1626.980712890625,2171.809814453125
21613,1.7881397695873602e-07,0.0,1679.749755859375,2171.809814453125
21660,-0.707106351852417,0.0,1730.7918701171875,2171.809814453125
21665,-0.707106351852417,0.0,1773.5352783203125,2174.0419921875
21671,-0.707106351852417,0.0,1819.3968505859375,2174.0419921875
21676,-0.707106351852417,0.0,1865.2576904296875,2174.0419921875
21681,-0.707106351852417,0.0,1911.1251220703125,2174.0419921875
21685,-0.707106351852417,0.0,1956.98583984375,2174.0419921875
21689,-0.707106351852417,0.0,2002.8472900390625,2174.0419921875
21693,-0.707106351852417,0.0,2048.708251953125,2174.0419921875
21697,1.7881397695873602e-07,0.0,2111.80224609375,2174.0419921875
21701,0.7071069478988647,0.0,2166.83544921875,2172.116455078125
21705,1.0000003576278687,0.0,2171.8046875,2172.116455078125
21709,1.0000003576278687,0.0,2171.8046875,2172.116455078125
21720,0.7071070075035095,0.0,2130.70849609375,2172.116455078125
21723,0.7071070075035095,0.0,2084.843505859375,2174.037353515625
21726,0.7071070075035095,0.0,2038.9815673828125,2174.037353515625
21729,0.7071070075035095,0.0,1993.120849609375,2172.116455078125
21734,0.7071070075035095,0.0,1947.259521484375,2172.116455078125
21738,1.0000003576278687,0.0,1913.1082763671875,2172.709716796875
21745,0.7071069478988647,0.0,1954.20166015625,2172.709716796875
21750,0.7071069478988647,0.0,2000.0631103515625,2172.709716796875
21754,1.7881397695873602e-07,0.0,2064.8798828125,2172.709716796875
21757,-0.707106351852417,0.0,2119.91455078125,2172.709716796875
21760,-0.9999997615814209,0.0,2129.054443359375,2172.709716796875
21766,-0.9999997615814209,0.0,2129.054443359375,2172.116455078125
21769,-0.9999997615814209,0.0,2129.054443359375,2172.116455078125
21772,-0.7071068286895752,0.0,2108.802001953125,2174.081787109375
21778,-0.7071067094802856,0.0,2062.933349609375,2174.081787109375
21781,-0.7071067094802856,0.0,2017.071533203125,2174.081787109375
21784,-0.7071067094802856,0.0,1971.210205078125,2174.081787109375
21785,-0.9309579730033875,0.0,1957.904541015625,2174.081787109375
21821,0.9999997615814209,0.0,1957.904541015625,2174.081787109375
21824,1.0000003576278687,0.0,1957.904541015625,2174.081787109375
21827,0.9999997615814209,0.0,1957.904541015625,2174.081787109375
21830,0.7071065902709961,0.0,1982.32470703125,2172.116455078125
21833,0.7071065902709961,0.0,2028.186279296875,2172.116455078125
21836,3.5762795391747204e-07,0.0,2080.9140625,2172.116455078125
21839,1.7881397695873602e-07,0.0,2145.771484375,2172.116455078125
21842,-0.7071067094802856,0.0,2209.3515625,2172.116455078125
21847,-0.707106351852417,0.0,2255.30126953125,2172.116455078125
21850,-0.707106351852417,0.0,2301.1728515625,2172.116455078125
21853,-0.707106351852417,0.0,2347.034423828125,2172.116455078125
21856,1.7881397695873602e-07,0.0,2406.671630859375,2172.116455078125
21859,1.7881397695873602e-07,0.0,2471.528076171875,2172.9267578125
21862,0.7071068286895752,0.0,2517.92578125,2172.9267578125
21867,1.0000003576278687,0.0,2522.89697265625,2172.53955078125
21873,1.0000003576278687,0.0,2522.89697265625,2172.116455078125
21876,1.0000003576278687,0.0,2522.89697265625,2172.72314453125
21881,1.0000003576278687,0.0,2522.89697265625,2172.72314453125
21885,1.0000003576278687,0.0,2522.89697265625,2172.72314453125
21889,1.0000003576278687,0.0,2522.89697265625,2172.72314453125
21894,1.0000003576278687,0.0,2522.89697265625,2172.72314453125
21899,0.7071068286895752,0.0,2547.31640625,2172.72314453125
21903,0.7071068286895752,0.0,2593.177978515625,2172.72314453125
21907,0.9999997615814209,0.0,2623.163818359375,2172.72314453125
21911,1.0000003576278687,0.0,2623.163330078125,2172.72314453125
21915,0.7071068286895752,0.0,2630.92138671875,2170.332275390625
21919,0.7071068286895752,0.0,2676.77734375,2170.332275390625
21925,1.0000003576278687,0.0,2719.1455078125,2170.332275390625
21932,1.0000003576278687,0.0,2719.270751953125,2170.332275390625
21937,1.0000003576278687,0.0,2719.270751953125,2170.332275390625
21941,1.0000003576278687,0.0,2719.270751953125,2170.332275390625
21945,1.0000003576278687,0.0,2719.270751953125,2170.332275390625
21949,1.0000003576278687,0.0,2719.270751953125,2163.476806640625
21955,1.0000003576278687,0.0,2719.270751953125,2162.53759765625
21959,1.0000003576278687,0.0,2719.270751953125,2162.53759765625
21964,1.0000003576278687,0.0,2719.270751953125,2162.53759765625
21968,1.0000003576278687,0.0,2719.270751953125,2162.53759765625
21973,0.707106351852417,0.0,2694.849853515625,2162.53759765625
21977,0.707106351852417,0.0,2648.98828125,2162.53759765625
21981,0.707106351852417,0.0,2603.128662109375,2162.53759765625
21985,1.0000003576278687,0.0,2598.157470703125,2162.53759765625
21989,1.0000003576278687,0.0,2598.157470703125,2162.53759765625
21996,1.0000003576278687,0.0,2598.157470703125,2162.53759765625
22002,1.0000003576278687,0.0,2598.157470703125,2162.53759765625
22006,3.5762795391747204e-07,0.0,2650.291015625,2162.53759765625
22010,1.7881397695873602e-07,0.0,2715.151611328125,2162.53759765625
22014,1.7881397695873602e-07,0.0,2780.029541015625,2162.53759765625
22018,1.7881397695873602e-07,0.0,2844.885986328125,2162.53759765625
22025,1.7881397695873602e-07,0.0,2909.7431640625,2162.53759765625
22028,1.7881397695873602e-07,0.0,2974.6005859375,2162.53759765625
22029,0.7071069478988647,0.0,3031.68017578125,2162.53759765625
22031,0.9999997615814209,0.0,3040.83056640625,2162.53759765625
22034,0.9999997615814209,0.0,3040.83056640625,2162.53759765625
22037,0.9999997615814209,0.0,3040.83056640625,2162.53759765625
22039,0.9999997615814209,0.0,3040.83056640625,2166.07421875
22041,0.9999997615814209,0.0,3040.83056640625,2170.3310546875
22046,0.9999997615814209,0.0,3040.83056640625,2170.3310546875
22050,0.9999997615814209,0.0,3040.83056640625,2170.3310546875
22055,0.9999997615814209,0.0,3041.93505859375,2170.332275390625
22098,0.9999997615814209,0.0,3042.457763671875,2170.332275390625
22108,0.9999997615814209,0.0,3045.684814453125,2170.332275390625
22114,0.9999997615814209,0.0,3048.9150390625,2170.332275390625
22120,0.9999997615814209,0.0,3052.147216796875,2170.332275390625
22125,0.9999997615814209,0.0,3055.37744140625,2170.332275390625
22130,0.707106351852417,0.0,3007.6982421875,2170.332275390625
22135,-3.5762795391747204e-07,0.0,2950.438720703125,2170.332275390625
22141,-1.7881397695873602e-07,0.0,2885.581298828125,2170.332275390625
22146,-1.7881397695873602e-07,0.0,2820.725341796875,2170.332275390625
22152,-1.7881397695873602e-07,0.0,2755.868896484375,2170.332275390625
22157,-1.7881397695873602e-07,0.0,2691.011474609375,2170.332275390625
22164,-1.7881397695873602e-07,0.0,2626.154052734375,2170.332275390625
22169,-9.536746574667632e-07,0.0,2567.190673828125,2170.332275390625
22174,0.9999997615814209,0.0,2567.190673828125,2170.332275390625
22179,1.0000003576278687,0.0,2567.190673828125,2170.332275390625
22183,1.0000003576278687,0.0,2567.190673828125,2170.332275390625
22188,1.0000003576278687,0.0,2567.190673828125,2170.332275390625
22191,0.707106351852417,0.0,2563.528076171875,2178.520263671875
22193,0.7071070075035095,0.0,2516.561767578125,2178.520263671875
22195,0.9999997615814209,0.0,2501.419677734375,2206.933349609375
22198,1.0000003576278687,0.0,2502.468017578125,2209.029296875
22199,1.0000003576278687,0.0,2502.468017578125,2172.491455078125
22202,1.0000003576278687,0.0,2502.468017578125,2172.491455078125
22204,1.0000003576278687,0.0,2502.468017578125,2172.491455078125
22206,0.7071065902709961,0.0,2535.226806640625,2172.491455078125
22209,0.7071065902709961,0.0,2581.08837890625,2172.491455078125
22212,0.7071065902709961,0.0,2626.9951171875,2172.491455078125
22215,0.7071065902709961,0.0,2672.856689453125,2172.491455078125
22218,0.7071065902709961,0.0,2718.71826171875,2172.491455078125
22221,0.7071065902709961,0.0,2764.579833984375,2172.491455078125
22226,0.7071065902709961,0.0,2810.439453125,2171.491455078125
22231,0.7071065902709961,0.0,2856.301025390625,2172.691650390625
22235,0.7071065902709961,0.0,2902.16259765625,2172.691650390625
22239,0.9999997615814209,0.0,2936.317138671875,2172.691650390625
22240,0.9309571385383606,0.0,2936.317138671875,2172.691650390625
22245,-1.7881397695873602e-07,0.0,2871.45947265625,2172.691650390625
22251,-0.7071069478988647,0.0,2809.531494140625,2171.491455078125
22253,-0.7071067094802856,0.0,2763.596923828125,2172.455078125
22255,-1.7881397695873602e-07,0.0,2714.3212890625,2172.455078125
22256,-0.7071068286895752,0.0,2659.288330078125,2172.455078125
22259,-0.7071067094802856,0.0,2613.4267578125,2172.455078125
22260,-0.7071067094802856,0.0,2567.567138671875,2172.455078125
22261,-1.0000003576278687,0.0,2550.08837890625,2172.455078125
22262,-0.9999997615814209,0.0,2550.08837890625,2172.455078125
22263,-0.707106351852417,0.0,2598.5078125,2172.455078125
22264,-0.930955708026886,0.0,2615.986083984375,2172.455078125
22265,1.0000003576278687,0.0,2615.986083984375,2172.455078125
22266,0.7071069478988647,0.0,2636.23681640625,2172.455078125
22267,0.7071069478988647,0.0,2682.098388671875,2172.455078125
22271,0.7071069478988647,0.0,2727.960205078125,2172.455078125
22273,0.7071069478988647,0.0,2773.860595703125,2172.455078125
22275,0.9999997615814209,0.0,2795.508544921875,2172.455078125
22278,1.0000003576278687,0.0,2795.508544921875,2172.455078125
22280,-3.5762795391747204e-07,0.0,2766.0263671875,2172.455078125
22282,-0.7071069478988647,0.0,2707.539306640625,2172.455078125
22284,-0.7071067094802856,0.0,2661.677978515625,2172.455078125
22286,-0.7071067094802856,0.0,2615.81640625,2172.455078125
22288,-0.7071070075035095,0.0,2607.47900390625,2172.455078125
22291,-0.9950682520866394,0.0,2636.95947265625,2172.455078125
22293,-3.5762795391747204e-07,0.0,2613.3740234375,2172.455078125
22294,-0.7971779108047485,0.0,2613.3740234375,2172.455078125
22299,1.0000003576278687,0.0,2613.3740234375,2172.455078125
22301,0.7071065902709961,0.0,2637.79541015625,2172.455078125
22302,0.9309574961662292,0.0,2651.10107421875,2172.455078125
22306,-0.7071065902709961,0.0,2624.549072265625,2172.455078125
22308,-0.7071068286895752,0.0,2578.675537109375,2172.455078125
22310,1.7881397695873602e-07,0.0,2531.085205078125,2172.455078125
22311,-0.35916298627853394,0.0,2519.0185546875,2172.455078125
22319,-0.9286024570465088,0.0,2554.397216796875,2172.455078125
22326,1.7881397695873602e-07,0.0,2572.085693359375,2172.455078125
22330,-5.96046660916727e-08,0.0,2636.9677734375,2172.455078125
22333,0.7071069478988647,0.0,2700.553466796875,2172.455078125
22336,1.0000003576278687,0.0,2730.625732421875,2172.455078125
22340,0.9999997615814209,0.0,2730.625244140625,2172.455078125
22344,0.9999997615814209,0.0,2730.625244140625,2172.455078125
22347,0.7071068286895752,0.0,2775.898193359375,2172.455078125
22352,0.7071068286895752,0.0,2821.7578125,2171.491455078125
22355,1.0000003576278687,0.0,2855.910888671875,2171.491455078125
22359,0.707106351852417,0.0,2843.998779296875,2172.1787109375
22363,-3.5762795391747204e-07,0.0,2786.091552734375,2172.1787109375
22370,-0.7071069478988647,0.0,2725.878173828125,2172.1787109375
22373,-0.7071067094802856,0.0,2680.0146484375,2172.491455078125
22376,-0.7071067094802856,0.0,2634.155029296875,2172.491455078125
22379,-0.7071067094802856,0.0,2588.29345703125,2172.491455078125
22383,-1.0000003576278687,0.0,2562.476806640625,2172.491455078125
22387,-1.0000003576278687,0.0,2562.476806640625,2172.491455078125
22388,-0.9999997615814209,0.0,2562.476806640625,2172.491455078125
22395,-0.916471540927887,0.0,2544.7880859375,2172.491455078125
22396,0.9999997615814209,0.0,2544.7880859375,2172.491455078125
22403,0.9999997615814209,0.0,2544.7880859375,2172.491455078125
22407,1.0000003576278687,0.0,2544.7880859375,2172.491455078125
22411,0.7071068286895752,0.0,2577.546875,2172.491455078125
22415,1.0000003576278687,0.0,2590.85546875,2172.491455078125
22419,1.0000003576278687,0.0,2590.85546875,2172.491455078125
22422,1.0000003576278687,0.0,2590.85546875,2172.491455078125
22425,0.7071069478988647,0.0,2623.6142578125,2172.491455078125
22432,-1.7881397695873602e-07,0.0,2631.82470703125,2172.491455078125
22435,5.96046660916727e-08,0.0,2566.966796875,2172.491455078125
22436,0.16017450392246246,0.0,2561.072021484375,2172.491455078125
22445,-0.7071069478988647,0.0,2510.20654296875,2172.491455078125
22451,-0.7071067094802856,0.0,2464.344970703125,2172.491455078125
22462,-0.7071067094802856,0.0,2418.4833984375,2172.491455078125
22468,-0.7071067094802856,0.0,2372.623779296875,2172.491455078125
22476,-0.9999997615814209,0.0,2330.255615234375,2172.491455078125
22484,-1.0000003576278687,0.0,2330.13037109375,2172.491455078125
22490,-1.0000003576278687,0.0,2330.13037109375,2172.491455078125
22496,-0.9999997615814209,0.0,2330.13037109375,2172.491455078125
22503,-1.0000003576278687,0.0,2330.13037109375,2172.491455078125
22512,-0.7071068286895752,0.0,2326.4658203125,2172.491455078125
22517,-1.0000003576278687,0.0,2313.24755859375,2172.491455078125
22522,-1.0000003576278687,0.0,2313.24755859375,2172.491455078125
22527,-0.7071070075035095,0.0,2333.498291015625,2172.491455078125
22532,-0.707106351852417,0.0,2379.35986328125,2172.491455078125
22540,-0.707106351852417,0.0,2425.221435546875,2172.491455078125
22545,-1.0000003576278687,0.0,2434.359375,2172.491455078125
22550,-0.707106351852417,0.0,2438.02392578125,2172.491455078125
22555,-0.707106351852417,0.0,2483.796630859375,2172.491455078125
22560,-0.9999997615814209,0.0,2517.94775390625,2172.491455078125
22565,-1.0000003576278687,0.0,2517.95068359375,2172.491455078125
22570,-1.0000003576278687,0.0,2517.95068359375,2172.491455078125
22575,-1.0000003576278687,0.0,2517.95068359375,2172.491455078125
22581,-0.707106351852417,0.0,2561.34228515625,2172.491455078125
22586,-1.0000003576278687,0.0,2575.9580078125,2172.491455078125
22591,-1.0000003576278687,0.0,2575.9580078125,2172.491455078125
22601,-1.0000003576278687,0.0,2575.9580078125,2172.491455078125
22607,-0.707106351852417,0.0,2616.354248046875,2172.491455078125
22613,-0.707106351852417,0.0,2619.99462890625,2172.491455078125
22619,-0.9999997615814209,0.0,2619.99462890625,2172.491455078125
22624,-0.9999997615814209,0.0,2619.99462890625,2172.491455078125
22629,-0.7071069478988647,0.0,2615.825927734375,2172.491455078125
22636,-0.7071067094802856,0.0,2565.999267578125,2172.491455078125
22643,-0.7071067094802856,0.0,2516.1513671875,2172.491455078125
22647,-1.0000003576278687,0.0,2494.9990234375,2172.491455078125
22650,-0.9999997615814209,0.0,2494.9990234375,2172.491455078125
22653,-0.9999997615814209,0.0,2494.9990234375,2172.491455078125
22659,-0.9999997615814209,0.0,2494.9990234375,2172.491455078125
22662,-0.707106351852417,0.0,2544.457275390625,2172.491455078125
22665,-0.48903337121009827,0.0,2556.2490234375,2172.491455078125
22668,1.0000003576278687,0.0,2556.2490234375,2172.491455078125
22670,1.0000003576278687,0.0,2556.7841796875,2172.491455078125
22673,1.0000003576278687,0.0,2556.7841796875,2172.491455078125
22677,1.0000003576278687,0.0,2556.7841796875,2172.491455078125
22679,0.707106351852417,0.0,2546.857177734375,2172.491455078125
22682,0.7071070075035095,0.0,2494.626708984375,2172.491455078125
22684,0.7071070075035095,0.0,2447.369873046875,2172.491455078125
22685,0.7071070075035095,0.0,2401.507568359375,2172.491455078125
22688,0.7071070075035095,0.0,2364.833251953125,2172.491455078125
22692,0.7071070075035095,0.0,2318.9892578125,2172.491455078125
22694,0.7071070075035095,0.0,2273.129638671875,2172.491455078125
22698,0.7071070075035095,0.0,2227.26806640625,2172.491455078125
22700,0.7071068286895752,0.0,2225.877197265625,2172.491455078125
22706,0.7071068286895752,0.0,2271.737060546875,2172.491455078125
22708,3.5762795391747204e-07,0.0,2321.010986328125,2172.491455078125
22710,1.7881397695873602e-07,0.0,2385.8671875,2172.491455078125
22714,-0.707106351852417,0.0,2437.447265625,2172.491455078125
22721,-1.0000003576278687,0.0,2438.249755859375,2172.491455078125
22726,-0.7071067094802856,0.0,2441.4580078125,2172.491455078125
22728,-1.7881397695873602e-07,0.0,2448.029296875,2172.491455078125
22729,-0.36513030529022217,0.0,2447.27783203125,2172.491455078125
22731,1.7881397695873602e-07,0.0,2453.132568359375,2172.491455078125
22733,-0.7492378354072571,0.0,2460.49853515625,2172.491455078125
22790,-3.5762795391747204e-07,0.0,2703.54296875,2172.491455078125
22811,0.7071070075035095,0.0,2649.046875,2172.491455078125
22843,-3.5762795391747204e-07,0.0,2591.097900390625,2172.491455078125
22844,0.707106351852417,0.0,2542.97216796875,2172.491455078125
22876,0.707106351852417,0.0,2505.449951171875,2172.491455078125
22877,-1.7881397695873602e-07,0.0,2454.44775390625,2172.491455078125
22878,-3.5762795391747204e-07,0.0,2389.591552734375,2172.491455078125
22879,0.707106351852417,0.0,2326.0087890625,2172.491455078125
22881,0.707106351852417,0.0,2280.060791015625,2172.491455078125
22882,1.0000003576278687,0.0,2258.414794921875,2172.491455078125
22885,1.0000003576278687,0.0,2258.414794921875,2172.491455078125
22887,1.0000003576278687,0.0,2258.414794921875,2172.491455078125
22888,1.0000003576278687,0.0,2258.414794921875,2172.491455078125
22891,-1.7881397695873602e-07,0.0,2204.553466796875,2172.491455078125
22894,-3.5762795391747204e-07,0.0,2139.69580078125,2172.491455078125
22895,-0.7071067094802856,0.0,2091.568359375,2172.491455078125
22896,-0.7071067094802856,0.0,2045.7083740234375,2172.491455078125
22910,-0.7071067094802856,0.0,1999.8472900390625,2172.491455078125
22911,-0.7071067094802856,0.0,1953.9864501953125,2172.491455078125
22913,-0.7071067094802856,0.0,1908.126220703125,2172.491455078125
22915,-0.7071067094802856,0.0,1861.6588134765625,2172.491455078125
22920,-0.7071067094802856,0.0,1815.7974853515625,2172.491455078125
22922,-0.7071067094802856,0.0,1769.93310546875,2172.235107421875
22924,-0.7071067094802856,0.0,1724.072998046875,2172.235107421875
22926,-1.0000003576278687,0.0,1694.0853271484375,2172.5888671875
22928,3.5762795391747204e-07,0.0,1741.3359375,2172.5888671875
22932,-1.0000003576278687,0.0,1779.4794921875,2172.5888671875
22934,-1.0000003576278687,0.0,1779.482421875,2172.5888671875
22937,-0.7071068286895752,0.0,1767.5673828125,2172.5888671875
22940,-0.7071067094802856,0.0,1721.6710205078125,2172.5888671875
22944,-1.0000003576278687,0.0,1712.531982421875,2172.5888671875
22946,-0.7071067094802856,0.0,1732.7828369140625,2172.5888671875
22948,-1.0000003576278687,0.0,1766.9342041015625,2172.5888671875
22950,-0.9999997615814209,0.0,1766.9371337890625,2172.5888671875
22954,-0.7071067094802856,0.0,1774.6951904296875,2172.5888671875
22956,-0.707106351852417,0.0,1820.541748046875,2172.5888671875
22958,-0.707106351852417,0.0,1866.4027099609375,2170.332275390625
22960,-0.707106351852417,0.0,1912.2635498046875,2170.332275390625
22962,1.7881397695873602e-07,0.0,1963.264892578125,2170.332275390625
22964,1.7881397695873602e-07,0.0,2028.122314453125,2170.332275390625
22966,1.7881397695873602e-07,0.0,2092.97998046875,2170.332275390625
22968,1.7881397695873602e-07,0.0,2157.838623046875,2170.332275390625
22970,1.7881397695873602e-07,0.0,2222.694580078125,2170.332275390625
22972,5.326319296727888e-07,0.0,2252.175048828125,2170.332275390625
22974,-1.7881397695873602e-07,0.0,2216.798095703125,2170.332275390625
22977,-1.7881397695873602e-07,0.0,2151.904541015625,2170.332275390625
22979,-3.5762795391747204e-07,0.0,2087.046875,2170.332275390625
22982,-3.5762795391747204e-07,0.0,2022.190673828125,2170.332275390625
22985,-3.5762795391747204e-07,0.0,1957.3338623046875,2170.332275390625
22988,-3.5762795391747204e-07,0.0,1892.476318359375,2170.332275390625
22992,-3.5762795391747204e-07,0.0,1827.61865234375,2170.332275390625
22995,-3.5762795391747204e-07,0.0,1762.7620849609375,2171.879638671875
22999,-3.5762795391747204e-07,0.0,1697.904541015625,2171.879638671875
23002,0.707106351852417,0.0,1637.6920166015625,2171.879638671875
23006,0.707106351852417,0.0,1591.829345703125,2171.879638671875
23009,0.707106351852417,0.0,1545.968505859375,2172.235595703125
23014,0.707106351852417,0.0,1500.102783203125,2172.573974609375
23018,0.707106351852417,0.0,1454.2425537109375,2172.0771484375
23022,0.707106351852417,0.0,1408.380859375,2172.0771484375
23027,0.707106351852417,0.0,1362.520263671875,2172.0771484375
23031,0.707106351852417,0.0,1316.659423828125,2172.0771484375
23034,0.707106351852417,0.0,1270.798583984375,2172.0771484375
23043,0.707106351852417,0.0,1224.9378662109375,2172.0771484375
23045,0.707106351852417,0.0,1179.07666015625,2172.0771484375
23047,0.707106351852417,0.0,1133.2158203125,2173.573486328125
23051,0.707106351852417,0.0,1120.7841796875,2173.573486328125
23053,0.9999997615814209,0.0,1118.80126953125,2173.573486328125
23055,0.9999997615814209,0.0,1133.5126953125,2173.573486328125
23072,0.7071068286895752,0.0,1149.4178466796875,2173.573486328125
23074,1.7881397695873602e-07,0.0,1207.32470703125,2172.1845703125
23077,1.7881397695873602e-07,0.0,1272.181884765625,2172.1845703125
23078,4.203895392974451e-45,0.0,1272.181884765625,2172.1845703125
23083,-0.13678090274333954,0.0,1266.28515625,2172.1845703125
23087,0.707106351852417,0.0,1211.9696044921875,2172.1845703125
23090,0.707106351852417,0.0,1166.1068115234375,2172.1845703125
23093,0.28462618589401245,0.0,1161.1552734375,2172.1845703125
23099,1.0000003576278687,0.0,1161.1552734375,2172.1845703125
23102,1.0000003576278687,0.0,1161.1552734375,2173.81103515625
23108,1.0000003576278687,0.0,1161.1552734375,2173.81103515625
23111,1.0000003576278687,0.0,1161.1552734375,2173.81103515625
23112,1.0000003576278687,0.0,1161.1552734375,2173.81103515625
23118,-1.7881397695873602e-07,0.0,1096.2979736328125,2172.1845703125
23119,-7.152559078349441e-07,0.0,1084.5062255859375,2172.1845703125
23120,3.5762795391747204e-07,0.0,1137.571044921875,2173.800537109375
23121,3.5762795391747204e-07,0.0,1202.4285888671875,2173.800537109375
23122,0.7071069478988647,0.0,1264.3575439453125,2173.800537109375
23123,1.0000003576278687,0.0,1277.6798095703125,2173.800537109375
23125,1.0000003576278687,0.0,1277.6798095703125,2173.800537109375
23127,1.0000003576278687,0.0,1277.6798095703125,2173.800537109375
23130,1.0000003576278687,0.0,1277.6798095703125,2172.1845703125
23133,1.0000003576278687,0.0,1277.6798095703125,2172.1845703125
23136,0.707106351852417,0.0,1236.570068359375,2172.1845703125
23138,0.707106351852417,0.0,1190.7098388671875,2172.1845703125
23140,0.707106351852417,0.0,1144.84814453125,2172.1845703125
23142,0.9999997615814209,0.0,1119.032958984375,2172.1845703125
23146,0.707106351852417,0.0,1115.3692626953125,2172.491455078125
23148,0.7071070075035095,0.0,1069.5980224609375,2172.491455078125
23150,-3.5762795391747204e-07,0.0,1008.2347412109375,2172.491455078125
23152,-3.5762795391747204e-07,0.0,943.3745727539062,2172.491455078125
23154,-3.5762795391747204e-07,0.0,878.517578125,2172.491455078125
23159,-3.5762795391747204e-07,0.0,813.6609497070312,2172.491455078125
23160,-7.152559078349441e-07,0.0,778.2845458984375,2172.10009765625
23161,-1.0000003576278687,0.0,778.2845458984375,2172.10009765625
23162,-1.0000003576278687,0.0,778.2845458984375,2172.10009765625
23164,-1.0000003576278687,0.0,778.2845458984375,2172.491455078125
23166,-1.0000003576278687,0.0,778.2845458984375,2172.491455078125
23170,-1.0000003576278687,0.0,778.2845458984375,2172.491455078125
23172,-0.7071068286895752,0.0,733.0181884765625,2172.491455078125
23186,-0.7071067094802856,0.0,720.510498046875,2172.491455078125
23241,-0.7071067094802856,0.0,720.510498046875,2172.491455078125
23377,0.7071069478988647,0.0,749.1348266601562,2172.491455078125
23383,1.7881397695873602e-07,0.0,796.6843872070312,2172.491455078125
23387,1.7881397695873602e-07,0.0,861.540283203125,2172.1845703125
23391,1.7881397695873602e-07,0.0,926.4140625,2172.1845703125
23396,1.7881397695873602e-07,0.0,991.27099609375,2172.1845703125
23400,1.7881397695873602e-07,0.0,1056.1279296875,2172.1845703125
23404,1.7881397695873602e-07,0.0,1120.98486328125,2172.1845703125
23408,1.7881397695873602e-07,0.0,1185.84228515625,2172.1845703125
23411,1.0000003576278687,0.0,1231.5931396484375,2172.1845703125
23414,0.9999997615814209,0.0,1231.61181640625,2172.1845703125
23417,0.9999997615814209,0.0,1231.61181640625,2172.1845703125
23422,0.9999997615814209,0.0,1231.61181640625,2172.491455078125
23425,0.9999997615814209,0.0,1231.61181640625,2172.491455078125
23428,0.7071067094802856,0.0,1251.8634033203125,2172.491455078125
23430,1.0000003576278687,0.0,1273.5106201171875,2172.491455078125
23432,0.9999997615814209,0.0,1273.5106201171875,2172.491455078125
23433,0.9999997615814209,0.0,1273.5106201171875,2172.491455078125
23434,0.9999997615814209,0.0,1273.5106201171875,2172.491455078125
23435,0.7071065902709961,0.0,1289.5931396484375,2172.491455078125
23436,0.7071069478988647,0.0,1335.4544677734375,2172.750244140625
23437,0.7071069478988647,0.0,1381.315185546875,2172.750244140625
23438,0.4890313446521759,0.0,1426.42041015625,2172.750244140625
23439,5.96046660916727e-08,0.0,1420.5245361328125,2172.750244140625
23440,0.7071067094802856,0.0,1368.9437255859375,2172.750244140625
23441,0.7071070075035095,0.0,1323.0413818359375,2172.750244140625
23442,0.7071070075035095,0.0,1277.1805419921875,2172.491455078125
23443,0.7071070075035095,0.0,1231.31884765625,2172.491455078125
23444,0.9999997615814209,0.0,1209.672607421875,2172.491455078125
23445,1.0000003576278687,0.0,1209.672607421875,2172.491455078125
23446,0.7071067094802856,0.0,1201.915283203125,2172.491455078125
23448,0.7071070075035095,0.0,1156.06787109375,2174.805419921875
23453,0.7071070075035095,0.0,1110.2071533203125,2174.805419921875
23455,0.7071070075035095,0.0,1064.346435546875,2174.805419921875
23457,0.7071070075035095,0.0,1018.4854736328125,2174.805419921875
23459,0.7071070075035095,0.0,972.6245727539062,2171.920654296875
23461,0.7071070075035095,0.0,926.7640991210938,2171.920654296875
23463,-3.5762795391747204e-07,0.0,868.8546142578125,2171.920654296875
23467,-0.7071068286895752,0.0,806.926513671875,2171.920654296875
23469,-0.7071067094802856,0.0,761.0517578125,2170.3388671875
23471,-0.7071067094802856,0.0,715.1907348632812,2174.06640625
23473,-0.23436413705348969,0.0,687.4771118164062,2174.722900390625
23475,1.0000003576278687,0.0,687.4771118164062,2170.3388671875
23477,1.0000003576278687,0.0,687.4771118164062,2170.3388671875
23481,1.0000003576278687,0.0,690.4393310546875,2170.3388671875
23482,1.0000003576278687,0.0,691.9821166992188,2170.3388671875
23485,-3.5762795391747204e-07,0.0,691.8900146484375,2170.3388671875
23487,-3.5762795391747204e-07,0.0,691.759521484375,2170.3388671875
23489,-0.7071069478988647,0.0,691.897705078125,2170.3388671875
23493,-0.7071067094802856,0.0,658.3906860351562,2170.3388671875
23495,-1.7881397695873602e-07,0.0,609.1158447265625,2170.3388671875
23496,-0.4890333414077759,0.0,609.1158447265625,2170.3388671875
23500,-1.0000003576278687,0.0,609.1158447265625,2170.3388671875
23502,-1.0000003576278687,0.0,609.1158447265625,2174.883056640625
23503,-1.0000003576278687,0.0,609.1158447265625,2174.883056640625
23504,-0.9999997615814209,0.0,609.1158447265625,2174.883056640625
23505,-0.7071067094802856,0.0,571.7703857421875,2174.883056640625
23506,-3.5762795391747204e-07,0.0,513.860595703125,2174.883056640625
23507,-7.152559078349441e-07,0.0,466.6918029785156,2174.883056640625
23598,-7.152559078349441e-07,0.0,466.6918029785156,2174.883056640625
23612,3.5762795391747204e-07,0.0,484.38018798828125,2174.883056640625
23616,1.7881397695873602e-07,0.0,549.23681640625,2174.883056640625
23620,5.326319296727888e-07,0.0,602.301513671875,2174.883056640625
23628,-3.5762795391747204e-07,0.0,590.5096435546875,2174.883056640625
23632,-1.7881397695873602e-07,0.0,525.6524047851562,2174.883056640625
23636,-3.5762795391747204e-07,0.0,460.79534912109375,2174.883056640625
23641,-3.5762795391747204e-07,0.0,395.9383239746094,2170.3388671875
23644,-7.152559078349441e-07,0.0,354.66558837890625,2170.3388671875
23655,1.0000003576278687,0.0,348.3652648925781,2170.3388671875
23656,0.8901482820510864,0.0,339.6299743652344,2170.3388671875
23659,1.0000003576278687,0.0,320.0219421386719,2170.72900390625
23661,1.0000003576278687,0.0,293.0382385253906,2170.72900390625
23663,1.0000003576278687,0.0,292.1082458496094,2170.72900390625
23664,1.0000003576278687,0.0,292.1082458496094,2170.72900390625
23666,1.0000003576278687,0.0,292.1082458496094,2170.72900390625
23667,1.0000003576278687,0.0,292.1082458496094,2170.72900390625
23723,-1.7881397695873602e-07,0.0,256.3356628417969,2170.7626953125
23808,-1.7881397695873602e-07,0.0,227.4736785888672,2170.7626953125
23840,1.0000003576278687,0.0,-372.5264587402344,2170.339111328125
23841,1.0000003576278687,0.0,-372.5264587402344,2170.339111328125
23844,1.0000003576278687,0.0,-372.5264587402344,2170.339111328125
23847,1.0000003576278687,0.0,-372.5264587402344,2170.339111328125
23848,1.0000003576278687,0.0,-372.5264587402344,2170.339111328125
23851,1.0000003576278687,0.0,-373.2281188964844,2170.41455078125
23855,0.9999997615814209,0.0,-377.1103820800781,2170.41455078125
23858,0.9999997615814209,0.0,-397.0248107910156,2170.41455078125
23861,1.0000003576278687,0.0,-413.5098571777344,2170.41455078125
23864,1.0000003576278687,0.0,-415.9715881347656,2170.41455078125
23867,1.0000003576278687,0.0,-415.9715881347656,2170.41455078125
23868,1.0000003576278687,0.0,-415.9715881347656,2170.41455078125
23870,-0.9999997615814209,0.0,-415.9715881347656,2170.41455078125
23873,-1.0000003576278687,0.0,-415.9715881347656,2170.41455078125
23877,-1.0000003576278687,0.0,-415.9715881347656,2170.41455078125
23881,-0.7071068286895752,0.0,-440.39190673828125,2170.41455078125
23883,-0.9999997615814209,0.0,-466.2077941894531,2170.41455078125
23886,-1.0000003576278687,0.0,-466.2079772949219,2170.41455078125
23889,-1.0000003576278687,0.0,-466.2079772949219,2170.41455078125
23892,-1.0000003576278687,0.0,-466.2079772949219,2170.41455078125
23895,-0.707106351852417,0.0,-425.11083984375,2170.41455078125
23900,-0.707106351852417,0.0,-379.2500305175781,2170.41455078125
23907,-0.9999997615814209,0.0,-357.6029357910156,2170.41455078125
23911,-1.0000003576278687,0.0,-357.6029357910156,2170.41455078125
23915,-0.7071067094802856,0.0,-341.5204162597656,2170.41455078125
23919,-0.707106351852417,0.0,-295.6595764160156,2170.41455078125
23924,-0.707106351852417,0.0,-249.7985076904297,2170.41455078125
23930,1.7881397695873602e-07,0.0,-184.97683715820312,2170.41455078125
23935,1.7881397695873602e-07,0.0,-120.11956024169922,2170.7626953125
23942,1.7881397695873602e-07,0.0,-55.262779235839844,2170.7626953125
23947,1.7881397695873602e-07,0.0,9.594346046447754,2170.7626953125
23955,1.7881397695873602e-07,0.0,74.45144653320312,2170.7626953125
23964,0.7071068286895752,0.0,132.93865966796875,2170.7626953125
23971,0.7071069478988647,0.0,178.22901916503906,2170.7626953125
23976,0.7071069478988647,0.0,224.0900115966797,2170.7626953125
23981,0.7071069478988647,0.0,266.2791748046875,2170.7626953125
23986,0.7071069478988647,0.0,279.3133850097656,2170.7626953125
23991,0.9999997615814209,0.0,293.9630126953125,2170.7626953125
23996,0.7071067094802856,0.0,265.3851013183594,2170.7626953125
24001,0.7071070075035095,0.0,223.86544799804688,2170.7626953125
24006,0.7071070075035095,0.0,180.40814208984375,2170.7626953125
24011,0.7071070075035095,0.0,128.0615692138672,2170.7626953125
24016,0.9999997615814209,0.0,100.31676483154297,2170.76220703125
24019,-5.96046660916727e-08,0.0,135.6125030517578,2170.760986328125
24020,1.7881397695873602e-07,0.0,200.25015258789062,2170.760986328125
24023,1.7881397695873602e-07,0.0,265.1069641113281,2170.760986328125
24026,1.7881397695873602e-07,0.0,329.97027587890625,2170.39404296875
24034,1.7881397695873602e-07,0.0,394.8273010253906,2170.39404296875
24038,1.7881397695873602e-07,0.0,459.684326171875,2170.39404296875
24042,0.7071065902709961,0.0,518.0164794921875,2170.39404296875
24046,0.7071065902709961,0.0,563.879150390625,2170.39404296875
24050,0.7071070075035095,0.0,542.4114990234375,2170.3388671875
24052,0.707106351852417,0.0,492.5638732910156,2170.3388671875
24054,0.707106351852417,0.0,442.7164001464844,2170.3388671875
24055,0.707106351852417,0.0,423.8377685546875,2170.3388671875
24058,0.707106351852417,0.0,423.8377685546875,2170.3388671875
24060,-3.5762795391747204e-07,0.0,422.6125793457031,2170.337158203125
24062,-3.5762795391747204e-07,0.0,421.06854248046875,2170.333984375
24064,-3.5762795391747204e-07,0.0,419.5417785644531,2170.332763671875
24065,-7.152559078349441e-07,0.0,419.5417785644531,2170.332763671875
24067,-0.707106351852417,0.0,460.6432189941406,2170.332763671875
24069,-0.707106351852417,0.0,506.50421142578125,2170.332763671875
24073,-0.707106351852417,0.0,552.3650512695312,2170.332763671875
24075,-0.707106351852417,0.0,598.2259521484375,2170.332763671875
24076,-0.7971776127815247,0.0,598.9022827148438,2170.332763671875
24104,-0.7971776127815247,0.0,961.1489868164062,2174.935791015625
24111,-0.7071067094802856,0.0,1006.8330078125,2174.935791015625
24112,-0.7071067094802856,0.0,1052.694091796875,2174.935791015625
24113,-0.7071067094802856,0.0,1098.554931640625,2174.935791015625
24116,1.7881397695873602e-07,0.0,1151.2840576171875,2174.935791015625
24117,1.7881397695873602e-07,0.0,1216.1412353515625,2172.491455078125
24120,1.7881397695873602e-07,0.0,1280.9998779296875,2172.491455078125
24122,1.7881397695873602e-07,0.0,1345.8587646484375,2172.750244140625
24123,4.203895392974451e-45,0.0,1393.0277099609375,2172.750244140625
24124,0.9999997615814209,0.0,1393.0277099609375,2172.750244140625
24125,0.7071067094802856,0.0,1360.268798828125,2172.750244140625
24126,0.707106351852417,0.0,1314.4080810546875,2172.750244140625
24127,0.707106351852417,0.0,1268.5469970703125,2172.491455078125
24129,0.707106351852417,0.0,1222.68603515625,2172.491455078125
24131,0.707106351852417,0.0,1176.8251953125,2173.250732421875
24133,1.0000003576278687,0.0,1151.00927734375,2174.81201171875
24135,1.0000003576278687,0.0,1151.00927734375,2174.81201171875
24137,1.0000003576278687,0.0,1151.00927734375,2174.81201171875
24141,1.0000003576278687,0.0,1151.00927734375,2174.81201171875
24143,0.707106351852417,0.0,1118.2510986328125,2174.81201171875
24145,0.707106351852417,0.0,1072.3909912109375,2174.81201171875
24147,0.707106351852417,0.0,1026.5301513671875,2171.812255859375
24149,0.707106351852417,0.0,980.66845703125,2171.812255859375
24152,0.707106351852417,0.0,934.8077392578125,2171.812255859375
24154,0.707106351852417,0.0,888.9465942382812,2171.812255859375
24158,-3.5762795391747204e-07,0.0,834.4908447265625,2171.812255859375
24160,-0.7071068286895752,0.0,772.562744140625,2170.3388671875
24162,-0.7071068286895752,0.0,726.6883544921875,2170.3388671875
24164,-0.7071068286895752,0.0,680.8275146484375,2170.3388671875
24166,-1.7881397695873602e-07,0.0,626.371337890625,2170.3388671875
24168,0.7071070075035095,0.0,566.158935546875,2170.3388671875
24169,0.707106351852417,0.0,520.2962646484375,2170.3388671875
24170,-3.5762795391747204e-07,0.0,471.02130126953125,2170.3388671875
24171,-3.5762795391747204e-07,0.0,406.16400146484375,2170.3388671875
24172,-0.7071067094802856,0.0,358.0347595214844,2170.3388671875
24173,-0.7071067094802856,0.0,312.17364501953125,2170.762939453125
24174,-0.7071067094802856,0.0,266.3089294433594,2170.762939453125
24175,-0.7071067094802856,0.0,220.4478759765625,2170.762939453125
24176,-0.7071067094802856,0.0,174.5870819091797,2170.762939453125
24177,-0.7071067094802856,0.0,128.72589111328125,2170.762939453125
24178,5.96046660916727e-08,0.0,75.99710845947266,2170.762939453125
24179,-3.5762795391747204e-07,0.0,11.140059471130371,2170.762939453125
24180,0.707106351852417,0.0,-35.259090423583984,2170.762939453125
24182,0.707106351852417,0.0,-81.12010955810547,2170.762939453125
24186,0.707106351852417,0.0,-126.98111724853516,2170.762939453125
24188,0.707106351852417,0.0,-172.84384155273438,2170.762939453125
24190,-3.5762795391747204e-07,0.0,-227.2997283935547,2170.3505859375
24192,-0.7071069478988647,0.0,-290.88037109375,2170.3505859375
24194,-0.7071067094802856,0.0,-336.8292541503906,2170.3505859375
24196,-0.7071067094802856,0.0,-382.6905212402344,2170.3505859375
24198,-0.7071067094802856,0.0,-428.55126953125,2170.3505859375
24200,-0.7071067094802856,0.0,-474.412353515625,2170.3505859375
24202,-1.0000003576278687,0.0,-491.8901672363281,2170.3505859375
24204,-0.9999997615814209,0.0,-491.8901672363281,2171.57275390625
24206,-3.5762795391747204e-07,0.0,-503.6825866699219,2171.57275390625
24208,-1.7881397695873602e-07,0.0,-568.5393676757812,2171.57275390625
24210,-1.7881397695873602e-07,0.0,-633.396240234375,2171.57275390625
24214,-1.7881397695873602e-07,0.0,-698.2535400390625,2171.57275390625
24217,-1.7881397695873602e-07,0.0,-763.110107421875,2171.57275390625
24220,-1.7881397695873602e-07,0.0,-827.96728515625,2171.57275390625
24223,-1.7881397695873602e-07,0.0,-892.8243408203125,2171.57275390625
24226,-1.7881397695873602e-07,0.0,-957.6815185546875,2171.57275390625
24229,-1.7881397695873602e-07,0.0,-1022.5383911132812,2171.57275390625
24232,-1.7881397695873602e-07,0.0,-1087.395751953125,2171.57275390625
24235,-1.7881397695873602e-07,0.0,-1152.253173828125,2171.57275390625
24240,-1.7881397695873602e-07,0.0,-1217.110595703125,2171.57275390625
24245,-1.7881397695873602e-07,0.0,-1282.0147705078125,2171.57275390625
24248,-1.7881397695873602e-07,0.0,-1346.9178466796875,2171.57275390625
24282,-1.7881397695873602e-07,0.0,-1411.7744140625,2171.57275390625
24285,-1.7881397695873602e-07,0.0,-1476.631591796875,2170.51123046875
24295,-1.7881397695873602e-07,0.0,-1550.700439453125,2170.51123046875
24298,-1.7881397695873602e-07,0.0,-1613.6419677734375,2170.51123046875
24303,-1.7881397695873602e-07,0.0,-1678.9658203125,2170.51123046875
24308,-1.7881397695873602e-07,0.0,-1743.8232421875,2170.51123046875
24313,-1.7881397695873602e-07,0.0,-1808.6810302734375,2170.51123046875
24318,-1.7881397695873602e-07,0.0,-1873.541259765625,2170.51123046875
24323,-1.7881397695873602e-07,0.0,-1938.4130859375,2170.51123046875
24328,-1.7881397695873602e-07,0.0,-2003.2708740234375,2171.96875
24333,-1.7881397695873602e-07,0.0,-2068.12841796875,2171.96875
24339,-1.7881397695873602e-07,0.0,-2132.9853515625,2171.96875
24345,-1.7881397695873602e-07,0.0,-2197.8427734375,2171.96875
24349,-1.7881397695873602e-07,0.0,-2262.70068359375,2171.96875
24355,-1.7881397695873602e-07,0.0,-2327.55810546875,2171.96875
24358,-1.7881397695873602e-07,0.0,-2392.41552734375,2171.96875
24361,-1.7881397695873602e-07,0.0,-2457.271728515625,2171.96875
24364,-1.7881397695873602e-07,0.0,-2522.129638671875,2171.96875
24367,-1.7881397695873602e-07,0.0,-2586.98681640625,2171.96875
24370,-1.7881397695873602e-07,0.0,-2651.847412109375,2171.96875
24372,-1.7881397695873602e-07,0.0,-2716.703125,2171.96875
24374,-1.7881397695873602e-07,0.0,-2781.563232421875,2170.00146484375
24376,-1.7881397695873602e-07,0.0,-2846.4189453125,2170.00146484375
24378,-1.7881397695873602e-07,0.0,-2911.27685546875,2174.20849609375
24380,-1.7881397695873602e-07,0.0,-2976.134521484375,2174.20849609375
24382,-1.7881397695873602e-07,0.0,-3040.99169921875,2174.20849609375
24386,-1.7881397695873602e-07,0.0,-3105.84912109375,2174.20849609375
24390,-1.7881397695873602e-07,0.0,-3170.7158203125,2174.20849609375
24393,0.7071070075035095,0.0,-3218.841796875,2174.20849609375
24396,0.7071070075035095,0.0,-3264.703369140625,2174.20849609375
24401,0.7071070075035095,0.0,-3310.573974609375,2174.20849609375
24403,0.7071070075035095,0.0,-3356.43359375,2174.20849609375
24407,-3.5762795391747204e-07,0.0,-3414.354248046875,2173.954833984375
24409,-3.5762795391747204e-07,0.0,-3479.2099609375,2173.954833984375
24412,-3.5762795391747204e-07,0.0,-3544.067626953125,2173.954833984375
24414,-3.5762795391747204e-07,0.0,-3608.925537109375,2173.954833984375
24416,-3.5762795391747204e-07,0.0,-3673.78125,2171.056640625
24418,-3.5762795391747204e-07,0.0,-3738.638916015625,2171.056640625
24423,0.7071067094802856,0.0,-3795.400146484375,2171.056640625
24428,0.707106351852417,0.0,-3841.259765625,2172.0732421875
24433,0.707106351852417,0.0,-3887.121337890625,2172.0732421875
24438,0.707106351852417,0.0,-3932.984130859375,2170.990478515625
24445,-3.5762795391747204e-07,0.0,-3980.53271484375,2170.990478515625
24450,-1.7881397695873602e-07,0.0,-4045.388671875,2170.990478515625
24455,-1.7881397695873602e-07,0.0,-4110.2470703125,2170.990478515625
24460,-1.7881397695873602e-07,0.0,-4175.16552734375,2170.990478515625
24464,-1.7881397695873602e-07,0.0,-4240.0205078125,2170.990478515625
24469,-1.7881397695873602e-07,0.0,-4304.87548828125,2170.990478515625
24473,0.7071070075035095,0.0,-4354.7509765625,2170.990478515625
24482,-3.5762795391747204e-07,0.0,-4409.20654296875,2170.990478515625
24486,-3.5762795391747204e-07,0.0,-4474.06103515625,2170.990478515625
24490,-3.5762795391747204e-07,0.0,-4538.916015625,2170.990478515625
24494,-0.9999997615814209,0.0,-4569.439453125,2170.990478515625
24495,-1.0000003576278687,0.0,-4569.44287109375,2170.990478515625
24498,-1.0000003576278687,0.0,-4569.44287109375,2170.990478515625
24587,0.7071069478988647,0.0,-4561.1015625,2173.92529296875
24588,1.7881397695873602e-07,0.0,-4501.46728515625,2173.92529296875
24610,3.5762795391747204e-07,0.0,-4436.58544921875,2173.92529296875
24628,0.707106351852417,0.0,-4457.978515625,2173.92529296875
24653,-3.5762795391747204e-07,0.0,-4519.79833984375,2173.92529296875
24689,1.7881397695873602e-07,0.0,-4466.7333984375,2173.92529296875
24701,-3.5762795391747204e-07,0.0,-4460.83642578125,2173.92529296875
24702,0.9164706468582153,0.0,-4472.63037109375,2173.92529296875
24703,1.0000003576278687,0.0,-4472.63037109375,2173.92529296875
24704,1.0000003576278687,0.0,-4472.63037109375,2173.92529296875
24705,1.0000003576278687,0.0,-4472.63037109375,2173.92529296875
24706,1.0000003576278687,0.0,-4472.63037109375,2172.111083984375
24709,1.0000003576278687,0.0,-4472.63037109375,2172.111083984375
24710,1.0000003576278687,0.0,-4472.63037109375,2172.111083984375
24712,1.0000003576278687,0.0,-4472.63037109375,2172.111083984375
24716,-3.5762795391747204e-07,0.0,-4519.87890625,2172.111083984375
24718,-1.7881397695873602e-07,0.0,-4584.73779296875,2170.883544921875
24720,-0.7071068286895752,0.0,-4641.49755859375,2170.883544921875
24722,-0.7071067094802856,0.0,-4687.353515625,2170.883544921875
24724,-0.7071067094802856,0.0,-4733.212890625,2170.883544921875
24752,-0.7071067094802856,0.0,-4779.07275390625,2170.883544921875
24758,-0.7071067094802856,0.0,-4824.931640625,2171.2470703125
24761,-0.707106351852417,0.0,-4826.23828125,2171.2470703125
24768,-0.707106351852417,0.0,-4780.46728515625,2173.742919921875
24772,-0.707106351852417,0.0,-4734.6083984375,2173.742919921875
24774,-0.707106351852417,0.0,-4688.05224609375,2173.742919921875
24776,-0.707106351852417,0.0,-4642.19091796875,2173.742919921875
24778,-0.707106351852417,0.0,-4596.33154296875,2173.742919921875
24780,-0.707106351852417,0.0,-4550.4697265625,2173.742919921875
24782,3.5762795391747204e-07,0.0,-4502.9208984375,2173.742919921875
24784,1.7881397695873602e-07,0.0,-4438.06494140625,2173.742919921875
24786,1.7881397695873602e-07,0.0,-4373.2099609375,2173.742919921875
24788,1.7881397695873602e-07,0.0,-4308.35498046875,2170.408935546875
24790,0.7071068286895752,0.0,-4253.31689453125,2171.93115234375
24793,0.7071068286895752,0.0,-4207.45751953125,2171.93115234375
24799,1.0000003576278687,0.0,-4198.3193359375,2171.93115234375
24802,1.0000003576278687,0.0,-4198.3193359375,2171.93115234375
24803,0.7071067094802856,0.0,-4214.40087890625,2171.93115234375
24804,0.707106351852417,0.0,-4260.26123046875,2171.93115234375
24805,0.707106351852417,0.0,-4306.1171875,2171.93115234375
24806,0.707106351852417,0.0,-4351.9765625,2171.93115234375
24809,0.707106351852417,0.0,-4397.8359375,2171.93115234375
24810,-3.5762795391747204e-07,0.0,-4457.4736328125,2171.93115234375
24811,-3.5762795391747204e-07,0.0,-4522.32861328125,2171.93115234375
24812,-3.5762795391747204e-07,0.0,-4587.18994140625,2170.88134765625
24815,-3.5762795391747204e-07,0.0,-4652.044921875,2170.88134765625
24816,-3.5762795391747204e-07,0.0,-4716.90380859375,2170.88134765625
24817,-3.5762795391747204e-07,0.0,-4781.7587890625,2170.88134765625
24818,-3.5762795391747204e-07,0.0,-4846.61376953125,2171.31298828125
24821,-3.5762795391747204e-07,0.0,-4911.46875,2171.31298828125
24822,-3.5762795391747204e-07,0.0,-4976.32763671875,2171.31298828125
24823,0.7071070075035095,0.0,-5022.72509765625,2171.31298828125
24824,1.0000003576278687,0.0,-5023.525390625,2171.31298828125
24825,1.0000003576278687,0.0,-5023.525390625,2171.31298828125
24826,1.0000003576278687,0.0,-5023.525390625,2170.88134765625
24827,1.0000003576278687,0.0,-5023.525390625,2170.88134765625
24828,0.7071065902709961,0.0,-4977.54248046875,2170.88134765625
24829,1.7881397695873602e-07,0.0,-4921.3583984375,2170.88134765625
24830,1.7881397695873602e-07,0.0,-4856.50341796875,2170.88134765625
24831,-0.7071070075035095,0.0,-4801.4697265625,2170.88134765625
24832,-0.707106351852417,0.0,-4755.6083984375,2170.88134765625
24833,-0.707106351852417,0.0,-4709.748046875,2170.88134765625
24834,-0.707106351852417,0.0,-4663.8916015625,2170.88134765625
24835,-0.707106351852417,0.0,-4618.0302734375,2170.88134765625
24836,-0.707106351852417,0.0,-4572.1708984375,2170.88134765625
24839,-0.707106351852417,0.0,-4526.310546875,2171.89208984375
24840,-0.707106351852417,0.0,-4480.4521484375,2171.89208984375
24841,-0.707106351852417,0.0,-4434.59033203125,2171.89208984375
24844,-1.0000003576278687,0.0,-4429.619140625,2171.89208984375
24845,-0.7071067094802856,0.0,-4458.2099609375,2171.89208984375
24846,-0.7071067094802856,0.0,-4504.06884765625,2173.90771484375
24847,-0.7071067094802856,0.0,-4549.9306640625,2173.90771484375
24848,-0.7071065902709961,0.0,-4604.83447265625,2173.90771484375
24849,-3.5762795391747204e-07,0.0,-4659.3798828125,2173.90771484375
24850,-1.7881397695873602e-07,0.0,-4724.23876953125,2173.90771484375
24851,-1.7881397695873602e-07,0.0,-4789.09375,2171.9375
24852,-1.7881397695873602e-07,0.0,-4853.9580078125,2171.137451171875
24855,0.7071067094802856,0.0,-4914.16845703125,2171.137451171875
24858,0.707106351852417,0.0,-4960.03271484375,2171.137451171875
24859,0.707106351852417,0.0,-5005.89208984375,2171.137451171875
24860,0.707106351852417,0.0,-5051.7529296875,2171.137451171875
24861,0.707106351852417,0.0,-5097.611328125,2171.137451171875
24862,0.707106351852417,0.0,-5143.4716796875,2171.137451171875
24865,0.707106351852417,0.0,-5189.3330078125,2171.137451171875
24866,0.707106351852417,0.0,-5235.19677734375,2171.137451171875
24867,0.707106351852417,0.0,-5281.05712890625,2171.137451171875
24868,0.707106351852417,0.0,-5326.9189453125,2171.137451171875
24869,0.707106351852417,0.0,-5372.7783203125,2171.137451171875
24870,0.707106351852417,0.0,-5418.63671875,2170.654541015625
24871,-3.5762795391747204e-07,0.0,-5476.544921875,2170.3427734375
24872,-3.5762795391747204e-07,0.0,-5541.40380859375,2170.3427734375
24873,-3.5762795391747204e-07,0.0,-5606.2587890625,2170.3427734375
24874,-3.5762795391747204e-07,0.0,-5671.11376953125,2170.3427734375
24875,-3.5762795391747204e-07,0.0,-5735.96875,2170.3427734375
24876,-3.5762795391747204e-07,0.0,-5800.82763671875,2171.285888671875
24877,-7.152559078349441e-07,0.0,-5824.41552734375,2171.285888671875
24878,1.0000003576278687,0.0,-5824.41552734375,2171.285888671875
24879,1.0000003576278687,0.0,-5822.8203125,2171.285888671875
24880,1.0000003576278687,0.0,-5820.0302734375,2171.285888671875
24881,1.0000003576278687,0.0,-5816.869140625,2171.285888671875
24882,1.0000003576278687,0.0,-5813.29541015625,2171.285888671875
24883,1.0000003576278687,0.0,-5811.87939453125,2171.285888671875
24884,0.7737582325935364,0.0,-5782.39892578125,2171.285888671875
24885,1.0000003576278687,0.0,-5781.4111328125,2171.285888671875
24886,1.0000003576278687,0.0,-5773.24462890625,2171.285888671875
24887,1.0000003576278687,0.0,-5764.02001953125,2171.285888671875
24888,1.0000003576278687,0.0,-5753.6279296875,2170.41455078125
24889,0.7071068286895752,0.0,-5702.751953125,2170.41455078125
24890,0.7071068286895752,0.0,-5646.4345703125,2170.41455078125
24891,1.7881397695873602e-07,0.0,-5583.0751953125,2170.41455078125
24892,1.7881397695873602e-07,0.0,-5518.22021484375,2170.41455078125
24893,1.7881397695873602e-07,0.0,-5453.357421875,2170.41455078125
24894,1.7476993718901213e-07,0.0,-5441.5673828125,2170.41455078125
24913,1.7476993718901213e-07,0.0,-4841.5673828125,2170.88134765625
24921,-1.7881397695873602e-07,0.0,-4894.6318359375,2170.88134765625
24922,5.96046660916727e-08,0.0,-4959.75341796875,2170.88134765625
24924,-3.5762795391747204e-07,0.0,-5024.6083984375,2170.88134765625
24925,-7.152559078349441e-07,0.0,-5042.294921875,2170.88134765625
24928,1.0000003576278687,0.0,-5042.294921875,2170.88134765625
24931,0.707106351852417,0.0,-5058.56494140625,2170.88134765625
24933,0.707106351852417,0.0,-5104.4248046875,2170.88134765625
24935,1.0000003576278687,0.0,-5109.39599609375,2170.88134765625
24937,1.0000003576278687,0.0,-5109.39599609375,2170.88134765625
24939,1.0000003576278687,0.0,-5109.39599609375,2170.88134765625
24941,1.0000003576278687,0.0,-5109.39599609375,2170.88134765625
24943,1.0000003576278687,0.0,-5109.39599609375,2170.88134765625
24944,1.0000003576278687,0.0,-5109.39599609375,2170.88134765625
24949,-0.7071067094802856,0.0,-5089.1435546875,2170.88134765625
24951,-0.707106351852417,0.0,-5043.2841796875,2170.88134765625
24953,-0.23436953127384186,0.0,-4998.8955078125,2170.88134765625
24955,-3.5762795391747204e-07,0.0,-5010.685546875,2170.88134765625
24957,5.96046660916727e-08,0.0,-5063.95458984375,2170.88134765625
24959,-3.5762795391747204e-07,0.0,-5128.8095703125,2170.88134765625
24961,1.0000003576278687,0.0,-5164.5126953125,2170.88134765625
24964,0.7071070075035095,0.0,-5205.61083984375,2170.88134765625
24968,0.9999997615814209,0.0,-5240.00732421875,2170.88134765625
24971,1.0000003576278687,0.0,-5234.302734375,2170.807861328125
24973,0.7071069478988647,0.0,-5216.58056640625,2170.807861328125
24978,1.7881397695873602e-07,0.0,-5153.087890625,2170.807861328125
24979,-0.7071070075035095,0.0,-5096.328125,2170.807861328125
24980,-1.0000003576278687,0.0,-5087.1904296875,2170.807861328125
24981,-0.707106351852417,0.0,-5050.11865234375,2170.807861328125
24982,1.7881397695873602e-07,0.0,-4990.48046875,2170.807861328125
24983,1.7881397695873602e-07,0.0,-4925.6259765625,2170.807861328125
24984,1.7881397695873602e-07,0.0,-4860.77099609375,2170.807861328125
24985,0.7071065902709961,0.0,-4807.46435546875,2170.807861328125
24988,1.0000003576278687,0.0,-4765.0966796875,2170.807861328125
24989,1.0000003576278687,0.0,-4764.9716796875,2170.807861328125
24990,0.7071067094802856,0.0,-4780.64453125,2170.88134765625
24991,0.707106351852417,0.0,-4827.1943359375,2170.88134765625
24992,0.707106351852417,0.0,-4877.04443359375,2170.88134765625
24993,0.707106351852417,0.0,-4926.890625,2170.88134765625
24995,0.707106351852417,0.0,-4976.74072265625,2170.88134765625
24996,0.707106351852417,0.0,-5027.12060546875,2170.88134765625
24997,0.707106351852417,0.0,-5076.966796875,2170.88134765625
24998,0.707106351852417,0.0,-5126.81689453125,2170.88134765625
24999,0.707106351852417,0.0,-5176.6669921875,2170.88134765625
25002,0.707106351852417,0.0,-5226.51708984375,2170.807861328125
25003,0.707106351852417,0.0,-5235.78125,2170.807861328125
25004,-1.7881397695873602e-07,0.0,-5240.58447265625,2170.807861328125
25005,-1.7881397695873602e-07,0.0,-5249.86328125,2170.807861328125
25006,-1.7881397695873602e-07,0.0,-5261.35791015625,2170.807861328125
25007,-1.7881397695873602e-07,0.0,-5275.54248046875,2170.807861328125
25008,-1.7881397695873602e-07,0.0,-5292.83544921875,2170.807861328125
25009,-1.7881397695873602e-07,0.0,-5313.6787109375,2170.500732421875
25010,-9.536746574667632e-07,0.0,-5336.12158203125,2170.500732421875
25011,0.9999997615814209,0.0,-5333.35107421875,2170.500732421875
25012,0.9999997615814209,0.0,-5301.68212890625,2170.807861328125
25013,1.0000003576278687,0.0,-5280.52001953125,2170.807861328125
25015,1.7881397695873602e-07,0.0,-5262.8330078125,2170.807861328125
25018,0.45566466450691223,0.0,-5233.35205078125,2170.807861328125
25019,1.7881397695873602e-07,0.0,-5197.97802734375,2170.807861328125
25020,1.7881397695873602e-07,0.0,-5133.119140625,2170.807861328125
25021,1.7881397695873602e-07,0.0,-5068.2646484375,2170.807861328125
25022,4.203895392974451e-45,0.0,-5068.2646484375,2170.807861328125
25024,0.5216917395591736,0.0,-5041.5615234375,2170.807861328125
25025,1.7881397695873602e-07,0.0,-5012.08056640625,2170.807861328125
25026,1.7881397695873602e-07,0.0,-4947.2255859375,2170.807861328125
25027,1.7881397695873602e-07,0.0,-4882.37060546875,2170.807861328125
25028,4.203895392974451e-45,0.0,-4858.78662109375,2170.807861328125
25029,-3.5762795391747204e-07,0.0,-4900.0830078125,2170.807861328125
25030,-1.7881397695873602e-07,0.0,-4964.93798828125,2170.807861328125
25031,-3.5762795391747204e-07,0.0,-5029.79296875,2170.807861328125
25032,-7.152559078349441e-07,0.0,-5041.5869140625,2170.807861328125
25040,-1.7881397695873602e-07,0.0,-5000.31591796875,2170.807861328125
25041,0.17990665137767792,0.0,-5000.31591796875,2170.807861328125
25042,-1.7881397695873602e-07,0.0,-5065.1708984375,2170.807861328125
25043,-1.7881397695873602e-07,0.0,-5130.025390625,2170.807861328125
25044,-9.536746574667632e-07,0.0,-5177.193359375,2170.807861328125
25045,1.0000003576278687,0.0,-5177.193359375,2170.807861328125
25046,0.9999997615814209,0.0,-5177.193359375,2170.807861328125
25047,0.9999997615814209,0.0,-5177.193359375,2170.88134765625
25049,5.96046660916727e-08,0.0,-5206.67431640625,2170.88134765625
25052,-3.5762795391747204e-07,0.0,-5240.2216796875,2170.88134765625
25053,-7.152559078349441e-07,0.0,-5242.5146484375,2170.88134765625
25054,-3.5762795391747204e-07,0.0,-5249.169921875,2170.88134765625
25055,-3.5762795391747204e-07,0.0,-5260.43505859375,2170.88134765625
25056,-3.5762795391747204e-07,0.0,-5274.29248046875,2170.88134765625
25057,-3.5762795391747204e-07,0.0,-5291.19580078125,2170.88134765625
25058,-3.5762795391747204e-07,0.0,-5311.62255859375,2170.5029296875
25059,-3.5762795391747204e-07,0.0,-5336.1103515625,2170.5029296875
25060,-3.5762795391747204e-07,0.0,-5365.013671875,2170.5029296875
25061,-3.5762795391747204e-07,0.0,-5398.67138671875,2170.5029296875
25062,-3.5762795391747204e-07,0.0,-5437.287109375,2170.5029296875
25063,-7.152559078349441e-07,0.0,-5437.287109375,2170.5029296875
25065,-3.5762795391747204e-07,0.0,-5480.6728515625,2170.5029296875
25066,-3.5762795391747204e-07,0.0,-5529.23876953125,2170.5029296875
25067,-3.5762795391747204e-07,0.0,-5582.4228515625,2170.5029296875
25068,-7.152559078349441e-07,0.0,-5613.1962890625,2170.5029296875
25069,-3.5762795391747204e-07,0.0,-5639.58642578125,2170.5029296875
25070,-7.152559078349441e-07,0.0,-5655.82373046875,2170.5029296875
25072,-5.96046660916727e-08,0.0,-5608.65576171875,2170.5029296875
25073,-5.96046660916727e-08,0.0,-5543.796875,2170.5029296875
25074,4.203895392974451e-45,0.0,-5508.4228515625,2170.5029296875
25075,5.96046660916727e-08,0.0,-5537.90380859375,2170.5029296875
25076,-0.9774169921875,0.0,-5585.07177734375,2170.5029296875
25077,-3.5762795391747204e-07,0.0,-5602.7587890625,2170.5029296875
25078,-3.5762795391747204e-07,0.0,-5666.76513671875,2170.5029296875
25079,-3.5762795391747204e-07,0.0,-5728.62255859375,2170.5029296875
25080,-3.5762795391747204e-07,0.0,-5792.47802734375,2171.1435546875
25082,-0.7071067094802856,0.0,-5838.82861328125,2171.1435546875
25084,-0.7071067094802856,0.0,-5884.6884765625,2172.801025390625
25086,-0.7071067094802856,0.0,-5930.55029296875,2172.801025390625
25088,-0.7071067094802856,0.0,-5976.4091796875,2172.801025390625
25090,-0.36513030529022217,0.0,-6019.07080078125,2172.801025390625
25093,3.5762795391747204e-07,0.0,-6007.28076171875,2172.801025390625
25095,-5.96046660916727e-08,0.0,-5942.36474609375,2172.801025390625
25097,1.7881397695873602e-07,0.0,-5877.50634765625,2172.801025390625
25099,1.7881397695873602e-07,0.0,-5812.6484375,2170.501220703125
25101,1.7881397695873602e-07,0.0,-5747.79345703125,2170.501220703125
25103,4.203895392974451e-45,0.0,-5706.5224609375,2170.501220703125
25104,-1.0000003576278687,0.0,-5706.5224609375,2170.501220703125
25106,-1.0000003576278687,0.0,-5706.5224609375,2170.501220703125
25108,-1.0000003576278687,0.0,-5706.5224609375,2170.501220703125
25110,-1.0000003576278687,0.0,-5706.5224609375,2170.14697265625
25111,-1.0000003576278687,0.0,-5706.5224609375,2170.14697265625
25112,-1.0000003576278687,0.0,-5706.5224609375,2170.14697265625
25113,-1.0000003576278687,0.0,-5706.5224609375,2170.14697265625
25114,-0.707106351852417,0.0,-5677.93310546875,2170.14697265625
25115,-0.707106351852417,0.0,-5632.07373046875,2171.65576171875
25116,-0.707106351852417,0.0,-5586.21337890625,2171.65576171875
25119,-0.707106351852417,0.0,-5540.35693359375,2171.65576171875
25120,1.7881397695873602e-07,0.0,-5480.71875,2170.00146484375
25121,1.7881397695873602e-07,0.0,-5415.86376953125,2170.00146484375
25122,1.7881397695873602e-07,0.0,-5351.0087890625,2170.00146484375
25123,-0.7071067094802856,0.0,-5287.42822265625,2170.00146484375
25124,-0.707106351852417,0.0,-5241.48193359375,2170.00146484375
25127,-0.23436379432678223,0.0,-5201.22900390625,2170.326416015625
25128,5.96046660916727e-08,0.0,-5218.916015625,2170.00146484375
25131,-3.5762795391747204e-07,0.0,-5283.77490234375,2170.00146484375
25132,-0.7492230534553528,0.0,-5289.66796875,2170.00146484375
25133,-3.5762795391747204e-07,0.0,-5348.6298828125,2170.00146484375
25134,-3.5762795391747204e-07,0.0,-5413.48486328125,2170.00146484375
25135,-7.152559078349441e-07,0.0,-5431.171875,2170.00146484375
25136,1.7881397695873602e-07,0.0,-5384.00390625,2170.00146484375
25137,3.5762795391747204e-07,0.0,-5319.14892578125,2170.00146484375
25138,1.7881397695873602e-07,0.0,-5254.2939453125,2170.00146484375
25141,1.7881397695873602e-07,0.0,-5189.43896484375,2170.326416015625
25142,1.7881397695873602e-07,0.0,-5124.580078125,2170.326416015625
25143,1.7881397695873602e-07,0.0,-5059.72509765625,2170.326416015625
25144,4.203895392974451e-45,0.0,-5053.828125,2170.326416015625
25145,0.9999997615814209,0.0,-5053.828125,2170.326416015625
25146,1.0000003576278687,0.0,-5053.828125,2170.326416015625
25150,1.0000003576278687,0.0,-5053.828125,2171.250244140625
25154,1.0000003576278687,0.0,-5053.828125,2171.250244140625
25158,1.0000003576278687,0.0,-5053.828125,2171.250244140625
25160,1.0000003576278687,0.0,-5053.828125,2171.250244140625
25162,1.0000003576278687,0.0,-5053.828125,2171.250244140625
25164,1.0000003576278687,0.0,-5053.828125,2171.250244140625
25166,1.0000003576278687,0.0,-5053.828125,2171.250244140625
25168,1.0000003576278687,0.0,-5053.828125,2171.250244140625
25171,1.0000003576278687,0.0,-5053.828125,2171.250244140625
25174,1.0000003576278687,0.0,-5053.828125,2171.250244140625
25177,1.0000003576278687,0.0,-5053.828125,2170.88134765625
25180,1.0000003576278687,0.0,-5053.828125,2170.88134765625
25185,1.0000003576278687,0.0,-5053.828125,2170.88134765625
25188,1.0000003576278687,0.0,-5053.828125,2170.88134765625
25191,-3.5762795391747204e-07,0.0,-5059.72509765625,2170.88134765625
25194,0.4556761085987091,0.0,-5100.99609375,2170.88134765625
25230,0.5608625411987305,0.0,-5100.99609375,2170.88134765625
25246,0.9999997615814209,0.0,-5100.99609375,2170.88134765625
25250,1.0000003576278687,0.0,-5100.99609375,2170.88134765625
25252,1.0000003576278687,0.0,-5100.99609375,2170.88134765625
25254,1.0000003576278687,0.0,-5100.99609375,2170.88134765625
25257,1.0000003576278687,0.0,-5100.99609375,2170.88134765625
25259,-3.5762795391747204e-07,0.0,-5136.3740234375,2170.88134765625
25260,-0.7071068286895752,0.0,-5189.6806640625,2170.88134765625
25261,-0.7071067094802856,0.0,-5235.54052734375,2170.88134765625
25264,-0.7071067094802856,0.0,-5281.39892578125,2170.3427734375
25265,-0.7071067094802856,0.0,-5327.25927734375,2170.3427734375
25266,1.7881397695873602e-07,0.0,-5374.8056640625,2170.3427734375
25267,-3.5762795391747204e-07,0.0,-5439.66162109375,2170.3427734375
25268,0.7071070075035095,0.0,-5501.58642578125,2170.3427734375
25269,0.7071070075035095,0.0,-5547.458984375,2170.3427734375
25271,0.09919732064008713,0.0,-5597.744140625,2170.3427734375
25285,3.5762795391747204e-07,0.0,-5591.85107421875,2170.3427734375
25286,0.7071065902709961,0.0,-5536.8173828125,2170.3427734375
25287,3.5762795391747204e-07,0.0,-5480.63623046875,2170.652099609375
25288,1.7881397695873602e-07,0.0,-5415.77734375,2170.652099609375
25289,1.7881397695873602e-07,0.0,-5350.9228515625,2170.652099609375
25290,1.7881397695873602e-07,0.0,-5286.06787109375,2170.652099609375
25293,3.5786223406830686e-07,0.0,-5233.0029296875,2170.652099609375
25296,-1.7881397695873602e-07,0.0,-5244.79638671875,2170.652099609375
25297,-0.7071065902709961,0.0,-5301.55615234375,2170.3427734375
25298,-0.7071067094802856,0.0,-5347.41650390625,2170.3427734375
25299,-0.7071067094802856,0.0,-5393.275390625,2170.3427734375
25300,-0.7071067094802856,0.0,-5439.13720703125,2170.3427734375
25301,-0.7071067094802856,0.0,-5484.99609375,2170.3427734375
25302,-0.7071067094802856,0.0,-5530.8583984375,2170.3427734375
25303,1.7881397695873602e-07,0.0,-5578.4072265625,2170.3427734375
25304,9.536746574667632e-07,0.0,-5625.572265625,2170.3427734375
25305,-1.7881397695873602e-07,0.0,-5643.26318359375,2170.3427734375
25309,-1.7881397695873602e-07,0.0,-5708.1181640625,2170.3427734375
25311,-1.7881397695873602e-07,0.0,-5772.9775390625,2171.31298828125
25313,-1.7881397695873602e-07,0.0,-5837.83251953125,2171.31298828125
25315,0.707106351852417,0.0,-5891.19970703125,2171.31298828125
25317,0.707106351852417,0.0,-5937.05908203125,2171.31298828125
25320,0.3651326298713684,0.0,-5958.875,2171.31298828125
25324,0.707106351852417,0.0,-5983.29833984375,2171.31298828125
25326,0.707106351852417,0.0,-6029.15478515625,2171.31298828125
25328,0.707106351852417,0.0,-6046.1865234375,2171.31298828125
25330,0.707106351852417,0.0,-6042.72119140625,2171.31298828125
25332,0.707106351852417,0.0,-6060.93408203125,2171.31298828125
25334,0.707106351852417,0.0,-6106.79443359375,2171.31298828125
25336,0.707106351852417,0.0,-6152.65380859375,2174.796142578125
25339,0.707106351852417,0.0,-6198.5126953125,2174.796142578125
25341,0.707106351852417,0.0,-6244.37109375,2174.796142578125
25343,0.707106351852417,0.0,-6290.23095703125,2174.796142578125
25347,0.707106351852417,0.0,-6336.09326171875,2174.796142578125
25350,-3.5762795391747204e-07,0.0,-6395.7275390625,2170.807861328125
25351,-3.5762795391747204e-07,0.0,-6460.58203125,2170.807861328125
25354,-3.5762795391747204e-07,0.0,-6519.1083984375,2170.807861328125
25355,-3.5762795391747204e-07,0.0,-6554.35205078125,2170.807861328125
25356,-3.5762795391747204e-07,0.0,-6604.9599609375,2170.807861328125
25359,-1.7881397695873602e-07,0.0,-6669.8193359375,2170.807861328125
25362,-1.7881397695873602e-07,0.0,-6717.720703125,2170.807861328125
25365,0.707106351852417,0.0,-6766.3076171875,2170.3427734375
25366,0.707106351852417,0.0,-6812.1640625,2170.3427734375
25367,0.707106351852417,0.0,-6858.02587890625,2170.3427734375
25369,0.707106351852417,0.0,-6903.88623046875,2170.3427734375
25370,0.707106351852417,0.0,-6949.74462890625,2170.3427734375
25371,0.707106351852417,0.0,-6995.603515625,2170.3427734375
25372,-3.5762795391747204e-07,0.0,-7053.51513671875,2170.3427734375
25373,-3.5762795391747204e-07,0.0,-7118.3701171875,2170.3427734375
25374,-3.5762795391747204e-07,0.0,-7183.22509765625,2170.3427734375
25375,-3.5762795391747204e-07,0.0,-7248.080078125,2170.3427734375
25378,-3.5762795391747204e-07,0.0,-7312.93896484375,2170.3427734375
25379,-3.5762795391747204e-07,0.0,-7377.79345703125,2170.3427734375
25381,0.7071067094802856,0.0,-7439.72216796875,2170.3427734375
25382,0.707106351852417,0.0,-7485.5947265625,2170.3427734375
25383,0.707106351852417,0.0,-7531.451171875,2170.3427734375
25384,0.707106351852417,0.0,-7577.31396484375,2170.3427734375
25385,0.707106351852417,0.0,-7623.17041015625,2170.3427734375
25386,1.0000003576278687,0.0,-7623.970703125,2174.67041015625
25387,1.0000003576278687,0.0,-7623.970703125,2174.67041015625
25388,1.0000003576278687,0.0,-7623.970703125,2174.67041015625
25389,1.0000003576278687,0.0,-7623.970703125,2174.67041015625
25390,1.0000003576278687,0.0,-7623.970703125,2174.67041015625
25391,1.0000003576278687,0.0,-7623.970703125,2174.67041015625
25392,1.0000003576278687,0.0,-7623.970703125,2174.67041015625
25393,1.0000003576278687,0.0,-7623.970703125,2174.67041015625
25394,1.0000003576278687,0.0,-7623.970703125,2163.179931640625
25395,1.0000003576278687,0.0,-7623.970703125,2163.179931640625
25396,1.0000003576278687,0.0,-7623.970703125,2163.179931640625
25397,1.0000003576278687,0.0,-7623.970703125,2163.179931640625
25398,1.0000003576278687,0.0,-7623.970703125,2163.179931640625
25399,0.707106351852417,0.0,-7635.88720703125,2163.179931640625
25400,1.0000003576278687,0.0,-7645.02587890625,2163.179931640625
25403,1.0000003576278687,0.0,-7645.02587890625,2163.179931640625
25404,1.0000003576278687,0.0,-7645.02587890625,2163.179931640625
25405,1.0000003576278687,0.0,-7645.02587890625,2163.179931640625
25406,1.0000003576278687,0.0,-7645.02587890625,2163.179931640625
25410,1.0000003576278687,0.0,-7645.02587890625,2163.179931640625
25609,-0.9999997615814209,0.0,-12924.0029296875,2171.317626953125
25754,-1.0000003576278687,0.0,-12924.0029296875,2171.317626953125
25762,-0.7071067094802856,0.0,-12956.7607421875,2171.317626953125
25766,-1.0000003576278687,0.0,-12995.0595703125,2171.317626953125
25771,-1.0000003576278687,0.0,-12995.0791015625,2171.317626953125
25773,-1.0000003576278687,0.0,-12995.0791015625,2171.317626953125
25778,-1.0000003576278687,0.0,-12995.0791015625,2171.317626953125
25782,-1.0000003576278687,0.0,-12995.0791015625,2171.317626953125
25786,-1.0000003576278687,0.0,-12995.0791015625,2171.317626953125
25797,-1.0000003576278687,0.0,-12995.0791015625,2171.317626953125
25804,-1.0000003576278687,0.0,-12995.0791015625,2171.317626953125
25811,-0.9999997615814209,0.0,-13028.755859375,2171.317626953125
25818,-1.0000003576278687,0.0,-13028.7607421875,2171.317626953125
25824,-1.0000003576278687,0.0,-13028.7607421875,2171.317626953125
25831,-1.0000003576278687,0.0,-13028.7607421875,2171.317626953125
25836,-1.0000003576278687,0.0,-13028.7607421875,2171.317626953125
25842,-1.0000003576278687,0.0,-13028.7607421875,2171.677734375
25883,-0.9999997615814209,0.0,-13028.7607421875,2171.677734375
26041,0.9999997615814209,0.0,-13164.7431640625,2171.473876953125
26043,1.0000003576278687,0.0,-13164.7431640625,2171.473876953125
26045,0.9999997615814209,0.0,-13164.7431640625,2171.473876953125
26050,0.7071069478988647,0.0,-13119.4765625,2171.473876953125
26056,1.0000003576278687,0.0,-13085.3291015625,2171.473876953125
26059,0.9999997615814209,0.0,-13085.32421875,2171.473876953125
26063,0.9999997615814209,0.0,-13059.9970703125,2171.473876953125
26066,0.9999997615814209,0.0,-13054.294921875,2171.473876953125
26098,0.9999997615814209,0.0,-13054.294921875,2171.473876953125
26128,-3.5762795391747204e-07,0.0,-13089.673828125,2171.473876953125
26130,-3.5762795391747204e-07,0.0,-13154.53125,2171.473876953125
26132,-7.152559078349441e-07,0.0,-13178.1171875,2171.473876953125
26135,-0.7071067094802856,0.0,-13174.4599609375,2171.473876953125
26137,-0.707106351852417,0.0,-13128.662109375,2171.473876953125
26140,-0.707106351852417,0.0,-13082.8017578125,2171.473876953125
26144,-0.707106351852417,0.0,-13036.94140625,2171.473876953125
26147,-1.0000003576278687,0.0,-13002.76953125,2171.473876953125
26151,-0.7071069478988647,0.0,-13018.84765625,2171.473876953125
26153,-1.7881397695873602e-07,0.0,-13080.2158203125,2171.473876953125
26155,-1.7881397695873602e-07,0.0,-13145.0810546875,2171.473876953125
26157,-1.7881397695873602e-07,0.0,-13209.9384765625,2171.790283203125
26161,0.7071067094802856,0.0,-13271.8740234375,2171.790283203125
26163,1.0000003576278687,0.0,-13281.025390625,2171.790283203125
26165,1.0000003576278687,0.0,-13281.025390625,2171.790283203125
26167,1.0000003576278687,0.0,-13281.025390625,2171.790283203125
26169,1.0000003576278687,0.0,-13281.025390625,2171.790283203125
26171,1.0000003576278687,0.0,-13281.025390625,2171.790283203125
26173,1.0000003576278687,0.0,-13281.025390625,2171.4736328125
26175,1.0000003576278687,0.0,-13281.025390625,2171.4736328125
26177,1.0000003576278687,0.0,-13281.025390625,2171.4736328125
26179,1.0000003576278687,0.0,-13281.025390625,2171.4736328125
26182,0.7071069478988647,0.0,-13252.390625,2171.4736328125
26187,1.7881397695873602e-07,0.0,-13204.84375,2171.4736328125
26190,1.7881397695873602e-07,0.0,-13139.9853515625,2171.4736328125
26193,1.7881397695873602e-07,0.0,-13075.115234375,2171.4736328125
26198,-0.7071067094802856,0.0,-13020.080078125,2171.4736328125
26201,-0.9999997615814209,0.0,-12998.4365234375,2171.4736328125
26204,-1.0000003576278687,0.0,-12998.4365234375,2171.4736328125
26208,-1.0000003576278687,0.0,-12998.4365234375,2171.4736328125
26211,-1.0000003576278687,0.0,-12998.4365234375,2171.4736328125
26216,-1.0000003576278687,0.0,-12998.4365234375,2171.4736328125
26222,-1.0000003576278687,0.0,-12998.4365234375,2171.4736328125
26228,-1.0000003576278687,0.0,-12998.4365234375,2171.4736328125
26233,-0.9999997615814209,0.0,-12998.4365234375,2171.4736328125
26238,-1.0000003576278687,0.0,-12998.4365234375,2171.4736328125
26243,-1.0000003576278687,0.0,-12998.4365234375,2171.4736328125
26248,-0.707106351852417,0.0,-12969.8447265625,2171.4736328125
26253,-0.9999997615814209,0.0,-12931.5361328125,2171.4736328125
26257,-0.9999997615814209,0.0,-12931.5166015625,2171.4736328125
26261,-0.9999997615814209,0.0,-12931.5166015625,2171.4736328125
26265,-0.9999997615814209,0.0,-12931.5166015625,2171.4736328125
26269,-0.7071067094802856,0.0,-12923.7578125,2171.4736328125
26272,-0.707106351852417,0.0,-12877.9169921875,2171.4736328125
26275,-0.707106351852417,0.0,-12832.056640625,2171.4736328125
26278,-0.707106351852417,0.0,-12786.18359375,2171.4736328125
26281,-1.0000003576278687,0.0,-12785.3828125,2171.4736328125
26284,-1.0000003576278687,0.0,-12785.3828125,2171.4736328125
26287,-0.7071070075035095,0.0,-12777.625,2171.4736328125
26290,-0.707106351852417,0.0,-12731.7822265625,2171.4736328125
26293,-0.707106351852417,0.0,-12685.921875,2171.4736328125
26296,-0.707106351852417,0.0,-12640.0693359375,2171.4736328125
26299,-0.707106351852417,0.0,-12594.208984375,2172.49853515625
26302,-1.0000003576278687,0.0,-12572.5654296875,2172.49853515625
26305,-0.9999997615814209,0.0,-12572.5654296875,2172.49853515625
26310,-0.9999997615814209,0.0,-12572.5654296875,2172.49853515625
26313,-0.707106351852417,0.0,-12535.6328125,2181.868896484375
26315,-0.707106351852417,0.0,-12489.7802734375,2183.22021484375
26317,-0.707106351852417,0.0,-12443.9150390625,2183.22021484375
26322,-0.9999997615814209,0.0,-12438.947265625,2183.22021484375
26326,-0.9999997615814209,0.0,-12438.947265625,2183.22021484375
26330,-0.7071067094802856,0.0,-12431.1884765625,2183.22021484375
26334,-0.707106351852417,0.0,-12385.345703125,2183.22021484375
26338,-0.707106351852417,0.0,-12339.4853515625,2183.22021484375
26342,-0.707106351852417,0.0,-12293.625,2183.22021484375
26346,-0.707106351852417,0.0,-12247.7724609375,2193.220703125
26351,-0.707106351852417,0.0,-12201.912109375,2193.220703125
26420,-5.96046660916727e-08,0.0,-12138.818359375,2192.951904296875
26466,-0.707106351852417,0.0,-12084.322265625,2182.491455078125
26468,-1.0000003576278687,0.0,-12054.3369140625,2182.491455078125
26470,-0.9999997615814209,0.0,-12054.3369140625,2182.491455078125
26473,1.7881397695873602e-07,0.0,-12026.5068359375,2182.491455078125
26477,3.89218439522665e-05,0.0,-11961.6416015625,2182.491455078125
26480,0.7073981165885925,0.0,-11904.8828125,2182.491455078125
26544,-0.0005640389281325042,0.0,-11928.4130859375,2182.491455078125
26567,0.6432917714118958,0.0,-11951.9990234375,2182.491455078125
26591,-0.7071069478988647,0.0,-11951.283203125,2182.491455078125
26595,-0.7071067094802856,0.0,-11905.4228515625,2182.491455078125
26643,-0.707106351852417,0.0,-11859.5625,2182.491455078125
26647,-1.0000003576278687,0.0,-11837.9189453125,2182.491455078125
26651,-0.9999997615814209,0.0,-11837.9189453125,2182.491455078125
26697,-0.7071068286895752,0.0,-11862.3359375,2182.491455078125
26701,-0.7071067094802856,0.0,-11908.1962890625,2182.491455078125
26707,-3.5762795391747204e-07,0.0,-11962.654296875,2182.491455078125
26712,-3.5762795391747204e-07,0.0,-12028.171875,2182.491455078125
26717,0.7071067094802856,0.0,-12083.2138671875,2182.491455078125
26722,1.0000003576278687,0.0,-12100.6904296875,2182.491455078125
26728,1.0000003576278687,0.0,-12100.6904296875,2182.491455078125
26734,1.0000003576278687,0.0,-12100.6904296875,2182.491455078125
26740,1.0000003576278687,0.0,-12100.6904296875,2182.491455078125
26746,1.0000003576278687,0.0,-12100.6904296875,2182.491455078125
26752,1.0000003576278687,0.0,-12100.6904296875,2182.491455078125
26759,0.7071068286895752,0.0,-12080.4404296875,2182.491455078125
26765,0.7071069478988647,0.0,-12034.580078125,2182.491455078125
26771,1.7881397695873602e-07,0.0,-11973.2119140625,2188.275146484375
26780,1.7881397695873602e-07,0.0,-11908.3544921875,2188.275146484375
26785,-0.7071067094802856,0.0,-11853.3193359375,2182.677978515625
26790,-0.707106351852417,0.0,-11807.458984375,2182.677978515625
26795,-0.707106351852417,0.0,-11761.5986328125,2182.677978515625
26800,-0.707106351852417,0.0,-11715.73828125,2182.677978515625
26806,-0.707106351852417,0.0,-11669.8857421875,2182.677978515625
26811,-0.707106351852417,0.0,-11624.025390625,2182.677978515625
26816,-0.707106351852417,0.0,-11578.162109375,2182.677978515625
26820,-0.707106351852417,0.0,-11532.3017578125,2182.677978515625
26824,-0.707106351852417,0.0,-11486.44140625,2182.677978515625
26828,-0.707106351852417,0.0,-11440.5888671875,2182.677978515625
26834,-0.9999997615814209,0.0,-11435.61328125,2182.677978515625
26839,-0.9999997615814209,0.0,-11435.61328125,2182.677978515625
26848,-0.707106351852417,0.0,-11398.6875,2182.677978515625
26853,-0.707106351852417,0.0,-11352.8349609375,2182.677978515625
26859,-0.707106351852417,0.0,-11306.974609375,2182.677978515625
26869,-0.9999997615814209,0.0,-11281.15625,2183.29248046875
26875,-0.9999997615814209,0.0,-11281.15625,2183.29248046875
26883,-0.707106351852417,0.0,-11244.2314453125,2193.17041015625
26890,-0.707106351852417,0.0,-11199.2578125,2193.17041015625
26895,-0.707106351852417,0.0,-11153.4052734375,2183.3349609375
26900,-0.707106351852417,0.0,-11107.544921875,2183.3349609375
26905,-0.707106351852417,0.0,-11061.6845703125,2183.3349609375
26909,-0.707106351852417,0.0,-11015.82421875,2183.3349609375
26913,-0.707106351852417,0.0,-10969.96484375,2183.3349609375
26917,-0.707106351852417,0.0,-10924.1123046875,2183.3349609375
26920,-0.9999997615814209,0.0,-10923.3115234375,2183.3349609375
26927,-0.9999997615814209,0.0,-10923.3115234375,2183.3349609375
26930,-0.9999997615814209,0.0,-10923.3115234375,2183.3349609375
26933,-0.9999997615814209,0.0,-10923.3115234375,2183.3349609375
26937,-0.9999997615814209,0.0,-10923.3115234375,2172.91064453125
26942,-0.7071067094802856,0.0,-10919.646484375,2172.91064453125
27014,-0.8055481314659119,0.0,-10911.3974609375,2172.91064453125
27096,1.7881397695873602e-07,0.0,-10858.326171875,2172.91064453125
27100,1.7881397695873602e-07,0.0,-10793.4365234375,2172.91064453125
27167,1.7881397695873602e-07,0.0,-10728.5712890625,2172.50341796875
27171,1.7881397695873602e-07,0.0,-10663.7138671875,2172.50341796875
27175,1.7881397695873602e-07,0.0,-10599.6826171875,2172.50341796875
27180,-0.707106351852417,0.0,-10551.1826171875,2172.50341796875
27185,-0.9999997615814209,0.0,-10533.7060546875,2172.50341796875
27190,-0.7071068286895752,0.0,-10553.9638671875,2172.50341796875
27198,-0.7071067094802856,0.0,-10599.81640625,2172.50341796875
27202,-0.7071067094802856,0.0,-10645.6767578125,2172.50341796875
27207,1.7881397695873602e-07,0.0,-10693.2236328125,2172.50341796875
27213,-3.5762795391747204e-07,0.0,-10758.0859375,2172.50341796875
27220,-3.5762795391747204e-07,0.0,-10822.951171875,2172.50341796875
27225,-3.5762795391747204e-07,0.0,-10887.80859375,2172.50341796875
27229,0.7071067094802856,0.0,-10941.6591796875,2172.50341796875
27233,0.9999997615814209,0.0,-10963.302734375,2172.50341796875
27237,1.0000003576278687,0.0,-10963.302734375,2172.50341796875
27241,1.0000003576278687,0.0,-10963.302734375,2172.50341796875
27244,1.0000003576278687,0.0,-10963.302734375,2172.50341796875
27247,0.7071069478988647,0.0,-10926.376953125,2172.50341796875
27249,0.7071069478988647,0.0,-10880.5166015625,2172.50341796875
27251,1.7881397695873602e-07,0.0,-10832.9697265625,2183.1298828125
27252,1.7881397695873602e-07,0.0,-10768.111328125,2172.74609375
27254,1.7881397695873602e-07,0.0,-10703.24609375,2172.74609375
27257,1.7881397695873602e-07,0.0,-10638.388671875,2172.74609375
27260,-0.707106351852417,0.0,-10586.8056640625,2172.74609375
27266,-0.707106351852417,0.0,-10540.9453125,2172.74609375
27272,-0.9999997615814209,0.0,-10506.7978515625,2172.74609375
27276,-0.7071069478988647,0.0,-10527.04296875,2172.74609375
27282,-0.7071068286895752,0.0,-10572.9033203125,2172.74609375
27287,-0.7071068286895752,0.0,-10618.763671875,2172.74609375
27294,-3.5762795391747204e-07,0.0,-10680.1318359375,2172.74609375
27300,-3.5762795391747204e-07,0.0,-10744.9892578125,2172.74609375
27306,-0.7071067094802856,0.0,-10793.11328125,2172.74609375
27313,-0.7071067094802856,0.0,-10838.97265625,2172.74609375
27319,-0.7071067094802856,0.0,-10884.8330078125,2172.74609375
27326,-0.7071067094802856,0.0,-10930.693359375,2172.74609375
27332,-0.7071067094802856,0.0,-10976.5537109375,2172.74609375
27338,-0.7071067094802856,0.0,-11022.40625,2172.74609375
27345,-0.7071067094802856,0.0,-11068.2666015625,2171.4736328125
27351,-0.9999997615814209,0.0,-11110.6357421875,2171.4736328125
27362,-1.0000003576278687,0.0,-11110.7607421875,2171.4736328125
27369,-0.7071068286895752,0.0,-11126.8359375,2171.4736328125
27376,-0.7071067094802856,0.0,-11172.6962890625,2172.705810546875
27383,-0.7071067094802856,0.0,-11218.556640625,2172.705810546875
27389,-1.0000003576278687,0.0,-11227.69140625,2172.705810546875
27394,-1.0000003576278687,0.0,-11227.69140625,2172.705810546875
27400,-0.7071068286895752,0.0,-11252.1162109375,2172.705810546875
27406,-1.0000003576278687,0.0,-11282.09375,2172.705810546875
27411,-1.0000003576278687,0.0,-11282.09375,2172.705810546875
27416,-1.0000003576278687,0.0,-11282.09375,2172.705810546875
27421,-0.7071067094802856,0.0,-11310.685546875,2172.705810546875
27425,-0.7071067094802856,0.0,-11356.54296875,2172.705810546875
27429,-1.0000003576278687,0.0,-11386.5283203125,2172.705810546875
27434,-1.0000003576278687,0.0,-11386.5283203125,2172.705810546875
27442,-0.7071069478988647,0.0,-11398.4423828125,2171.4736328125
27446,-0.7071067094802856,0.0,-11444.296875,2171.4736328125
27449,-0.7071067094802856,0.0,-11490.1572265625,2171.4736328125
27453,-0.7071067094802856,0.0,-11536.0224609375,2171.4736328125
27455,-0.9999997615814209,0.0,-11557.666015625,2171.4736328125
27459,-1.0000003576278687,0.0,-11557.666015625,2171.4736328125
27462,-1.0000003576278687,0.0,-11557.666015625,2172.74609375
27465,-1.0000003576278687,0.0,-11557.666015625,2172.74609375
27468,-1.0000003576278687,0.0,-11557.666015625,2172.74609375
27510,-0.7071069478988647,0.0,-11573.7490234375,2172.74609375
27520,-0.7071067094802856,0.0,-11619.6015625,2171.4736328125
27524,-0.7071067094802856,0.0,-11665.4619140625,2171.4736328125
27526,-0.9999997615814209,0.0,-11666.177734375,2171.4736328125
27532,-0.9999997615814209,0.0,-11666.177734375,2171.4736328125
27642,-0.9999997615814209,0.0,-11666.177734375,2171.4736328125
27852,0.9999997615814209,0.0,-11710.490234375,2171.473876953125
27857,1.0000003576278687,0.0,-11711.0029296875,2171.473876953125
27901,0.9999997615814209,0.0,-11726.8681640625,2171.473876953125
27908,0.9999997615814209,0.0,-11755.30078125,2171.149658203125
27915,0.9999997615814209,0.0,-11787.484375,2171.149658203125
27928,0.9999997615814209,0.0,-11796.0048828125,2171.149658203125
27935,0.9999997615814209,0.0,-11796.0048828125,2171.149658203125
28098,1.0000003576278687,0.0,-11464.35546875,2171.473876953125
28104,0.9999997615814209,0.0,-11464.35546875,2171.473876953125
28110,1.0000003576278687,0.0,-11464.35546875,2171.473876953125
28122,1.0000003576278687,0.0,-11464.35546875,2171.473876953125
28128,1.0000003576278687,0.0,-11464.35546875,2171.473876953125
28134,1.0000003576278687,0.0,-11464.35546875,2171.473876953125
28180,-1.7881397695873602e-07,0.0,-11517.427734375,2171.473876953125
28186,-1.7881397695873602e-07,0.0,-11582.341796875,2171.473876953125
28192,0.707106351852417,0.0,-11637.376953125,2171.473876953125
28198,1.0000003576278687,0.0,-11675.6767578125,2171.473876953125
28256,5.96046660916727e-08,0.0,-11687.4892578125,2171.473876953125
28299,1.0000003576278687,0.0,-11722.8798828125,2171.473876953125
28436,-1.0000003576278687,0.0,-11722.8798828125,2171.473876953125
28442,-0.9999997615814209,0.0,-11722.8798828125,2171.473876953125
28447,-0.7071069478988647,0.0,-11738.962890625,2171.473876953125
28453,-0.7071067094802856,0.0,-11784.8232421875,2171.149658203125
28457,-1.0000003576278687,0.0,-11785.6240234375,2171.149658203125
28460,-1.0000003576278687,0.0,-11785.6240234375,2171.149658203125
28463,-1.0000003576278687,0.0,-11785.6240234375,2171.149658203125
28529,0.0003876090340781957,0.0,-11803.3486328125,2171.149658203125
28634,0.7071067094802856,0.0,-11363.845703125,2173.5029296875
28639,-1.7881397695873602e-07,0.0,-11426.9765625,2172.74609375
28645,-1.7881397695873602e-07,0.0,-11491.841796875,2172.74609375
28650,-1.7881397695873602e-07,0.0,-11556.69921875,2172.74609375
28703,-1.0000003576278687,0.0,-11586.15625,2171.5625
28830,5.96046660916727e-08,0.0,-11552.9462890625,2171.5625
28834,-1.7881397695873602e-07,0.0,-11617.8115234375,2171.5625
28838,-3.5762795391747204e-07,0.0,-11682.6689453125,2171.5625
28839,-7.152559078349441e-07,0.0,-11688.5693359375,2171.5625
28852,-0.7071070075035095,0.0,-11639.427734375,2171.5625
28858,-0.707106351852417,0.0,-11593.5673828125,2171.5625
28862,-1.0000003576278687,0.0,-11551.2060546875,2171.5625
28868,-0.9999997615814209,0.0,-11551.0810546875,2171.5625
28871,-1.0000003576278687,0.0,-11551.0810546875,2171.5625
28874,5.96046660916727e-08,0.0,-11592.3525390625,2171.5625
28879,-3.5762795391747204e-07,0.0,-11658.22265625,2171.5625
28883,-0.7071067094802856,0.0,-11711.53125,2171.5625
28887,-0.7071067094802856,0.0,-11756.3642578125,2171.28369140625
28891,-1.7881397695873602e-07,0.0,-11821.18359375,2171.28369140625
28894,1.0000003576278687,0.0,-11855.876953125,2171.28369140625
28899,1.0000003576278687,0.0,-11855.8818359375,2171.28369140625
28902,1.0000003576278687,0.0,-11855.8818359375,2171.28369140625
28905,1.0000003576278687,0.0,-11855.8818359375,2171.28369140625
28908,1.0000003576278687,0.0,-11855.8818359375,2171.28369140625
28911,1.0000003576278687,0.0,-11855.8818359375,2171.28369140625
28914,1.0000003576278687,0.0,-11855.8818359375,2171.28369140625
28919,1.0000003576278687,0.0,-11855.8818359375,2171.28369140625
28922,1.0000003576278687,0.0,-11855.8818359375,2171.28369140625
28925,1.0000003576278687,0.0,-11855.8818359375,2171.28369140625
28928,0.7071068286895752,0.0,-11848.123046875,2171.28369140625
28931,-1.7881397695873602e-07,0.0,-11791.94921875,2171.28369140625
28934,1.7881397695873602e-07,0.0,-11727.091796875,2171.28369140625
28937,-0.7071070075035095,0.0,-11668.59765625,2171.28369140625
28940,-0.707106351852417,0.0,-11622.73828125,2171.28369140625
28943,-0.9999997615814209,0.0,-11588.5908203125,2171.28369140625
28948,-0.9999997615814209,0.0,-11588.5859375,2171.28369140625
28951,-0.9999997615814209,0.0,-11588.5859375,2171.28369140625
28954,-0.9999997615814209,0.0,-11588.5859375,2171.28369140625
28957,-0.7071067094802856,0.0,-11584.921875,2171.5556640625
28962,-0.707106351852417,0.0,-11539.15234375,2172.734619140625
28965,-0.707106351852417,0.0,-11493.29296875,2171.634765625
28970,-1.0000003576278687,0.0,-11463.2958984375,2171.634765625
28973,-1.0000003576278687,0.0,-11463.2958984375,2171.634765625
28975,-0.707106351852417,0.0,-11459.630859375,2171.634765625
28977,-0.707106351852417,0.0,-11413.861328125,2171.634765625
28979,-0.707106351852417,0.0,-11368.0009765625,2171.634765625
28981,-0.707106351852417,0.0,-11322.140625,2171.634765625
28983,-0.707106351852417,0.0,-11276.2880859375,2171.634765625
28985,-0.707106351852417,0.0,-11230.427734375,2171.634765625
28987,-0.707106351852417,0.0,-11184.5673828125,2171.634765625
28990,-0.707106351852417,0.0,-11138.70703125,2171.634765625
28993,-0.707106351852417,0.0,-11092.8544921875,2171.634765625
28996,-0.707106351852417,0.0,-11046.994140625,2171.634765625
28999,-0.707106351852417,0.0,-11001.1337890625,2172.553955078125
29003,-0.707106351852417,0.0,-10955.2734375,2172.553955078125
29007,-0.707106351852417,0.0,-10909.4208984375,2172.553955078125
29014,-0.707106351852417,0.0,-10863.560546875,2172.553955078125
29018,-0.9999997615814209,0.0,-10841.9169921875,2172.553955078125
29022,-1.0000003576278687,0.0,-10841.9169921875,2172.553955078125
29026,-0.7071067094802856,0.0,-10830.0029296875,2172.553955078125
29030,-0.707106351852417,0.0,-10784.1416015625,2188.616943359375
29123,-0.707106351852417,0.0,-10738.28125,2177.665771484375
29127,-0.707106351852417,0.0,-10692.4287109375,2172.74609375
29137,-0.707106351852417,0.0,-10649.2763671875,2172.74609375
29145,-1.0000003576278687,0.0,-10619.291015625,2172.74609375
29158,-0.9999997615814209,0.0,-10619.291015625,2172.74609375
29164,-0.9999997615814209,0.0,-10619.291015625,2171.54443359375
29173,-0.7071067094802856,0.0,-10615.6259765625,2171.54443359375
29179,-0.707106351852417,0.0,-10569.8564453125,2171.54443359375
29185,-0.9999997615814209,0.0,-10532.2177734375,2171.54443359375
29190,-1.0000003576278687,0.0,-10532.1982421875,2171.54443359375
29195,-1.0000003576278687,0.0,-10532.1982421875,2171.54443359375
29200,-0.707106351852417,0.0,-10499.439453125,2171.54443359375
29206,-0.707106351852417,0.0,-10453.5791015625,2171.54443359375
29213,-1.0000003576278687,0.0,-10436.1025390625,2171.54443359375
29219,-1.0000003576278687,0.0,-10436.1025390625,2171.54443359375
29226,-1.0000003576278687,0.0,-10436.1025390625,2171.54443359375
29233,-1.0000003576278687,0.0,-10436.1025390625,2171.54443359375
29240,-1.0000003576278687,0.0,-10436.1025390625,2171.54443359375
29247,-0.7071070075035095,0.0,-10428.34375,2171.54443359375
29255,-0.707106351852417,0.0,-10382.498046875,2171.54443359375
29262,-0.707106351852417,0.0,-10336.6376953125,2171.54443359375
29272,-0.9999997615814209,0.0,-10298.337890625,2171.54443359375
29279,-1.0000003576278687,0.0,-10298.318359375,2171.54443359375
29286,-0.707106351852417,0.0,-10294.6533203125,2171.54443359375
29293,-0.707106351852417,0.0,-10248.8837890625,2171.54443359375
29299,-0.707106351852417,0.0,-10203.0234375,2171.54443359375
29308,-1.0000003576278687,0.0,-10198.0556640625,2171.54443359375
29315,-1.0000003576278687,0.0,-10198.0556640625,2171.54443359375
29324,-1.0000003576278687,0.0,-10198.0556640625,2171.54443359375
29333,-1.0000003576278687,0.0,-10198.0556640625,2171.54443359375
29342,-0.7071067094802856,0.0,-10190.296875,2171.54443359375
29350,-0.707106351852417,0.0,-10144.455078125,2171.54443359375
29359,-0.9999997615814209,0.0,-10131.1455078125,2171.54443359375
29367,-0.9999997615814209,0.0,-10131.1455078125,2171.54443359375
29375,-0.9999997615814209,0.0,-10131.1455078125,2171.54443359375
29386,-0.7071067094802856,0.0,-10119.2314453125,2171.54443359375
29394,-0.707106351852417,0.0,-10073.376953125,2171.54443359375
29403,-1.0000003576278687,0.0,-10043.3916015625,2172.640380859375
29412,-1.0000003576278687,0.0,-10043.3916015625,2172.640380859375
29422,-1.0000003576278687,0.0,-10043.3916015625,2172.640380859375
29433,-0.7071067094802856,0.0,-10035.6328125,2172.640380859375
29441,-0.707106351852417,0.0,-9989.7900390625,2171.515869140625
29450,-0.707106351852417,0.0,-9943.9296875,2171.515869140625
29460,-0.707106351852417,0.0,-9898.0771484375,2171.515869140625
29469,-0.707106351852417,0.0,-9852.216796875,2171.515869140625
29476,1.7881397695873602e-07,0.0,-9790.84765625,2171.515869140625
29484,0.7071068286895752,0.0,-9730.6337890625,2171.515869140625
29646,0.3403177857398987,0.0,-9730.115234375,2171.51611328125
29650,0.7071067094802856,0.0,-9763.466796875,2171.51611328125
29653,0.9999997615814209,0.0,-9764.267578125,2171.51611328125
29657,0.9999997615814209,0.0,-9764.267578125,2172.737548828125
29660,0.7071070075035095,0.0,-9792.8583984375,2172.737548828125
29663,0.8722650408744812,0.0,-9818.6494140625,2172.737548828125
29667,3.5762795391747204e-07,0.0,-9800.9638671875,2172.737548828125
29672,-0.7071067094802856,0.0,-9742.4697265625,2172.737548828125
29676,-0.707106351852417,0.0,-9696.6103515625,2172.737548828125
29680,-0.707106351852417,0.0,-9650.7158203125,2171.4736328125
29684,-0.48903483152389526,0.0,-9622.28515625,2171.4736328125
29716,1.7881397695873602e-07,0.0,-9592.806640625,2171.4736328125
29721,-0.707106351852417,0.0,-9541.2236328125,2171.4736328125
29726,-0.707106351852417,0.0,-9495.36328125,2171.4736328125
29731,-0.707106351852417,0.0,-9449.5107421875,2171.4736328125
29739,-0.707106351852417,0.0,-9403.650390625,2171.4736328125
29745,1.7881397695873602e-07,0.0,-9347.466796875,2171.4736328125
29752,1.7881397695873602e-07,0.0,-9282.59765625,2171.4736328125
29757,-0.707106351852417,0.0,-9236.1962890625,2171.4736328125
29761,-0.707106351852417,0.0,-9190.3359375,2171.4736328125
29767,-0.707106351852417,0.0,-9144.4833984375,2171.4736328125
29772,1.7881397695873602e-07,0.0,-9086.5634765625,2171.4736328125
29778,1.7881397695873602e-07,0.0,-9021.7060546875,2171.4736328125
29784,1.7881397695873602e-07,0.0,-8956.8408203125,2171.4736328125
29790,0.7071065902709961,0.0,-8910.4423828125,2171.4736328125
29797,0.7071065902709961,0.0,-8864.58203125,2171.4736328125
29805,0.7071065902709961,0.0,-8818.7294921875,2171.4736328125
29813,0.7071065902709961,0.0,-8772.8642578125,2171.4736328125
29821,0.7071065902709961,0.0,-8727.0,2171.4736328125
29832,0.7071065902709961,0.0,-8681.1474609375,2171.4736328125
29837,0.7071065902709961,0.0,-8635.287109375,2171.4736328125
29842,0.7071065902709961,0.0,-8589.4267578125,2171.4736328125
29847,0.7071065902709961,0.0,-8543.5419921875,2172.671875
29852,0.7071065902709961,0.0,-8497.681640625,2172.671875
29857,0.7071065902709961,0.0,-8451.8212890625,2172.671875
29862,0.7071065902709961,0.0,-8405.9609375,2172.671875
29866,0.7071065902709961,0.0,-8360.1083984375,2172.671875
29870,0.7071065902709961,0.0,-8314.248046875,2172.671875
29877,1.7881397695873602e-07,0.0,-8259.7900390625,2172.671875
29887,1.7881397695873602e-07,0.0,-8194.9326171875,2172.671875
29892,1.7881397695873602e-07,0.0,-8130.03857421875,2172.671875
29898,1.7881397695873602e-07,0.0,-8065.18017578125,2172.671875
29903,3.5786223406830686e-07,0.0,-8006.22216796875,2172.671875
29904,-1.7881397695873602e-07,0.0,-8012.115234375,2172.671875
29978,-3.5762795391747204e-07,0.0,-8070.306640625,2172.671875
29979,-0.3651251494884491,0.0,-8070.306640625,2172.671875
30173,0.7071065902709961,0.0,-8427.8818359375,2172.746337890625
30180,0.9999997615814209,0.0,-8389.57421875,2172.746337890625
30189,1.0000003576278687,0.0,-8389.5546875,2172.746337890625
30196,1.0000003576278687,0.0,-8389.5546875,2172.746337890625
30300,-1.7881397695873602e-07,0.0,-8401.34765625,2172.746337890625
30348,1.0000003576278687,0.0,-8396.9833984375,2172.746337890625
30454,-0.41202297806739807,0.0,-7850.15087890625,2172.746337890625
30455,1.7881397695873602e-07,0.0,-7844.25390625,2172.746337890625
30468,1.7881397695873602e-07,0.0,-7779.30322265625,2171.4736328125
30475,0.7071069478988647,0.0,-7719.05712890625,2171.4736328125
30483,0.9999997615814209,0.0,-7701.576171875,2171.4736328125
30489,0.9999997615814209,0.0,-7701.576171875,2171.4736328125
30496,0.9999997615814209,0.0,-7701.576171875,2171.4736328125
30504,0.707106351852417,0.0,-7730.166015625,2171.4736328125
30512,0.707106351852417,0.0,-7776.03076171875,2171.4736328125
30520,0.707106351852417,0.0,-7821.89013671875,2171.4736328125
30528,0.707106351852417,0.0,-7867.75048828125,2172.66748046875
30537,5.96046660916727e-08,0.0,-7923.93603515625,2172.66748046875
30545,-3.5762795391747204e-07,0.0,-7988.791015625,2172.66748046875
30555,-0.7071067094802856,0.0,-8036.9189453125,2172.66748046875
30565,-1.0000003576278687,0.0,-8046.06005859375,2172.66748046875
30574,-1.0000003576278687,0.0,-8046.06005859375,2172.66748046875
30583,-1.0000003576278687,0.0,-8046.06005859375,2172.66748046875
30600,-3.5762795391747204e-07,0.0,-8069.72509765625,2172.66748046875
30613,-3.5762795391747204e-07,0.0,-8134.580078125,2172.66748046875
30624,-3.5762795391747204e-07,0.0,-8199.4375,2172.66748046875
30642,-3.5762795391747204e-07,0.0,-8262.3818359375,2172.66748046875
30652,0.9999997615814209,0.0,-8306.404296875,2172.66748046875
30659,1.0000003576278687,0.0,-8306.423828125,2172.66748046875
30667,1.0000003576278687,0.0,-8306.423828125,2172.66748046875
30675,1.0000003576278687,0.0,-8306.423828125,2172.66748046875
30683,1.0000003576278687,0.0,-8306.423828125,2172.66748046875
30692,1.0000003576278687,0.0,-8306.423828125,2173.6484375
30701,1.0000003576278687,0.0,-8306.423828125,2173.6484375
30711,1.0000003576278687,0.0,-8306.423828125,2173.6484375
30721,1.0000003576278687,0.0,-8306.423828125,2173.6484375
30729,1.0000003576278687,0.0,-8306.423828125,2173.6484375
30740,1.7881397695873602e-07,0.0,-8282.8251953125,2173.72900390625
30748,1.7881397695873602e-07,0.0,-8282.58203125,2173.72900390625
30756,-0.707106351852417,0.0,-8282.0556640625,2173.72900390625
30765,-0.707106351852417,0.0,-8283.541015625,2173.72900390625
30776,-0.9999997615814209,0.0,-8283.802734375,2173.72900390625
30791,-0.9999997615814209,0.0,-8283.802734375,2173.72900390625
30799,-0.707106351852417,0.0,-8251.0439453125,2172.74609375
30809,-0.707106351852417,0.0,-8205.18359375,2172.74609375
30818,-0.707106351852417,0.0,-8159.3251953125,2172.74609375
30827,-0.707106351852417,0.0,-8113.46435546875,2172.74609375
30836,-0.707106351852417,0.0,-8067.60009765625,2172.74609375
30845,-0.707106351852417,0.0,-8021.73828125,2172.74609375
30854,1.7881397695873602e-07,0.0,-7958.6484375,2172.74609375
30863,1.7881397695873602e-07,0.0,-7893.79345703125,2172.74609375
30871,1.7881397695873602e-07,0.0,-7828.93359375,2172.74609375
30878,1.7881397695873602e-07,0.0,-7764.0791015625,2171.550537109375
30885,1.7881397695873602e-07,0.0,-7699.22412109375,2171.550537109375
30892,1.7881397695873602e-07,0.0,-7634.365234375,2171.550537109375
30899,1.7881397695873602e-07,0.0,-7569.51025390625,2171.550537109375
30906,-0.707106351852417,0.0,-7517.93017578125,2171.550537109375
30917,-0.707106351852417,0.0,-7472.0693359375,2171.550537109375
30923,-0.707106351852417,0.0,-7426.2060546875,2171.550537109375
30928,-0.707106351852417,0.0,-7380.34521484375,2171.550537109375
30960,-0.707106351852417,0.0,-7334.48095703125,2171.550537109375
30968,-0.707106351852417,0.0,-7288.62060546875,2171.550537109375
30973,-0.707106351852417,0.0,-7237.98095703125,2171.550537109375
30980,3.5762795391747204e-07,0.0,-7186.9765625,2171.550537109375
30987,1.7881397695873602e-07,0.0,-7122.12158203125,2171.550537109375
30992,1.7881397695873602e-07,0.0,-7057.2666015625,2171.550537109375
30995,-0.707106351852417,0.0,-7000.5068359375,2171.550537109375
30998,-0.707106351852417,0.0,-6954.64599609375,2171.550537109375
31001,1.7881397695873602e-07,0.0,-6889.82958984375,2171.550537109375
31004,1.7881397695873602e-07,0.0,-6824.970703125,2171.550537109375
31007,1.7881397695873602e-07,0.0,-6760.11669921875,2171.550537109375
31010,-1.7881397695873602e-07,0.0,-6742.42578125,2171.550537109375
31012,-1.7881397695873602e-07,0.0,-6807.28466796875,2171.550537109375
31014,-1.0000003576278687,0.0,-6831.193359375,2171.550537109375
31016,-1.0000003576278687,0.0,-6831.193359375,2171.550537109375
31019,-1.0000003576278687,0.0,-6831.193359375,2171.550537109375
31023,-1.0000003576278687,0.0,-6831.193359375,2171.550537109375
31027,-1.0000003576278687,0.0,-6831.193359375,2171.550537109375
31032,-0.7071068286895752,0.0,-6855.61328125,2183.406982421875
31038,-1.0000003576278687,0.0,-6893.92333984375,2183.406982421875
31044,-1.0000003576278687,0.0,-6893.94287109375,2198.4453125
31050,-1.0000003576278687,0.0,-6893.94287109375,2188.552978515625
31056,-1.0000003576278687,0.0,-6893.94287109375,2188.552978515625
31064,-0.7071068286895752,0.0,-6897.603515625,2183.257080078125
31072,-0.7071067094802856,0.0,-6943.37841796875,2183.257080078125
31187,0.9999997615814209,0.0,-6972.56396484375,2182.491455078125
31194,0.9999997615814209,0.0,-6972.56396484375,2182.491455078125
31198,0.9999997615814209,0.0,-6972.56396484375,2182.491455078125
31203,0.9999997615814209,0.0,-6974.78125,2182.491455078125
31207,0.9999997615814209,0.0,-6975.35595703125,2186.54638671875
31304,-3.5762795391747204e-07,0.0,-6960.283203125,2194.17041015625
31411,-0.9999997615814209,0.0,-6960.283203125,2182.491455078125
31418,-0.9999997615814209,0.0,-6960.283203125,2182.491455078125
31422,-0.9999997615814209,0.0,-6960.283203125,2182.491455078125
31426,-0.9999997615814209,0.0,-6960.283203125,2182.491455078125
31427,-1.0000003576278687,0.0,-6960.283203125,2182.491455078125
31446,-1.0000003576278687,0.0,-6960.28369140625,2182.491455078125
31449,0.7071065902709961,0.0,-6914.42431640625,2182.491455078125
31452,0.9999997615814209,0.0,-6896.9482421875,2182.491455078125
31455,0.7071070075035095,0.0,-6917.2001953125,2182.491455078125
31459,0.707106351852417,0.0,-6963.056640625,2182.491455078125
31462,0.707106351852417,0.0,-7008.91650390625,2182.491455078125
31465,0.707106351852417,0.0,-7054.7763671875,2182.491455078125
31468,0.707106351852417,0.0,-7100.6328125,2182.491455078125
31473,1.0000003576278687,0.0,-7109.7744140625,2182.491455078125
31477,0.7071068286895752,0.0,-7102.01611328125,2182.491455078125
31482,0.7071065902709961,0.0,-7056.17138671875,2182.491455078125
31487,0.7071065902709961,0.0,-7010.3095703125,2182.491455078125
31492,0.7071065902709961,0.0,-6964.44775390625,2182.491455078125
31497,0.7071065902709961,0.0,-6918.5869140625,2182.491455078125
31507,-5.96046660916727e-08,0.0,-6865.85595703125,2182.491455078125
31512,1.7881397695873602e-07,0.0,-6800.99853515625,2191.2451171875
31517,1.7881397695873602e-07,0.0,-6738.00390625,2193.37353515625
31522,1.0000003576278687,0.0,-6684.7392578125,2183.507568359375
31528,0.9999997615814209,0.0,-6684.6142578125,2183.507568359375
31533,0.9999997615814209,0.0,-6684.6142578125,2183.507568359375
31538,0.9999997615814209,0.0,-6684.6142578125,2183.507568359375
31544,0.7071070075035095,0.0,-6717.37109375,2183.507568359375
31550,0.7071070075035095,0.0,-6763.23291015625,2183.507568359375
31556,-3.5762795391747204e-07,0.0,-6815.9638671875,2183.507568359375
31560,-3.5762795391747204e-07,0.0,-6880.81884765625,2183.507568359375
31566,-3.5762795391747204e-07,0.0,-6945.673828125,2183.507568359375
31574,-3.5762795391747204e-07,0.0,-7010.57861328125,2183.507568359375
31579,-0.7071067094802856,0.0,-7056.9765625,2183.507568359375
31586,-1.0000003576278687,0.0,-7078.6220703125,2185.410400390625
31594,-1.0000003576278687,0.0,-7078.6220703125,2194.115234375
31599,-1.0000003576278687,0.0,-7078.6220703125,2182.491455078125
31607,-0.7071068286895752,0.0,-7082.28662109375,2182.491455078125
31612,-3.5762795391747204e-07,0.0,-7147.08984375,2182.491455078125
31626,-1.7881397695873602e-07,0.0,-7207.4697265625,2182.491455078125
31633,-1.7881397695873602e-07,0.0,-7272.32421875,2182.491455078125
31638,1.0000003576278687,0.0,-7298.0869140625,2182.491455078125
31643,1.0000003576278687,0.0,-7298.0869140625,2192.182861328125
31647,0.7071069478988647,0.0,-7277.83447265625,2193.95361328125
31651,0.7071068286895752,0.0,-7231.97314453125,2183.333740234375
31660,0.7071068286895752,0.0,-7186.11181640625,2183.333740234375
31664,3.5762795391747204e-07,0.0,-7136.83642578125,2183.333740234375
31668,1.7881397695873602e-07,0.0,-7071.9814453125,2183.333740234375
31672,1.7881397695873602e-07,0.0,-7007.12646484375,2183.333740234375
31676,1.7881397695873602e-07,0.0,-6942.267578125,2183.333740234375
31680,1.7881397695873602e-07,0.0,-6877.41259765625,2183.333740234375
31684,1.7881397695873602e-07,0.0,-6812.5576171875,2183.333740234375
31688,1.7881397695873602e-07,0.0,-6747.70263671875,2183.333740234375
31692,1.7881397695873602e-07,0.0,-6682.84375,2183.333740234375
31697,1.7881397695873602e-07,0.0,-6617.9873046875,2183.333740234375
31703,1.7881397695873602e-07,0.0,-6553.13232421875,2183.333740234375
31708,1.7881397695873602e-07,0.0,-6488.2734375,2183.333740234375
31718,1.7881397695873602e-07,0.0,-6423.4140625,2183.333740234375
31727,-0.707106351852417,0.0,-6373.56298828125,2183.333740234375
31736,-1.0000003576278687,0.0,-6364.42529296875,2183.333740234375
31751,-1.0000003576278687,0.0,-6364.42529296875,2183.333740234375
31752,-0.9999997615814209,0.0,-6364.42529296875,2183.333740234375
31759,3.5762795391747204e-07,0.0,-6346.7333984375,2183.333740234375
31765,1.7881397695873602e-07,0.0,-6281.69677734375,2183.333740234375
31766,4.203895392974451e-45,0.0,-6264.005859375,2183.333740234375
31820,-3.5762795391747204e-07,0.0,-6311.173828125,2183.333740234375
31993,3.5762795391747204e-07,0.0,-6946.5517578125,2183.6474609375
31999,1.7881397695873602e-07,0.0,-6881.69677734375,2183.6474609375
32005,1.7881397695873602e-07,0.0,-6816.837890625,2183.6474609375
32016,1.7881397695873602e-07,0.0,-6764.29248046875,2193.372802734375
32101,0.8201157450675964,0.0,-6756.5205078125,2193.372802734375
32211,-1.0000003576278687,0.0,-6756.5205078125,2193.372802734375
32213,1.7881397695873602e-07,0.0,-6726.24365234375,2192.392822265625
32216,1.7881397695873602e-07,0.0,-6661.3876953125,2183.257080078125
32223,1.7881397695873602e-07,0.0,-6596.53271484375,2183.257080078125
32226,0.7071069478988647,0.0,-6546.6787109375,2183.257080078125
32228,1.0000003576278687,0.0,-6524.43017578125,2183.257080078125
32230,0.9999997615814209,0.0,-6524.43017578125,2183.257080078125
32234,0.7071067094802856,0.0,-6536.3486328125,2183.257080078125
32237,-1.7881397695873602e-07,0.0,-6587.3486328125,2183.257080078125
32242,-3.5762795391747204e-07,0.0,-6652.20361328125,2183.257080078125
32245,-3.5762795391747204e-07,0.0,-6717.05859375,2183.257080078125
32249,-3.5762795391747204e-07,0.0,-6781.91748046875,2183.257080078125
32253,-3.5762795391747204e-07,0.0,-6846.7724609375,2183.257080078125
32260,-3.5762795391747204e-07,0.0,-6911.62744140625,2183.257080078125
32264,-0.7071068286895752,0.0,-6963.20751953125,2183.257080078125
32267,-0.7071068286895752,0.0,-7009.0712890625,2183.257080078125
32270,-1.7881397695873602e-07,0.0,-7020.88818359375,2193.91015625
32275,-5.96046660916727e-08,0.0,-6956.0322265625,2193.91015625
32278,1.7881397695873602e-07,0.0,-6891.17724609375,2193.91015625
32281,1.7881397695873602e-07,0.0,-6826.318359375,2193.91015625
32284,1.7881397695873602e-07,0.0,-6761.46337890625,2193.91015625
32287,1.7881397695873602e-07,0.0,-6696.6083984375,2183.257080078125
32326,1.0000003576278687,0.0,-6242.86376953125,2183.255126953125
32329,0.9999997615814209,0.0,-6242.86376953125,2183.255126953125
32332,0.707106351852417,0.0,-6271.4541015625,2183.255126953125
32335,0.707106351852417,0.0,-6317.3125,2183.255126953125
32338,1.0000003576278687,0.0,-6330.62109375,2183.255126953125
32384,1.0000003576278687,0.0,-6330.62109375,2183.255126953125
32389,0.7071067094802856,0.0,-6334.28564453125,2183.255126953125
32393,0.707106351852417,0.0,-6380.056640625,2183.255126953125
32397,0.707106351852417,0.0,-6425.9208984375,2183.255126953125
32401,0.707106351852417,0.0,-6471.78173828125,2183.255126953125
32406,0.707106351852417,0.0,-6517.6435546875,2183.255126953125
32411,0.707106351852417,0.0,-6563.50732421875,2183.255126953125
32416,0.707106351852417,0.0,-6609.3681640625,2183.255126953125
32421,-1.7881397695873602e-07,0.0,-6674.1845703125,2183.255126953125
32425,-1.0000003576278687,0.0,-6713.34228515625,2183.255126953125
32429,-1.0000003576278687,0.0,-6713.341796875,2183.255126953125
32433,-1.0000003576278687,0.0,-6713.341796875,2183.255126953125
32437,-0.707106351852417,0.0,-6676.41455078125,2183.255126953125
32444,-0.707106351852417,0.0,-6630.5537109375,2183.255126953125
32448,-1.0000003576278687,0.0,-6621.41552734375,2183.255126953125
32451,-1.0000003576278687,0.0,-6621.41552734375,2183.255126953125
32454,-0.7071067094802856,0.0,-6666.68408203125,2183.255126953125
32457,1.7881397695873602e-07,0.0,-6646.888671875,2183.255126953125
32461,1.7881397695873602e-07,0.0,-6582.03369140625,2183.255126953125
32466,1.7881397695873602e-07,0.0,-6517.17431640625,2183.255126953125
32471,1.7881397695873602e-07,0.0,-6452.3193359375,2183.255126953125
32476,1.7881397695873602e-07,0.0,-6387.46435546875,2183.255126953125
32481,1.7881397695873602e-07,0.0,-6322.60546875,2183.255126953125
32486,1.7881397695873602e-07,0.0,-6257.75048828125,2183.255126953125
32492,1.7881397695873602e-07,0.0,-6192.8955078125,2191.6630859375
32498,1.7881397695873602e-07,0.0,-6128.04052734375,2191.6630859375
32503,1.7881397695873602e-07,0.0,-6063.181640625,2188.96630859375
32509,1.7881397695873602e-07,0.0,-5998.32666015625,2183.255126953125
32518,-0.707106351852417,0.0,-5951.9248046875,2183.255126953125
32522,-0.707106351852417,0.0,-5906.06201171875,2183.255126953125
32526,-0.707106351852417,0.0,-5860.1982421875,2193.302978515625
32531,-0.707106351852417,0.0,-5814.33740234375,2193.302978515625
32535,1.7881397695873602e-07,0.0,-5749.52099609375,2182.491455078125
32539,1.7881397695873602e-07,0.0,-5684.66259765625,2182.491455078125
32543,1.7881397695873602e-07,0.0,-5619.8076171875,2182.491455078125
32547,1.7881397695873602e-07,0.0,-5554.95263671875,2182.491455078125
32550,1.7881397695873602e-07,0.0,-5490.09375,2182.491455078125
32553,1.7881397695873602e-07,0.0,-5425.22998046875,2182.491455078125
32556,0.7071069478988647,0.0,-5370.19677734375,2182.491455078125
32559,0.7071069478988647,0.0,-5324.33349609375,2182.491455078125
32562,0.7071069478988647,0.0,-5278.47216796875,2182.491455078125
32565,0.7071069478988647,0.0,-5232.607421875,2182.491455078125
32568,0.7071069478988647,0.0,-5186.744140625,2182.491455078125
32574,1.0000003576278687,0.0,-5152.5927734375,2182.491455078125
32575,1.0000003576278687,0.0,-5152.587890625,2182.491455078125
32582,-1.7881397695873602e-07,0.0,-5170.27880859375,2182.491455078125
32585,-3.5762795391747204e-07,0.0,-5235.1337890625,2182.491455078125
32588,-3.5762795391747204e-07,0.0,-5299.98876953125,2182.491455078125
32591,-7.152559078349441e-07,0.0,-5323.57275390625,2182.491455078125
32595,6.556512630595535e-07,0.0,-5282.15283203125,2182.491455078125
32598,-5.96046660916727e-08,0.0,-5217.2978515625,2182.491455078125
32600,1.7881397695873602e-07,0.0,-5152.44287109375,2182.491455078125
32604,1.7881397695873602e-07,0.0,-5087.583984375,2182.491455078125
32606,-0.707106351852417,0.0,-5039.46044921875,2182.491455078125
32608,-0.707106351852417,0.0,-4993.59375,2182.491455078125
32610,-0.707106351852417,0.0,-4947.73291015625,2182.491455078125
32612,1.7881397695873602e-07,0.0,-4891.54931640625,2182.491455078125
32614,1.7881397695873602e-07,0.0,-4826.6943359375,2193.34521484375
32615,1.7881397695873602e-07,0.0,-4761.83935546875,2192.13427734375
32616,1.7881397695873602e-07,0.0,-4696.98046875,2183.255126953125
32617,1.7881397695873602e-07,0.0,-4632.12548828125,2183.255126953125
32621,0.7071068286895752,0.0,-4578.76025390625,2183.255126953125
32623,1.7881397695873602e-07,0.0,-4546.20068359375,2183.255126953125
32632,1.7881397695873602e-07,0.0,-4524.7841796875,2183.255126953125
32638,-0.7071067094802856,0.0,-4527.81201171875,2183.255126953125
32643,-0.707106351852417,0.0,-4529.88525390625,2183.255126953125
32653,1.7881397695873602e-07,0.0,-4524.71826171875,2183.255126953125
32659,0.9999997615814209,0.0,-4534.60205078125,2183.255126953125
32662,1.0000003576278687,0.0,-4547.482421875,2183.255126953125
32666,1.0000003576278687,0.0,-4564.43701171875,2183.255126953125
32668,1.0000003576278687,0.0,-4588.65673828125,2183.255126953125
32672,1.0000003576278687,0.0,-4588.66357421875,2183.255126953125
32675,1.0000003576278687,0.0,-4588.66357421875,2183.255126953125
32679,1.0000003576278687,0.0,-4591.67236328125,2183.255126953125
32680,1.0000003576278687,0.0,-4596.220703125,2183.255126953125
32682,1.0000003576278687,0.0,-4600.77294921875,2183.255126953125
32684,1.0000003576278687,0.0,-4605.3212890625,2183.255126953125
32686,1.0000003576278687,0.0,-4609.86962890625,2183.255126953125
32689,1.0000003576278687,0.0,-4614.41796875,2183.255126953125
32692,1.0000003576278687,0.0,-4619.29150390625,2183.255126953125
32697,0.707106351852417,0.0,-4668.25390625,2183.255126953125
32704,0.707106351852417,0.0,-4717.5283203125,2183.255126953125
32707,0.707106351852417,0.0,-4766.37890625,2183.255126953125
32713,0.707106351852417,0.0,-4812.2529296875,2183.255126953125
32716,1.0000003576278687,0.0,-4817.2236328125,2186.28857421875
32719,1.0000003576278687,0.0,-4817.2236328125,2186.75439453125
32722,1.0000003576278687,0.0,-4817.2236328125,2198.538330078125
32725,1.0000003576278687,0.0,-4817.2236328125,2193.899169921875
32728,0.707106351852417,0.0,-4829.13671875,2193.899169921875
32731,0.707106351852417,0.0,-4874.99609375,2174.872314453125
32733,0.707106351852417,0.0,-4920.85791015625,2171.4736328125
32734,-3.5762795391747204e-07,0.0,-4968.40869140625,2171.4736328125
32736,-3.5762795391747204e-07,0.0,-5033.2646484375,2171.4736328125
32738,-0.7071067094802856,0.0,-5083.1162109375,2171.4736328125
32740,-1.0000003576278687,0.0,-5083.91650390625,2188.0146484375
32757,3.5762795391747204e-07,0.0,-5660.3291015625,2194.346435546875
32761,1.7881397695873602e-07,0.0,-5595.47412109375,2191.186279296875
32765,1.7881397695873602e-07,0.0,-5530.615234375,2191.186279296875
32811,-1.0000003576278687,0.0,-5517.57275390625,2191.186279296875
32812,-1.0000003576278687,0.0,-5517.57275390625,2198.400390625
32815,-1.0000003576278687,0.0,-5517.57275390625,2186.546630859375
32818,-1.0000003576278687,0.0,-5517.57275390625,2184.853515625
32821,1.7881397695873602e-07,0.0,-5472.04931640625,2183.255126953125
32824,1.7881397695873602e-07,0.0,-5407.12060546875,2183.255126953125
32829,1.7881397695873602e-07,0.0,-5342.26171875,2183.255126953125
32832,0.7071069478988647,0.0,-5278.681640625,2183.255126953125
32835,1.0000003576278687,0.0,-5273.6240234375,2186.33349609375
32838,1.0000003576278687,0.0,-5273.6240234375,2198.466064453125
32842,1.0000003576278687,0.0,-5273.6240234375,2195.493896484375
32846,1.0000003576278687,0.0,-5273.6240234375,2191.186279296875
32849,1.0000003576278687,0.0,-5273.6240234375,2182.4208984375
32852,1.0000003576278687,0.0,-5273.6240234375,2171.4736328125
32856,1.0000003576278687,0.0,-5273.6240234375,2171.4736328125
32859,0.7071067094802856,0.0,-5289.70556640625,2171.4736328125
32862,0.7071070075035095,0.0,-5335.580078125,2171.4736328125
32865,0.7071070075035095,0.0,-5381.44140625,2171.4736328125
32868,1.0000003576278687,0.0,-5390.5830078125,2171.4736328125
32871,1.0000003576278687,0.0,-5390.5830078125,2171.4736328125
32876,1.0000003576278687,0.0,-5390.5830078125,2171.4736328125
32878,1.0000003576278687,0.0,-5390.5830078125,2171.4736328125
32880,1.0000003576278687,0.0,-5390.5830078125,2171.4736328125
32882,0.7071068286895752,0.0,-5345.314453125,2171.4736328125
32884,1.7881397695873602e-07,0.0,-5309.0986328125,2171.4736328125
32886,1.7881397695873602e-07,0.0,-5246.0009765625,2171.4736328125
32889,1.7881397695873602e-07,0.0,-5181.14599609375,2171.4736328125
32891,1.7881397695873602e-07,0.0,-5116.28759765625,2171.4736328125
32893,-0.707106351852417,0.0,-5057.80126953125,2171.4736328125
32895,-0.707106351852417,0.0,-5011.93798828125,2171.4736328125
32897,-0.707106351852417,0.0,-4966.07470703125,2171.4736328125
32900,-0.707106351852417,0.0,-4920.2138671875,2171.4736328125
32901,5.326319296727888e-07,0.0,-4878.9814453125,2171.4736328125
32902,1.0000003576278687,0.0,-4878.9814453125,2171.4736328125
32903,1.0000003576278687,0.0,-4878.9814453125,2171.4736328125
32904,1.0000003576278687,0.0,-4878.9814453125,2171.4736328125
32905,1.0000003576278687,0.0,-4878.9814453125,2171.4736328125
32906,5.96046660916727e-08,0.0,-4943.83642578125,2171.4736328125
32948,-1.7881397695873602e-07,0.0,-5502.5654296875,2171.473876953125
33013,-0.7071068286895752,0.0,-5561.052734375,2171.473876953125
33016,-0.7071068286895752,0.0,-5606.916015625,2171.473876953125
33018,-0.7071068286895752,0.0,-5652.78076171875,2171.473876953125
33020,-0.7071068286895752,0.0,-5698.64208984375,2171.473876953125
33023,-0.7071068286895752,0.0,-5744.50244140625,2171.879150390625
33025,-1.0000003576278687,0.0,-5774.48779296875,2171.4736328125
33027,-0.9999997615814209,0.0,-5774.4873046875,2171.4736328125
33031,1.0000003576278687,0.0,-5774.4873046875,2171.4736328125
33035,1.0000003576278687,0.0,-5774.4873046875,2171.88134765625
33039,1.0000003576278687,0.0,-5774.4873046875,2171.88134765625
33042,1.0000003576278687,0.0,-5774.4873046875,2171.88134765625
33046,1.0000003576278687,0.0,-5774.4873046875,2171.88134765625
33052,1.0000003576278687,0.0,-5761.16162109375,2171.88134765625
33056,1.0000003576278687,0.0,-5741.66259765625,2171.88134765625
33132,1.0000003576278687,0.0,-5722.884765625,2171.4736328125
33181,1.7881397695873602e-07,0.0,-5676.404296875,2171.4736328125
33182,1.7881397695873602e-07,0.0,-5611.54931640625,2171.4736328125
33183,-3.5762795391747204e-07,0.0,-5617.4462890625,2171.4736328125
33184,-0.7071065902709961,0.0,-5669.02783203125,2171.4736328125
33185,-0.7071068286895752,0.0,-5714.88916015625,2171.4736328125
33186,-0.7071068286895752,0.0,-5760.7509765625,2171.873779296875
33187,-0.7071068286895752,0.0,-5806.61181640625,2171.873779296875
33188,-1.0000003576278687,0.0,-5824.08984375,2171.873779296875
33189,-0.7071067094802856,0.0,-5816.33544921875,2171.4736328125
33190,1.7881397695873602e-07,0.0,-5760.16455078125,2171.4736328125
33191,1.7881397695873602e-07,0.0,-5695.3095703125,2171.4736328125
33192,0.9999997615814209,0.0,-5655.4375,2171.4736328125
33193,0.9999997615814209,0.0,-5655.4365234375,2171.4736328125
33195,0.9999997615814209,0.0,-5655.4365234375,2171.4736328125
33197,0.707106351852417,0.0,-5692.36474609375,2171.4736328125
33200,0.707106351852417,0.0,-5738.224609375,2171.803955078125
33202,0.707106351852417,0.0,-5780.17822265625,2171.88134765625
33204,1.0000003576278687,0.0,-5812.00048828125,2171.88134765625
33206,1.0000003576278687,0.0,-5792.68310546875,2171.88134765625
33208,1.0000003576278687,0.0,-5773.18408203125,2171.88134765625
33210,1.0000003576278687,0.0,-5753.68896484375,2171.88134765625
33212,1.0000003576278687,0.0,-5734.18994140625,2171.8115234375
33214,1.0000003576278687,0.0,-5714.69482421875,2171.4736328125
33216,1.0000003576278687,0.0,-5695.19580078125,2171.4736328125
33220,1.0000003576278687,0.0,-5675.70068359375,2171.4736328125
33223,1.0000003576278687,0.0,-5647.73583984375,2185.29150390625
33228,0.7071065902709961,0.0,-5605.2509765625,2185.883544921875
33230,0.7071065902709961,0.0,-5559.39208984375,2185.883544921875
33232,0.7071065902709961,0.0,-5531.5986328125,2197.613525390625
33234,0.7071065902709961,0.0,-5533.20654296875,2197.79736328125
33236,0.7071065902709961,0.0,-5539.978515625,2198.54296875
33238,0.7071065902709961,0.0,-5533.361328125,2198.4541015625
33240,1.7881397695873602e-07,0.0,-5521.5205078125,2189.5068359375
33242,1.7881397695873602e-07,0.0,-5509.84814453125,2186.381591796875
33244,1.7881397695873602e-07,0.0,-5498.17578125,2186.377685546875
33246,-0.707106351852417,0.0,-5508.9931640625,2186.381591796875
33248,1.7881397695873602e-07,0.0,-5501.86181640625,2186.381591796875
33250,1.7881397695873602e-07,0.0,-5490.189453125,2183.255126953125
33252,0.7071068286895752,0.0,-5470.6748046875,2183.255126953125
33254,0.7071065902709961,0.0,-5463.19580078125,2183.255126953125
33256,0.7071067094802856,0.0,-5458.51220703125,2183.255126953125
33261,0.7071067094802856,0.0,-5453.82861328125,2183.255126953125
33263,0.7071067094802856,0.0,-5449.14501953125,2183.255126953125
33265,0.7071067094802856,0.0,-5444.46142578125,2183.255126953125
33267,0.7071067094802856,0.0,-5439.77783203125,2183.255126953125
33271,0.7071067094802856,0.0,-5431.3388671875,2183.255126953125
33273,0.7071067094802856,0.0,-5386.3779296875,2183.255126953125
33275,0.7071067094802856,0.0,-5340.51708984375,2183.255126953125
33277,1.7881397695873602e-07,0.0,-5283.8056640625,2186.482177734375
33279,1.7881397695873602e-07,0.0,-5231.59716796875,2191.91015625
33280,-0.707106351852417,0.0,-5194.640625,2193.13037109375
33281,-0.707106351852417,0.0,-5158.5068359375,2191.835205078125
33282,3.5762795391747204e-07,0.0,-5103.27880859375,2179.495361328125
33283,-0.09919068962335587,0.0,-5079.69482421875,2179.49658203125
33285,-1.7881397695873602e-07,0.0,-5120.7783203125,2179.43896484375
33287,-1.7881397695873602e-07,0.0,-5184.8955078125,2193.128173828125
33289,-7.152559078349441e-07,0.0,-5220.26953125,2193.128173828125
33293,-1.0000003576278687,0.0,-5224.890625,2192.973876953125
33295,-0.707106351852417,0.0,-5210.001953125,2193.111572265625
33297,-0.707106351852417,0.0,-5184.45361328125,2193.139892578125
33299,-0.707106351852417,0.0,-5136.67529296875,2180.8232421875
33301,-0.707106351852417,0.0,-5082.43505859375,2179.633056640625
33303,-0.707106351852417,0.0,-5028.1943359375,2172.603515625
33305,1.7881397695873602e-07,0.0,-4967.1767578125,2171.950927734375
33307,1.7881397695873602e-07,0.0,-4902.32177734375,2171.950927734375
33309,1.7881397695873602e-07,0.0,-4837.462890625,2171.950927734375
33311,1.7881397695873602e-07,0.0,-4772.60791015625,2171.950927734375
33313,1.7881397695873602e-07,0.0,-4707.75341796875,2171.950927734375
33315,1.7881397695873602e-07,0.0,-4642.89453125,2171.950927734375
33317,1.7881397695873602e-07,0.0,-4578.03955078125,2171.4736328125
33320,1.7881397695873602e-07,0.0,-4559.72021484375,2171.4736328125
33321,1.7881397695873602e-07,0.0,-4548.1220703125,2171.4736328125
33328,1.7881397695873602e-07,0.0,-4528.3466796875,2171.4736328125
33329,4.203895392974451e-45,0.0,-4528.3466796875,2171.4736328125
33335,-1.7881397695873602e-07,0.0,-4546.03369140625,2171.4736328125
33337,-3.5762795391747204e-07,0.0,-4610.888671875,2171.881103515625
33339,-1.7881397695873602e-07,0.0,-4675.74755859375,2171.881103515625
33354,-9.536746574667632e-07,0.0,-4959.01708984375,2171.94921875
33356,1.0000003576278687,0.0,-4920.7119140625,2171.94921875
33358,1.0000003576278687,0.0,-4920.6923828125,2171.94921875
33360,1.0000003576278687,0.0,-4920.6923828125,2171.94921875
33362,1.0000003576278687,0.0,-4920.6923828125,2171.94921875
33364,1.0000003576278687,0.0,-4920.6923828125,2171.94921875
33366,1.0000003576278687,0.0,-4920.6923828125,2171.94921875
33368,1.0000003576278687,0.0,-4920.6923828125,2171.94921875
33370,1.0000003576278687,0.0,-4920.6923828125,2171.94921875
33373,1.0000003576278687,0.0,-4920.6923828125,2171.94921875
33375,1.0000003576278687,0.0,-4920.6923828125,2171.4736328125
33377,1.0000003576278687,0.0,-4920.6923828125,2171.4736328125
33379,0.707106351852417,0.0,-4965.9599609375,2171.4736328125
33382,1.0000003576278687,0.0,-4975.10107421875,2171.4736328125
33385,1.0000003576278687,0.0,-4975.10107421875,2171.4736328125
33387,1.0000003576278687,0.0,-4975.10107421875,2171.4736328125
33389,1.0000003576278687,0.0,-4975.10107421875,2171.4736328125
33391,3.5762795391747204e-07,0.0,-4925.40966796875,2171.4736328125
33393,1.7881397695873602e-07,0.0,-4860.55078125,2171.4736328125
33395,1.7881397695873602e-07,0.0,-4795.69580078125,2171.4736328125
33397,1.7893111703415343e-07,0.0,-4748.52783203125,2171.4736328125
33400,-1.7881397695873602e-07,0.0,-4766.21484375,2171.4736328125
33402,-3.5762795391747204e-07,0.0,-4831.17626953125,2171.4736328125
33403,-0.8098132014274597,0.0,-4842.97021484375,2171.4736328125
33406,1.0000003576278687,0.0,-4842.97021484375,2171.4736328125
33407,1.0000003576278687,0.0,-4842.97021484375,2171.4736328125
33409,1.0000003576278687,0.0,-4842.97021484375,2171.4736328125
33410,0.7071069478988647,0.0,-4806.0390625,2171.4736328125
33411,0.7071069478988647,0.0,-4760.17822265625,2171.4736328125
33413,0.7071069478988647,0.0,-4714.314453125,2171.4736328125
33414,1.0000003576278687,0.0,-4705.17724609375,2171.4736328125
33415,1.0000003576278687,0.0,-4705.17724609375,2171.4736328125
33416,1.0000003576278687,0.0,-4705.17724609375,2171.4736328125
33417,1.7881397695873602e-07,0.0,-4667.978515625,2171.4736328125
33419,1.7881397695873602e-07,0.0,-4603.12353515625,2171.4736328125
33421,3.5786223406830686e-07,0.0,-4550.05859375,2171.4736328125
33431,0.9999997615814209,0.0,-4550.05859375,2171.4736328125
33434,1.0000003576278687,0.0,-4550.05859375,2171.4736328125
33437,1.0000003576278687,0.0,-4550.05859375,2171.4736328125
33440,1.0000003576278687,0.0,-4550.05859375,2171.4736328125
33442,1.0000003576278687,0.0,-4550.05859375,2171.4736328125
33444,1.0000003576278687,0.0,-4550.05859375,2171.4736328125
33448,-3.5762795391747204e-07,0.0,-4573.642578125,2171.4736328125
33450,-3.5762795391747204e-07,0.0,-4638.50146484375,2171.4736328125
33451,-7.152559078349441e-07,0.0,-4650.42919921875,2171.4736328125
33456,0.9999997615814209,0.0,-4650.42919921875,2171.4736328125
33458,1.0000003576278687,0.0,-4650.42919921875,2171.4736328125
33460,1.0000003576278687,0.0,-4650.42919921875,2171.4736328125
33462,1.0000003576278687,0.0,-4650.42919921875,2190.65576171875
33464,0.7071068286895752,0.0,-4638.51171875,2197.430419921875
33465,0.7071068286895752,0.0,-4590.4462890625,2197.430419921875
33466,-5.96046660916727e-08,0.0,-4542.07861328125,2197.430419921875
33467,1.7881397695873602e-07,0.0,-4513.9951171875,2197.4287109375
33468,1.7881397695873602e-07,0.0,-4485.89990234375,2191.40087890625
33469,1.7881397695873602e-07,0.0,-4457.80078125,2171.4736328125
33470,4.203895392974451e-45,0.0,-4442.4775390625,2171.4736328125
33471,-0.2709900140762329,0.0,-4454.267578125,2171.4736328125
33472,0.9999997615814209,0.0,-4455.62451171875,2171.4736328125
33473,-3.5762795391747204e-07,0.0,-4501.53125,2182.609375
33474,5.96046660916727e-08,0.0,-4566.39013671875,2182.609375
33475,-3.5762795391747204e-07,0.0,-4631.2451171875,2182.609375
33476,-7.152559078349441e-07,0.0,-4637.14208984375,2182.609375
33477,1.0000003576278687,0.0,-4637.14208984375,2197.402587890625
33478,0.7071069478988647,0.0,-4628.462890625,2197.430419921875
33479,0.7071069478988647,0.0,-4578.6201171875,2197.430419921875
33480,1.0000003576278687,0.0,-4545.875,2197.430419921875
33481,1.0000003576278687,0.0,-4545.8759765625,2197.430419921875
33482,1.0000003576278687,0.0,-4545.8759765625,2197.430419921875
33483,1.0000003576278687,0.0,-4545.8759765625,2197.430419921875
33484,0.707106351852417,0.0,-4577.20751953125,2197.430419921875
33485,0.7071069478988647,0.0,-4587.6796875,2197.430419921875
33486,0.7071068286895752,0.0,-4559.85791015625,2197.430419921875
33487,1.0000003576278687,0.0,-4554.3076171875,2197.430419921875
33488,0.7071068286895752,0.0,-4545.705078125,2197.430419921875
33489,-5.96046660916727e-08,0.0,-4530.82861328125,2197.4287109375
33494,4.203895392974451e-45,0.0,-4528.2734375,2197.4287109375
33495,0.9999997615814209,0.0,-4540.6923828125,2197.4287109375
33496,0.9721482992172241,0.0,-4543.751953125,2197.430419921875
33513,-0.9721439480781555,0.0,-4557.5703125,2196.973388671875
33514,-0.9721482992172241,0.0,-4572.7724609375,2171.4736328125
33515,-0.972148060798645,0.0,-4587.970703125,2171.4736328125
33517,-0.972148060798645,0.0,-4597.6455078125,2171.4736328125
33519,-0.972148060798645,0.0,-4603.1728515625,2171.4736328125
33520,-0.972148060798645,0.0,-4618.37353515625,2171.4736328125
33522,-0.972148060798645,0.0,-4633.57568359375,2171.4736328125
33523,-0.972148060798645,0.0,-4640.48291015625,2171.4736328125
33524,0.29383838176727295,0.0,-4674.0732421875,2171.4736328125
33525,0.037850406020879745,0.0,-4696.70166015625,2171.4736328125
33526,0.2358161211013794,0.0,-4731.07666015625,2171.4736328125
33527,-0.9721036553382874,0.0,-4732.45947265625,2171.4736328125
33528,-0.9721323847770691,0.0,-4747.666015625,2171.4736328125
33529,-0.9721412062644958,0.0,-4762.869140625,2171.4736328125
33530,-0.9721451997756958,0.0,-4778.0869140625,2171.4736328125
33532,-0.9721451997756958,0.0,-4793.28515625,2171.4736328125
33533,-0.972144603729248,0.0,-4802.9599609375,2171.4736328125
33535,0.23437975347042084,0.0,-4825.8876953125,2171.4736328125
33536,0.1741849035024643,0.0,-4866.01025390625,2171.4736328125
33538,0.8848198056221008,0.0,-4879.49267578125,2171.4736328125
33539,0.9993379712104797,0.0,-4892.68603515625,2171.4736328125
33540,0.9998782873153687,0.0,-4892.80126953125,2171.4736328125
33541,0.4865454137325287,0.0,-4854.93212890625,2171.4736328125
33542,0.33466222882270813,0.0,-4833.28759765625,2171.4736328125
33543,-0.5300377011299133,0.0,-4794.33740234375,2171.4736328125
33544,-0.5847520232200623,0.0,-4789.51025390625,2171.4736328125
33545,0.33516472578048706,0.0,-4733.96728515625,2171.4736328125
33546,0.3348233103752136,0.0,-4672.85595703125,2171.4736328125
33547,0.3347257673740387,0.0,-4611.74072265625,2171.4736328125
33548,0.33469006419181824,0.0,-4550.6240234375,2171.4736328125
33549,0.3346732556819916,0.0,-4489.50732421875,2171.4736328125
33550,-0.42968136072158813,0.0,-4430.63134765625,2171.4736328125
33551,0.33467307686805725,0.0,-4371.642578125,2171.4736328125
33552,0.3346732556819916,0.0,-4310.484375,2171.4736328125
33554,0.3346732556819916,0.0,-4249.36767578125,2171.4736328125
33555,0.3346732556819916,0.0,-4188.2509765625,2171.4736328125
33556,-0.42968136072158813,0.0,-4127.75244140625,2171.4736328125
33557,-0.42968136072158813,0.0,-4069.188232421875,2171.4736328125
33558,-0.42968136072158813,0.0,-4010.6220703125,2171.4736328125
33561,0.3346732556819916,0.0,-3951.369140625,2171.4736328125
33562,0.3346732556819916,0.0,-3890.246337890625,2171.4736328125
33563,0.3346732556819916,0.0,-3829.129638671875,2171.4736328125
33564,0.3346732556819916,0.0,-3768.01171875,2171.4736328125
33565,-0.42968136072158813,0.0,-3709.140380859375,2171.4736328125
33566,0.33467310667037964,0.0,-3648.24609375,2171.4736328125
33567,0.33467310667037964,0.0,-3587.130615234375,2171.4736328125
33568,0.33467310667037964,0.0,-3526.01318359375,2171.4736328125
33569,-0.42968136072158813,0.0,-3466.212158203125,2171.4736328125
33570,-0.42968136072158813,0.0,-3407.64794921875,2171.4736328125
33571,-0.42968136072158813,0.0,-3349.082763671875,2171.4736328125
33572,0.3346732556819916,0.0,-3289.828857421875,2171.4736328125
33573,0.33467310667037964,0.0,-3228.705810546875,2171.4736328125
33574,0.334673136472702,0.0,-3212.036376953125,2171.4736328125
33590,0.33467310667037964,0.0,-3167.588623046875,2171.4736328125
33592,0.33467310667037964,0.0,-3106.472412109375,2171.4736328125
33594,0.33467310667037964,0.0,-3045.355224609375,2171.4736328125
33596,0.33467310667037964,0.0,-2984.239013671875,2171.4736328125
33598,0.33467310667037964,0.0,-2923.122802734375,2171.4736328125
33602,0.33467310667037964,0.0,-2862.005615234375,2171.4736328125
33603,0.33467310667037964,0.0,-2800.8876953125,2172.0341796875
33604,0.33467310667037964,0.0,-2739.7705078125,2172.0341796875
33607,0.9029806852340698,0.0,-2687.0166015625,2172.0341796875
33608,0.9029806852340698,0.0,-2659.146728515625,2172.0341796875
33609,0.9423342943191528,0.0,-2657.55126953125,2172.0341796875
33610,0.9423345923423767,0.0,-2659.5234375,2172.0341796875
33664,-0.3346729576587677,0.0,-2715.094970703125,2171.567138671875
33668,-0.3346729576587677,0.0,-2776.212646484375,2171.567138671875
33672,-0.3346729576587677,0.0,-2837.328125,2171.567138671875
33675,-0.3346729576587677,0.0,-2898.447021484375,2171.567138671875
33680,-0.3346729576587677,0.0,-2959.5625,2172.0341796875
33684,-0.3346729576587677,0.0,-3020.6796875,2172.0341796875
33688,-0.3346729576587677,0.0,-3081.798583984375,2172.0341796875
33691,-0.3346729576587677,0.0,-3142.91552734375,2172.0341796875
33694,-0.33467286825180054,0.0,-3187.36328125,2172.0341796875
33697,0.33467310667037964,0.0,-3170.69580078125,2172.0341796875
33699,0.3346731960773468,0.0,-3109.578125,2172.0341796875
33701,0.3346732556819916,0.0,-3048.4609375,2172.0341796875
33703,0.3346732556819916,0.0,-2987.3408203125,2172.0341796875
33705,0.3346732556819916,0.0,-2926.2236328125,2171.4736328125
33707,0.3346732556819916,0.0,-2865.108154296875,2171.4736328125
33709,0.3346732556819916,0.0,-2803.99072265625,2171.4736328125
33711,0.3346732556819916,0.0,-2742.873291015625,2171.4736328125
33712,0.334673136472702,0.0,-2720.648681640625,2171.4736328125
33713,-0.33467307686805725,0.0,-2759.541015625,2171.4736328125
33714,-0.8577248454093933,0.0,-2776.210693359375,2171.4736328125
33720,-0.8577248454093933,0.0,-2479.5185546875,2172.034423828125
33721,0.9423342347145081,0.0,-2495.30615234375,2172.034423828125
33722,0.9423342943191528,0.0,-2517.012939453125,2172.034423828125
33723,0.9423345923423767,0.0,-2534.77294921875,2172.034423828125
33751,0.9423345923423767,0.0,-2534.77294921875,2172.034423828125
33756,0.3346731662750244,0.0,-2523.66064453125,2172.034423828125
33759,0.33467310667037964,0.0,-2462.54345703125,2172.034423828125
33762,0.33467310667037964,0.0,-2412.1298828125,2172.0341796875
33765,0.33467310667037964,0.0,-2412.1298828125,2172.0341796875
33811,0.33467310667037964,0.0,-2412.1298828125,2172.0341796875
33822,-0.33467307686805725,0.0,-2445.467041015625,2172.0341796875
33823,-0.33467307686805725,0.0,-2506.584228515625,2172.0341796875
33825,-0.3346729576587677,0.0,-2567.701171875,2172.0341796875
33827,-0.3346729576587677,0.0,-2628.821533203125,2172.0341796875
33829,-0.3346729576587677,0.0,-2689.94287109375,2172.0341796875
33832,-0.33467286825180054,0.0,-2739.94775390625,2172.0341796875
33835,-0.3346729576587677,0.0,-2751.05859375,2172.0341796875
33837,-0.3346729576587677,0.0,-2812.1796875,2172.0341796875
33839,-0.3346729576587677,0.0,-2873.29736328125,2171.634033203125
33841,-0.33467286825180054,0.0,-2895.522216796875,2171.634033203125
33842,0.9029803276062012,0.0,-2871.03515625,2171.634033203125
33843,0.334673136472702,0.0,-2810.2236328125,2172.0341796875
33844,0.9029806852340698,0.0,-2775.606201171875,2172.0341796875
33845,0.9029806852340698,0.0,-2747.73486328125,2172.0341796875
33846,0.9029806852340698,0.0,-2719.866455078125,2172.0341796875
33847,0.9029806852340698,0.0,-2691.998046875,2172.0341796875
33849,0.9029806852340698,0.0,-2664.131591796875,2172.0341796875
33850,0.9029806852340698,0.0,-2636.26318359375,2172.0341796875
33851,0.9423342347145081,0.0,-2634.667724609375,2172.0341796875
33852,0.9423342943191528,0.0,-2656.372314453125,2172.0341796875
33853,0.9423342943191528,0.0,-2678.0791015625,2172.0341796875
33854,0.9029806852340698,0.0,-2678.008544921875,2172.0341796875
33855,0.9029803276062012,0.0,-2650.14013671875,2172.0341796875
33856,0.9029803276062012,0.0,-2622.27197265625,2172.0341796875
33859,0.9029803276062012,0.0,-2594.903564453125,2172.0341796875
33862,0.9423342347145081,0.0,-2584.3818359375,2172.0341796875
33863,0.9423342347145081,0.0,-2606.087890625,2172.0341796875
33864,0.9423342347145081,0.0,-2627.795166015625,2172.0341796875
33866,0.9423342347145081,0.0,-2649.502197265625,2171.651611328125
33868,0.9029806852340698,0.0,-2653.92138671875,2171.651611328125
33870,0.9029803276062012,0.0,-2626.046875,2171.651611328125
33872,0.9029803276062012,0.0,-2598.180419921875,2171.651611328125
33874,0.9423342347145081,0.0,-2578.575927734375,2180.96875
33876,0.9423342347145081,0.0,-2600.263427734375,2208.134521484375
33878,0.9423342347145081,0.0,-2621.96875,2235.295166015625
33880,0.9423342347145081,0.0,-2643.67626953125,2262.3232421875
33882,0.9423342347145081,0.0,-2665.383056640625,2286.998046875
33885,0.9423342347145081,0.0,-2687.08984375,2313.66796875
33887,0.9029807448387146,0.0,-2696.017333984375,2340.658935546875
33893,0.9029803276062012,0.0,-2668.147216796875,2366.688720703125
33895,0.9029803276062012,0.0,-2640.27880859375,2392.729248046875
33897,0.9029803276062012,0.0,-2612.409912109375,2414.797119140625
33899,0.9029803276062012,0.0,-2584.54150390625,2427.24072265625
33901,0.9029803276062012,0.0,-2563.29296875,2427.24072265625
33903,0.9029812216758728,0.0,-2563.29296875,2427.24072265625
33911,0.9029812216758728,0.0,-2563.29296875,2427.24072265625
33922,-0.334673136472702,0.0,-2568.85009765625,2427.24072265625
33926,-0.33467307686805725,0.0,-2629.967529296875,2427.24072265625
33928,-0.3346729576587677,0.0,-2691.08349609375,2419.664794921875
33931,-0.3346729576587677,0.0,-2752.200927734375,2415.11279296875
33934,-0.3346729576587677,0.0,-2813.31640625,2410.852294921875
33936,-0.9029803276062012,0.0,-2853.982177734375,2392.9130859375
33937,-0.9532658457756042,0.0,-2852.65869140625,2390.241943359375
33940,0.334673136472702,0.0,-2797.095947265625,2398.406982421875
33941,-0.48434653878211975,0.0,-2797.095947265625,2398.406982421875
33942,-0.42968136072158813,0.0,-2745.6123046875,2383.8486328125
33943,-0.42968136072158813,0.0,-2687.048095703125,2371.242431640625
33944,0.3346732556819916,0.0,-2625.933349609375,2378.54541015625
33945,0.9029807448387146,0.0,-2579.223388671875,2395.325927734375
33946,0.9029806852340698,0.0,-2563.430908203125,2415.028076171875
33947,0.9423342347145081,0.0,-2584.9384765625,2427.2392578125
33948,0.9423342347145081,0.0,-2609.566162109375,2427.24072265625
33949,0.9423342347145081,0.0,-2635.379638671875,2427.24072265625
33950,0.9423345923423767,0.0,-2644.766357421875,2427.24072265625
34002,0.9423345923423767,0.0,-2644.766357421875,2427.24072265625
34155,-0.9999997615814209,0.0,-8977.0029296875,3372.140869140625
34405,-1.0000003576278687,0.0,-8977.0029296875,3372.140869140625
34409,-1.0000003576278687,0.0,-8977.0029296875,3372.7392578125
34413,-1.0000003576278687,0.0,-8977.0029296875,3372.7392578125
34417,-1.0000003576278687,0.0,-8977.0029296875,3372.7392578125
34421,-1.0000003576278687,0.0,-8977.0029296875,3372.7392578125
34425,-1.0000003576278687,0.0,-8977.0029296875,3372.7392578125
34434,-1.0000003576278687,0.0,-8977.0029296875,3372.7392578125
34438,-1.0000003576278687,0.0,-8977.0029296875,3372.0791015625
34443,-1.0000003576278687,0.0,-8977.0029296875,3372.0791015625
34448,-1.0000003576278687,0.0,-8977.0029296875,3373.79443359375
34451,-1.0000003576278687,0.0,-8977.0029296875,3373.79443359375
34454,-1.0000003576278687,0.0,-8977.0029296875,3373.79443359375
34458,-1.0000003576278687,0.0,-8977.0029296875,3373.79443359375
34462,-1.0000003576278687,0.0,-8977.0029296875,3373.79443359375
34466,-1.0000003576278687,0.0,-8977.0029296875,3373.79443359375
34470,-1.0000003576278687,0.0,-8977.0029296875,3375.415771484375
34474,-1.0000003576278687,0.0,-8977.0029296875,3375.415771484375
34478,-1.0000003576278687,0.0,-8977.0029296875,3375.415771484375
34482,-1.0000003576278687,0.0,-8977.0029296875,3375.415771484375
34486,-1.0000003576278687,0.0,-8977.0029296875,3375.415771484375
34493,-1.0000003576278687,0.0,-8977.0029296875,3375.415771484375
34498,-1.0000003576278687,0.0,-8977.0029296875,3375.415771484375
34502,-1.0000003576278687,0.0,-8977.0029296875,3375.415771484375
34507,-1.0000003576278687,0.0,-8977.0029296875,3375.415771484375
34512,-1.0000003576278687,0.0,-8977.0029296875,3375.415771484375
34518,-1.0000003576278687,0.0,-8977.0029296875,3375.415771484375
34522,-1.0000003576278687,0.0,-8977.0029296875,3372.140625
34526,-1.0000003576278687,0.0,-8977.0029296875,3372.140625
34531,-1.0000003576278687,0.0,-8977.0029296875,3372.140625
34536,-1.0000003576278687,0.0,-8977.0029296875,3372.140625
34543,-1.0000003576278687,0.0,-8977.0029296875,3372.140625
34549,-1.0000003576278687,0.0,-8977.0029296875,3372.140625
34555,-1.0000003576278687,0.0,-8977.0029296875,3372.140625
34561,-1.0000003576278687,0.0,-8977.0029296875,3372.140625
34567,-1.0000003576278687,0.0,-8977.0029296875,3372.140625
34578,-1.0000003576278687,0.0,-8977.0029296875,3371.742431640625
34584,-1.0000003576278687,0.0,-8977.0029296875,3371.742431640625
34591,-1.0000003576278687,0.0,-8977.0029296875,3371.742431640625
34739,1.0000003576278687,0.0,-8956.7529296875,3363.180908203125
34745,0.9999997615814209,0.0,-8956.7529296875,3363.180908203125
34754,1.0000003576278687,0.0,-8956.7529296875,3363.180908203125
34848,0.9999997615814209,0.0,-8956.7529296875,3363.180908203125
34853,0.9999997615814209,0.0,-8956.7529296875,3381.067138671875
34858,1.0000003576278687,0.0,-8956.7529296875,3371.742431640625
34863,0.7071068286895752,0.0,-8919.8271484375,3371.742431640625
34955,-0.9725003242492676,0.0,-8884.78125,3371.742431640625
35007,-0.8443870544433594,0.0,-8563.345703125,3393.748046875
35011,-3.5762795391747204e-07,0.0,-8581.03125,3388.99169921875
35015,-3.5762795391747204e-07,0.0,-8645.107421875,3363.181396484375
35021,-3.5762795391747204e-07,0.0,-8709.96484375,3363.181396484375
35029,-3.5762795391747204e-07,0.0,-8774.943359375,3363.181396484375
35034,-0.7071068286895752,0.0,-8833.4296875,3363.181396484375
35038,-0.7071067094802856,0.0,-8879.44140625,3363.181396484375
35044,-0.7071067094802856,0.0,-8925.3017578125,3363.181396484375
35049,-0.7071067094802856,0.0,-8971.162109375,3363.181396484375
35055,-0.7071067094802856,0.0,-9014.458984375,3363.181396484375
35061,-3.5762795391747204e-07,0.0,-9075.8271484375,3363.181396484375
35067,0.7071070075035095,0.0,-9129.1728515625,3363.181396484375
35073,1.0000003576278687,0.0,-9138.3154296875,3363.181396484375
35079,1.0000003576278687,0.0,-9138.3154296875,3363.181396484375
35090,1.0000003576278687,0.0,-9138.3154296875,3363.181396484375
35097,0.7071069478988647,0.0,-9093.0498046875,3363.181396484375
35103,3.5762795391747204e-07,0.0,-9040.3173828125,3363.181396484375
35109,1.7881397695873602e-07,0.0,-8975.4599609375,3363.181396484375
35116,1.7881397695873602e-07,0.0,-8910.5947265625,3363.181396484375
35122,-0.8901463747024536,0.0,-8892.580078125,3363.181396484375
